[2025-03-15 03:32:10] [INFO] Starting bidirectional synchronization...
[2025-03-15 03:32:10] [INFO] Phase 1: Syncing from departments to master...
[2025-03-15 03:32:10] [INFO] Syncing from department to master: C:\Users\Chris\cFish.io\U1-Administration\memory.md
[2025-03-15 03:32:10] [INFO] Found 55 entries in C:\Users\Chris\cFish.io\U1-Administration\memory.md
[2025-03-15 03:32:10] [INFO] Found 69 entries in C:\Users\Chris\cFish.io\memory.md
[2025-03-15 03:32:10] [INFO] Added 0 entries to C:\Users\Chris\cFish.io\memory.md
[2025-03-15 03:32:10] [INFO] Syncing from department to master: C:\Users\Chris\cFish.io\U2-Research\memory.md
[2025-03-15 03:32:10] [INFO] Found 15 entries in C:\Users\Chris\cFish.io\U2-Research\memory.md
[2025-03-15 03:32:10] [INFO] Found 69 entries in C:\Users\Chris\cFish.io\memory.md
[2025-03-15 03:32:10] [INFO] Added 0 entries to C:\Users\Chris\cFish.io\memory.md
[2025-03-15 03:32:10] [INFO] Syncing from department to master: C:\Users\Chris\cFish.io\U3-Operations\memory.md
[2025-03-15 03:32:10] [INFO] Found 60 entries in C:\Users\Chris\cFish.io\U3-Operations\memory.md
[2025-03-15 03:32:10] [INFO] Found 69 entries in C:\Users\Chris\cFish.io\memory.md
[2025-03-15 03:32:10] [INFO] Added 0 entries to C:\Users\Chris\cFish.io\memory.md
[2025-03-15 03:32:10] [INFO] Syncing from department to master: C:\Users\Chris\cFish.io\U4-Production\memory.md
[2025-03-15 03:32:10] [INFO] Found 35 entries in C:\Users\Chris\cFish.io\U4-Production\memory.md
[2025-03-15 03:32:10] [INFO] Found 69 entries in C:\Users\Chris\cFish.io\memory.md
[2025-03-15 03:32:10] [INFO] Added 0 entries to C:\Users\Chris\cFish.io\memory.md
[2025-03-15 03:32:10] [INFO] Syncing from department to master: C:\Users\Chris\cFish.io\U5-Data\memory.md
[2025-03-15 03:32:10] [INFO] Found 40 entries in C:\Users\Chris\cFish.io\U5-Data\memory.md
[2025-03-15 03:32:10] [INFO] Found 69 entries in C:\Users\Chris\cFish.io\memory.md
[2025-03-15 03:32:10] [INFO] Added 0 entries to C:\Users\Chris\cFish.io\memory.md
[2025-03-15 03:32:10] [INFO] Syncing from department to master: C:\Users\Chris\cFish.io\U6-Marketing\memory.md
[2025-03-15 03:32:10] [INFO] Found 4 entries in C:\Users\Chris\cFish.io\U6-Marketing\memory.md
[2025-03-15 03:32:10] [INFO] Found 69 entries in C:\Users\Chris\cFish.io\memory.md
[2025-03-15 03:32:10] [INFO] Added 0 entries to C:\Users\Chris\cFish.io\memory.md
[2025-03-15 03:32:10] [INFO] Syncing from department to master: C:\Users\Chris\cFish.io\U7-Systems\memory.md
[2025-03-15 03:32:10] [INFO] Found 48 entries in C:\Users\Chris\cFish.io\U7-Systems\memory.md
[2025-03-15 03:32:10] [INFO] Found 69 entries in C:\Users\Chris\cFish.io\memory.md
[2025-03-15 03:32:10] [INFO] Added 0 entries to C:\Users\Chris\cFish.io\memory.md
[2025-03-15 03:32:10] [INFO] Phase 2: Syncing from master to departments...
[2025-03-15 03:32:10] [INFO] Syncing from master to department: C:\Users\Chris\cFish.io\U1-Administration\memory.md
[2025-03-15 03:32:10] [INFO] Found 69 entries in C:\Users\Chris\cFish.io\memory.md
[2025-03-15 03:32:10] [INFO] Added 0 entries to C:\Users\Chris\cFish.io\U1-Administration\memory.md
[2025-03-15 03:32:10] [INFO] Syncing from master to department: C:\Users\Chris\cFish.io\U2-Research\memory.md
[2025-03-15 03:32:10] [INFO] Found 69 entries in C:\Users\Chris\cFish.io\memory.md
[2025-03-15 03:32:10] [INFO] Added 0 entries to C:\Users\Chris\cFish.io\U2-Research\memory.md
[2025-03-15 03:32:10] [INFO] Syncing from master to department: C:\Users\Chris\cFish.io\U3-Operations\memory.md
[2025-03-15 03:32:10] [INFO] Found 69 entries in C:\Users\Chris\cFish.io\memory.md
[2025-03-15 03:32:10] [INFO] Added 0 entries to C:\Users\Chris\cFish.io\U3-Operations\memory.md
[2025-03-15 03:32:10] [INFO] Syncing from master to department: C:\Users\Chris\cFish.io\U4-Production\memory.md
[2025-03-15 03:32:10] [INFO] Found 69 entries in C:\Users\Chris\cFish.io\memory.md
[2025-03-15 03:32:10] [INFO] Added 0 entries to C:\Users\Chris\cFish.io\U4-Production\memory.md
[2025-03-15 03:32:10] [INFO] Syncing from master to department: C:\Users\Chris\cFish.io\U5-Data\memory.md
[2025-03-15 03:32:10] [INFO] Found 69 entries in C:\Users\Chris\cFish.io\memory.md
[2025-03-15 03:32:10] [INFO] Added 0 entries to C:\Users\Chris\cFish.io\U5-Data\memory.md
[2025-03-15 03:32:10] [INFO] Syncing from master to department: C:\Users\Chris\cFish.io\U6-Marketing\memory.md
[2025-03-15 03:32:10] [INFO] Found 69 entries in C:\Users\Chris\cFish.io\memory.md
[2025-03-15 03:32:11] [INFO] Added 0 entries to C:\Users\Chris\cFish.io\U6-Marketing\memory.md
[2025-03-15 03:32:11] [INFO] Syncing from master to department: C:\Users\Chris\cFish.io\U7-Systems\memory.md
[2025-03-15 03:32:11] [INFO] Found 69 entries in C:\Users\Chris\cFish.io\memory.md
[2025-03-15 03:32:11] [INFO] Added 0 entries to C:\Users\Chris\cFish.io\U7-Systems\memory.md
[2025-03-15 03:32:11] [INFO] Synchronization completed successfully.
[2025-03-15 03:33:37] [INFO] Starting bidirectional synchronization...
[2025-03-15 03:33:37] [INFO] Phase 1: Syncing from departments to master...
[2025-03-15 03:33:37] [INFO] Syncing from department to master: C:\Users\Chris\cFish.io\U1-Administration\memory.md
[2025-03-15 03:33:37] [INFO] Found 55 entries in C:\Users\Chris\cFish.io\U1-Administration\memory.md
[2025-03-15 03:33:37] [INFO] Found 69 entries in C:\Users\Chris\cFish.io\memory.md
[2025-03-15 03:33:37] [INFO] Added 0 entries to C:\Users\Chris\cFish.io\memory.md
[2025-03-15 03:33:37] [INFO] Syncing from department to master: C:\Users\Chris\cFish.io\U2-Research\memory.md
[2025-03-15 03:33:37] [INFO] Found 15 entries in C:\Users\Chris\cFish.io\U2-Research\memory.md
[2025-03-15 03:33:37] [INFO] Found 69 entries in C:\Users\Chris\cFish.io\memory.md
[2025-03-15 03:33:37] [INFO] Added 0 entries to C:\Users\Chris\cFish.io\memory.md
[2025-03-15 03:33:37] [INFO] Syncing from department to master: C:\Users\Chris\cFish.io\U3-Operations\memory.md
[2025-03-15 03:33:37] [INFO] Found 60 entries in C:\Users\Chris\cFish.io\U3-Operations\memory.md
[2025-03-15 03:33:37] [INFO] Found 69 entries in C:\Users\Chris\cFish.io\memory.md
[2025-03-15 03:33:37] [INFO] Added 0 entries to C:\Users\Chris\cFish.io\memory.md
[2025-03-15 03:33:37] [INFO] Syncing from department to master: C:\Users\Chris\cFish.io\U4-Production\memory.md
[2025-03-15 03:33:37] [INFO] Found 35 entries in C:\Users\Chris\cFish.io\U4-Production\memory.md
[2025-03-15 03:33:37] [INFO] Found 69 entries in C:\Users\Chris\cFish.io\memory.md
[2025-03-15 03:33:38] [INFO] Added 0 entries to C:\Users\Chris\cFish.io\memory.md
[2025-03-15 03:33:38] [INFO] Syncing from department to master: C:\Users\Chris\cFish.io\U5-Data\memory.md
[2025-03-15 03:33:38] [INFO] Found 40 entries in C:\Users\Chris\cFish.io\U5-Data\memory.md
[2025-03-15 03:33:38] [INFO] Found 69 entries in C:\Users\Chris\cFish.io\memory.md
[2025-03-15 03:33:38] [INFO] Added 0 entries to C:\Users\Chris\cFish.io\memory.md
[2025-03-15 03:33:38] [INFO] Syncing from department to master: C:\Users\Chris\cFish.io\U6-Marketing\memory.md
[2025-03-15 03:33:38] [INFO] Found 4 entries in C:\Users\Chris\cFish.io\U6-Marketing\memory.md
[2025-03-15 03:33:38] [INFO] Found 69 entries in C:\Users\Chris\cFish.io\memory.md
[2025-03-15 03:33:38] [INFO] Added 0 entries to C:\Users\Chris\cFish.io\memory.md
[2025-03-15 03:33:38] [INFO] Syncing from department to master: C:\Users\Chris\cFish.io\U7-Systems\memory.md
[2025-03-15 03:33:38] [INFO] Found 48 entries in C:\Users\Chris\cFish.io\U7-Systems\memory.md
[2025-03-15 03:33:38] [INFO] Found 69 entries in C:\Users\Chris\cFish.io\memory.md
[2025-03-15 03:33:38] [INFO] Added 0 entries to C:\Users\Chris\cFish.io\memory.md
[2025-03-15 03:33:38] [INFO] Phase 2: Syncing from master to departments...
[2025-03-15 03:33:38] [INFO] Syncing from master to department: C:\Users\Chris\cFish.io\U1-Administration\memory.md
[2025-03-15 03:33:38] [INFO] Found 69 entries in C:\Users\Chris\cFish.io\memory.md
[2025-03-15 03:33:38] [INFO] Added 0 entries to C:\Users\Chris\cFish.io\U1-Administration\memory.md
[2025-03-15 03:33:38] [INFO] Syncing from master to department: C:\Users\Chris\cFish.io\U2-Research\memory.md
[2025-03-15 03:33:38] [INFO] Found 69 entries in C:\Users\Chris\cFish.io\memory.md
[2025-03-15 03:33:38] [INFO] Added 0 entries to C:\Users\Chris\cFish.io\U2-Research\memory.md
[2025-03-15 03:33:38] [INFO] Syncing from master to department: C:\Users\Chris\cFish.io\U3-Operations\memory.md
[2025-03-15 03:33:38] [INFO] Found 69 entries in C:\Users\Chris\cFish.io\memory.md
[2025-03-15 03:33:38] [INFO] Added 0 entries to C:\Users\Chris\cFish.io\U3-Operations\memory.md
[2025-03-15 03:33:38] [INFO] Syncing from master to department: C:\Users\Chris\cFish.io\U4-Production\memory.md
[2025-03-15 03:33:38] [INFO] Found 69 entries in C:\Users\Chris\cFish.io\memory.md
[2025-03-15 03:33:38] [INFO] Added 0 entries to C:\Users\Chris\cFish.io\U4-Production\memory.md
[2025-03-15 03:33:38] [INFO] Syncing from master to department: C:\Users\Chris\cFish.io\U5-Data\memory.md
[2025-03-15 03:33:38] [INFO] Found 69 entries in C:\Users\Chris\cFish.io\memory.md
[2025-03-15 03:33:38] [INFO] Added 0 entries to C:\Users\Chris\cFish.io\U5-Data\memory.md
[2025-03-15 03:33:38] [INFO] Syncing from master to department: C:\Users\Chris\cFish.io\U6-Marketing\memory.md
[2025-03-15 03:33:38] [INFO] Found 69 entries in C:\Users\Chris\cFish.io\memory.md
[2025-03-15 03:33:38] [INFO] Added 0 entries to C:\Users\Chris\cFish.io\U6-Marketing\memory.md
[2025-03-15 03:33:38] [INFO] Syncing from master to department: C:\Users\Chris\cFish.io\U7-Systems\memory.md
[2025-03-15 03:33:38] [INFO] Found 69 entries in C:\Users\Chris\cFish.io\memory.md
[2025-03-15 03:33:38] [INFO] Added 0 entries to C:\Users\Chris\cFish.io\U7-Systems\memory.md
[2025-03-15 03:33:38] [INFO] Synchronization completed successfully.
[2025-03-15 03:33:38] [INFO] Starting bidirectional synchronization...
[2025-03-15 03:33:38] [INFO] Phase 1: Syncing from departments to master...
[2025-03-15 03:33:38] [INFO] Syncing from department to master: C:\Users\Chris\cFish.io\U1-Administration\memory.md
[2025-03-15 03:33:39] [INFO] Found 55 entries in C:\Users\Chris\cFish.io\U1-Administration\memory.md
[2025-03-15 03:33:39] [INFO] Found 69 entries in C:\Users\Chris\cFish.io\memory.md
[2025-03-15 03:33:39] [INFO] Added 0 entries to C:\Users\Chris\cFish.io\memory.md
[2025-03-15 03:33:39] [INFO] Syncing from department to master: C:\Users\Chris\cFish.io\U2-Research\memory.md
[2025-03-15 03:33:39] [INFO] Found 15 entries in C:\Users\Chris\cFish.io\U2-Research\memory.md
[2025-03-15 03:33:39] [INFO] Found 69 entries in C:\Users\Chris\cFish.io\memory.md
[2025-03-15 03:33:39] [INFO] Added 0 entries to C:\Users\Chris\cFish.io\memory.md
[2025-03-15 03:33:39] [INFO] Syncing from department to master: C:\Users\Chris\cFish.io\U3-Operations\memory.md
[2025-03-15 03:33:39] [INFO] Found 60 entries in C:\Users\Chris\cFish.io\U3-Operations\memory.md
[2025-03-15 03:33:39] [INFO] Found 69 entries in C:\Users\Chris\cFish.io\memory.md
[2025-03-15 03:33:39] [INFO] Added 0 entries to C:\Users\Chris\cFish.io\memory.md
[2025-03-15 03:33:39] [INFO] Syncing from department to master: C:\Users\Chris\cFish.io\U4-Production\memory.md
[2025-03-15 03:33:39] [INFO] Found 35 entries in C:\Users\Chris\cFish.io\U4-Production\memory.md
[2025-03-15 03:33:39] [INFO] Found 69 entries in C:\Users\Chris\cFish.io\memory.md
[2025-03-15 03:33:39] [INFO] Added 0 entries to C:\Users\Chris\cFish.io\memory.md
[2025-03-15 03:33:39] [INFO] Syncing from department to master: C:\Users\Chris\cFish.io\U5-Data\memory.md
[2025-03-15 03:33:39] [INFO] Found 40 entries in C:\Users\Chris\cFish.io\U5-Data\memory.md
[2025-03-15 03:33:39] [INFO] Found 69 entries in C:\Users\Chris\cFish.io\memory.md
[2025-03-15 03:33:39] [INFO] Added 0 entries to C:\Users\Chris\cFish.io\memory.md
[2025-03-15 03:33:39] [INFO] Syncing from department to master: C:\Users\Chris\cFish.io\U6-Marketing\memory.md
[2025-03-15 03:33:39] [INFO] Found 4 entries in C:\Users\Chris\cFish.io\U6-Marketing\memory.md
[2025-03-15 03:33:39] [INFO] Found 69 entries in C:\Users\Chris\cFish.io\memory.md
[2025-03-15 03:33:39] [INFO] Added 0 entries to C:\Users\Chris\cFish.io\memory.md
[2025-03-15 03:33:39] [INFO] Syncing from department to master: C:\Users\Chris\cFish.io\U7-Systems\memory.md
[2025-03-15 03:33:39] [INFO] Found 48 entries in C:\Users\Chris\cFish.io\U7-Systems\memory.md
[2025-03-15 03:33:39] [INFO] Found 69 entries in C:\Users\Chris\cFish.io\memory.md
[2025-03-15 03:33:39] [INFO] Added 0 entries to C:\Users\Chris\cFish.io\memory.md
[2025-03-15 03:33:39] [INFO] Phase 2: Syncing from master to departments...
[2025-03-15 03:33:39] [INFO] Syncing from master to department: C:\Users\Chris\cFish.io\U1-Administration\memory.md
[2025-03-15 03:33:39] [INFO] Found 69 entries in C:\Users\Chris\cFish.io\memory.md
[2025-03-15 03:33:39] [INFO] Added 0 entries to C:\Users\Chris\cFish.io\U1-Administration\memory.md
[2025-03-15 03:33:39] [INFO] Syncing from master to department: C:\Users\Chris\cFish.io\U2-Research\memory.md
[2025-03-15 03:33:39] [INFO] Found 69 entries in C:\Users\Chris\cFish.io\memory.md
[2025-03-15 03:33:39] [INFO] Added 0 entries to C:\Users\Chris\cFish.io\U2-Research\memory.md
[2025-03-15 03:33:39] [INFO] Syncing from master to department: C:\Users\Chris\cFish.io\U3-Operations\memory.md
[2025-03-15 03:33:39] [INFO] Found 69 entries in C:\Users\Chris\cFish.io\memory.md
[2025-03-15 03:33:39] [INFO] Added 0 entries to C:\Users\Chris\cFish.io\U3-Operations\memory.md
[2025-03-15 03:33:39] [INFO] Syncing from master to department: C:\Users\Chris\cFish.io\U4-Production\memory.md
[2025-03-15 03:33:39] [INFO] Found 69 entries in C:\Users\Chris\cFish.io\memory.md
[2025-03-15 03:33:39] [INFO] Added 0 entries to C:\Users\Chris\cFish.io\U4-Production\memory.md
[2025-03-15 03:33:39] [INFO] Syncing from master to department: C:\Users\Chris\cFish.io\U5-Data\memory.md
[2025-03-15 03:33:39] [INFO] Found 69 entries in C:\Users\Chris\cFish.io\memory.md
[2025-03-15 03:33:39] [INFO] Added 0 entries to C:\Users\Chris\cFish.io\U5-Data\memory.md
[2025-03-15 03:33:39] [INFO] Syncing from master to department: C:\Users\Chris\cFish.io\U6-Marketing\memory.md
[2025-03-15 03:33:39] [INFO] Found 69 entries in C:\Users\Chris\cFish.io\memory.md
[2025-03-15 03:33:39] [INFO] Added 0 entries to C:\Users\Chris\cFish.io\U6-Marketing\memory.md
[2025-03-15 03:33:39] [INFO] Syncing from master to department: C:\Users\Chris\cFish.io\U7-Systems\memory.md
[2025-03-15 03:33:39] [INFO] Found 69 entries in C:\Users\Chris\cFish.io\memory.md
[2025-03-15 03:33:39] [INFO] Added 0 entries to C:\Users\Chris\cFish.io\U7-Systems\memory.md
[2025-03-15 03:33:39] [INFO] Synchronization completed successfully.
[2025-03-15 03:47:15] [INFO] Starting bidirectional synchronization...
[2025-03-15 03:47:15] [INFO] Phase 1: Syncing from departments to master...
[2025-03-15 03:47:15] [INFO] Syncing from department to master: C:\Users\Chris\cFish.io\U1-Administration\memory.md
[2025-03-15 03:47:15] [INFO] Found 56 entries in C:\Users\Chris\cFish.io\U1-Administration\memory.md
[2025-03-15 03:47:15] [INFO] Found 70 entries in C:\Users\Chris\cFish.io\memory.md
[2025-03-15 03:47:15] [INFO] Added 0 entries to C:\Users\Chris\cFish.io\memory.md
[2025-03-15 03:47:15] [INFO] Syncing from department to master: C:\Users\Chris\cFish.io\U2-Research\memory.md
[2025-03-15 03:47:15] [INFO] Found 15 entries in C:\Users\Chris\cFish.io\U2-Research\memory.md
[2025-03-15 03:47:15] [INFO] Found 70 entries in C:\Users\Chris\cFish.io\memory.md
[2025-03-15 03:47:15] [INFO] Added 0 entries to C:\Users\Chris\cFish.io\memory.md
[2025-03-15 03:47:15] [INFO] Syncing from department to master: C:\Users\Chris\cFish.io\U3-Operations\memory.md
[2025-03-15 03:47:15] [INFO] Found 61 entries in C:\Users\Chris\cFish.io\U3-Operations\memory.md
[2025-03-15 03:47:15] [INFO] Found 70 entries in C:\Users\Chris\cFish.io\memory.md
[2025-03-15 03:47:15] [INFO] Added 0 entries to C:\Users\Chris\cFish.io\memory.md
[2025-03-15 03:47:15] [INFO] Syncing from department to master: C:\Users\Chris\cFish.io\U4-Production\memory.md
[2025-03-15 03:47:15] [INFO] Found 35 entries in C:\Users\Chris\cFish.io\U4-Production\memory.md
[2025-03-15 03:47:15] [INFO] Found 70 entries in C:\Users\Chris\cFish.io\memory.md
[2025-03-15 03:47:15] [INFO] Added 0 entries to C:\Users\Chris\cFish.io\memory.md
[2025-03-15 03:47:15] [INFO] Syncing from department to master: C:\Users\Chris\cFish.io\U5-Data\memory.md
[2025-03-15 03:47:15] [INFO] Found 41 entries in C:\Users\Chris\cFish.io\U5-Data\memory.md
[2025-03-15 03:47:16] [INFO] Found 70 entries in C:\Users\Chris\cFish.io\memory.md
[2025-03-15 03:47:16] [INFO] Added 0 entries to C:\Users\Chris\cFish.io\memory.md
[2025-03-15 03:47:16] [INFO] Syncing from department to master: C:\Users\Chris\cFish.io\U6-Marketing\memory.md
[2025-03-15 03:47:16] [INFO] Found 4 entries in C:\Users\Chris\cFish.io\U6-Marketing\memory.md
[2025-03-15 03:47:16] [INFO] Found 70 entries in C:\Users\Chris\cFish.io\memory.md
[2025-03-15 03:47:16] [INFO] Added 0 entries to C:\Users\Chris\cFish.io\memory.md
[2025-03-15 03:47:16] [INFO] Syncing from department to master: C:\Users\Chris\cFish.io\U7-Systems\memory.md
[2025-03-15 03:47:16] [INFO] Found 49 entries in C:\Users\Chris\cFish.io\U7-Systems\memory.md
[2025-03-15 03:47:16] [INFO] Found 70 entries in C:\Users\Chris\cFish.io\memory.md
[2025-03-15 03:47:16] [INFO] Added 0 entries to C:\Users\Chris\cFish.io\memory.md
[2025-03-15 03:47:16] [INFO] Phase 2: Syncing from master to departments...
[2025-03-15 03:47:16] [INFO] Syncing from master to department: C:\Users\Chris\cFish.io\U1-Administration\memory.md
[2025-03-15 03:47:16] [INFO] Found 70 entries in C:\Users\Chris\cFish.io\memory.md
[2025-03-15 03:47:16] [INFO] Added 0 entries to C:\Users\Chris\cFish.io\U1-Administration\memory.md
[2025-03-15 03:47:16] [INFO] Syncing from master to department: C:\Users\Chris\cFish.io\U2-Research\memory.md
[2025-03-15 03:47:16] [INFO] Found 70 entries in C:\Users\Chris\cFish.io\memory.md
[2025-03-15 03:47:16] [INFO] Added 0 entries to C:\Users\Chris\cFish.io\U2-Research\memory.md
[2025-03-15 03:47:16] [INFO] Syncing from master to department: C:\Users\Chris\cFish.io\U3-Operations\memory.md
[2025-03-15 03:47:16] [INFO] Found 70 entries in C:\Users\Chris\cFish.io\memory.md
[2025-03-15 03:47:16] [INFO] Added 0 entries to C:\Users\Chris\cFish.io\U3-Operations\memory.md
[2025-03-15 03:47:16] [INFO] Syncing from master to department: C:\Users\Chris\cFish.io\U4-Production\memory.md
[2025-03-15 03:47:16] [INFO] Found 70 entries in C:\Users\Chris\cFish.io\memory.md
[2025-03-15 03:47:16] [INFO] Added 0 entries to C:\Users\Chris\cFish.io\U4-Production\memory.md
[2025-03-15 03:47:16] [INFO] Syncing from master to department: C:\Users\Chris\cFish.io\U5-Data\memory.md
[2025-03-15 03:47:16] [INFO] Found 70 entries in C:\Users\Chris\cFish.io\memory.md
[2025-03-15 03:47:16] [INFO] Added 0 entries to C:\Users\Chris\cFish.io\U5-Data\memory.md
[2025-03-15 03:47:16] [INFO] Syncing from master to department: C:\Users\Chris\cFish.io\U6-Marketing\memory.md
[2025-03-15 03:47:16] [INFO] Found 70 entries in C:\Users\Chris\cFish.io\memory.md
[2025-03-15 03:47:16] [INFO] Added 0 entries to C:\Users\Chris\cFish.io\U6-Marketing\memory.md
[2025-03-15 03:47:16] [INFO] Syncing from master to department: C:\Users\Chris\cFish.io\U7-Systems\memory.md
[2025-03-15 03:47:16] [INFO] Found 70 entries in C:\Users\Chris\cFish.io\memory.md
[2025-03-15 03:47:16] [INFO] Added 0 entries to C:\Users\Chris\cFish.io\U7-Systems\memory.md
[2025-03-15 03:47:16] [INFO] Synchronization completed successfully.
[2025-03-15 03:47:22] [INFO] Starting bidirectional synchronization...
[2025-03-15 03:47:22] [INFO] Phase 1: Syncing from departments to master...
[2025-03-15 03:47:22] [INFO] Syncing from department to master: C:\Users\Chris\cFish.io\U1-Administration\memory.md
[2025-03-15 03:47:22] [INFO] Found 56 entries in C:\Users\Chris\cFish.io\U1-Administration\memory.md
[2025-03-15 03:47:22] [INFO] Found 70 entries in C:\Users\Chris\cFish.io\memory.md
[2025-03-15 03:47:22] [INFO] Added 0 entries to C:\Users\Chris\cFish.io\memory.md
[2025-03-15 03:47:22] [INFO] Syncing from department to master: C:\Users\Chris\cFish.io\U2-Research\memory.md
[2025-03-15 03:47:22] [INFO] Found 15 entries in C:\Users\Chris\cFish.io\U2-Research\memory.md
[2025-03-15 03:47:22] [INFO] Found 70 entries in C:\Users\Chris\cFish.io\memory.md
[2025-03-15 03:47:22] [INFO] Added 0 entries to C:\Users\Chris\cFish.io\memory.md
[2025-03-15 03:47:22] [INFO] Syncing from department to master: C:\Users\Chris\cFish.io\U3-Operations\memory.md
[2025-03-15 03:47:22] [INFO] Found 61 entries in C:\Users\Chris\cFish.io\U3-Operations\memory.md
[2025-03-15 03:47:22] [INFO] Found 70 entries in C:\Users\Chris\cFish.io\memory.md
[2025-03-15 03:47:22] [INFO] Added 0 entries to C:\Users\Chris\cFish.io\memory.md
[2025-03-15 03:47:22] [INFO] Syncing from department to master: C:\Users\Chris\cFish.io\U4-Production\memory.md
[2025-03-15 03:47:22] [INFO] Found 35 entries in C:\Users\Chris\cFish.io\U4-Production\memory.md
[2025-03-15 03:47:22] [INFO] Found 70 entries in C:\Users\Chris\cFish.io\memory.md
[2025-03-15 03:47:22] [INFO] Added 0 entries to C:\Users\Chris\cFish.io\memory.md
[2025-03-15 03:47:22] [INFO] Syncing from department to master: C:\Users\Chris\cFish.io\U5-Data\memory.md
[2025-03-15 03:47:22] [INFO] Found 41 entries in C:\Users\Chris\cFish.io\U5-Data\memory.md
[2025-03-15 03:47:22] [INFO] Found 70 entries in C:\Users\Chris\cFish.io\memory.md
[2025-03-15 03:47:22] [INFO] Added 0 entries to C:\Users\Chris\cFish.io\memory.md
[2025-03-15 03:47:22] [INFO] Syncing from department to master: C:\Users\Chris\cFish.io\U6-Marketing\memory.md
[2025-03-15 03:47:22] [INFO] Found 4 entries in C:\Users\Chris\cFish.io\U6-Marketing\memory.md
[2025-03-15 03:47:23] [INFO] Found 70 entries in C:\Users\Chris\cFish.io\memory.md
[2025-03-15 03:47:23] [INFO] Added 0 entries to C:\Users\Chris\cFish.io\memory.md
[2025-03-15 03:47:23] [INFO] Syncing from department to master: C:\Users\Chris\cFish.io\U7-Systems\memory.md
[2025-03-15 03:47:23] [INFO] Found 49 entries in C:\Users\Chris\cFish.io\U7-Systems\memory.md
[2025-03-15 03:47:23] [INFO] Found 70 entries in C:\Users\Chris\cFish.io\memory.md
[2025-03-15 03:47:23] [INFO] Added 0 entries to C:\Users\Chris\cFish.io\memory.md
[2025-03-15 03:47:23] [INFO] Phase 2: Syncing from master to departments...
[2025-03-15 03:47:23] [INFO] Syncing from master to department: C:\Users\Chris\cFish.io\U1-Administration\memory.md
[2025-03-15 03:47:23] [INFO] Found 70 entries in C:\Users\Chris\cFish.io\memory.md
[2025-03-15 03:47:23] [INFO] Added 0 entries to C:\Users\Chris\cFish.io\U1-Administration\memory.md
[2025-03-15 03:47:23] [INFO] Syncing from master to department: C:\Users\Chris\cFish.io\U2-Research\memory.md
[2025-03-15 03:47:23] [INFO] Found 70 entries in C:\Users\Chris\cFish.io\memory.md
[2025-03-15 03:47:23] [INFO] Added 0 entries to C:\Users\Chris\cFish.io\U2-Research\memory.md
[2025-03-15 03:47:23] [INFO] Syncing from master to department: C:\Users\Chris\cFish.io\U3-Operations\memory.md
[2025-03-15 03:47:23] [INFO] Found 70 entries in C:\Users\Chris\cFish.io\memory.md
[2025-03-15 03:47:23] [INFO] Added 0 entries to C:\Users\Chris\cFish.io\U3-Operations\memory.md
[2025-03-15 03:47:23] [INFO] Syncing from master to department: C:\Users\Chris\cFish.io\U4-Production\memory.md
[2025-03-15 03:47:23] [INFO] Found 70 entries in C:\Users\Chris\cFish.io\memory.md
[2025-03-15 03:47:23] [INFO] Added 0 entries to C:\Users\Chris\cFish.io\U4-Production\memory.md
[2025-03-15 03:47:23] [INFO] Syncing from master to department: C:\Users\Chris\cFish.io\U5-Data\memory.md
[2025-03-15 03:47:23] [INFO] Found 70 entries in C:\Users\Chris\cFish.io\memory.md
[2025-03-15 03:47:23] [INFO] Added 0 entries to C:\Users\Chris\cFish.io\U5-Data\memory.md
[2025-03-15 03:47:23] [INFO] Syncing from master to department: C:\Users\Chris\cFish.io\U6-Marketing\memory.md
[2025-03-15 03:47:23] [INFO] Found 70 entries in C:\Users\Chris\cFish.io\memory.md
[2025-03-15 03:47:23] [INFO] Added 0 entries to C:\Users\Chris\cFish.io\U6-Marketing\memory.md
[2025-03-15 03:47:23] [INFO] Syncing from master to department: C:\Users\Chris\cFish.io\U7-Systems\memory.md
[2025-03-15 03:47:23] [INFO] Found 70 entries in C:\Users\Chris\cFish.io\memory.md
[2025-03-15 03:47:23] [INFO] Added 0 entries to C:\Users\Chris\cFish.io\U7-Systems\memory.md
[2025-03-15 03:47:23] [INFO] Synchronization completed successfully.
[2025-03-15 03:47:23] [INFO] Starting bidirectional synchronization...
[2025-03-15 03:47:23] [INFO] Phase 1: Syncing from departments to master...
[2025-03-15 03:47:23] [INFO] Syncing from department to master: C:\Users\Chris\cFish.io\U1-Administration\memory.md
[2025-03-15 03:47:23] [INFO] Found 56 entries in C:\Users\Chris\cFish.io\U1-Administration\memory.md
[2025-03-15 03:47:23] [INFO] Found 70 entries in C:\Users\Chris\cFish.io\memory.md
[2025-03-15 03:47:23] [INFO] Added 0 entries to C:\Users\Chris\cFish.io\memory.md
[2025-03-15 03:47:23] [INFO] Syncing from department to master: C:\Users\Chris\cFish.io\U2-Research\memory.md
[2025-03-15 03:47:23] [INFO] Found 15 entries in C:\Users\Chris\cFish.io\U2-Research\memory.md
[2025-03-15 03:47:23] [INFO] Found 70 entries in C:\Users\Chris\cFish.io\memory.md
[2025-03-15 03:47:23] [INFO] Added 0 entries to C:\Users\Chris\cFish.io\memory.md
[2025-03-15 03:47:24] [INFO] Syncing from department to master: C:\Users\Chris\cFish.io\U3-Operations\memory.md
[2025-03-15 03:47:24] [INFO] Found 61 entries in C:\Users\Chris\cFish.io\U3-Operations\memory.md
[2025-03-15 03:47:24] [INFO] Found 70 entries in C:\Users\Chris\cFish.io\memory.md
[2025-03-15 03:47:24] [INFO] Added 0 entries to C:\Users\Chris\cFish.io\memory.md
[2025-03-15 03:47:24] [INFO] Syncing from department to master: C:\Users\Chris\cFish.io\U4-Production\memory.md
[2025-03-15 03:47:24] [INFO] Found 35 entries in C:\Users\Chris\cFish.io\U4-Production\memory.md
[2025-03-15 03:47:24] [INFO] Found 70 entries in C:\Users\Chris\cFish.io\memory.md
[2025-03-15 03:47:24] [INFO] Added 0 entries to C:\Users\Chris\cFish.io\memory.md
[2025-03-15 03:47:24] [INFO] Syncing from department to master: C:\Users\Chris\cFish.io\U5-Data\memory.md
[2025-03-15 03:47:24] [INFO] Found 41 entries in C:\Users\Chris\cFish.io\U5-Data\memory.md
[2025-03-15 03:47:24] [INFO] Found 70 entries in C:\Users\Chris\cFish.io\memory.md
[2025-03-15 03:47:24] [INFO] Added 0 entries to C:\Users\Chris\cFish.io\memory.md
[2025-03-15 03:47:24] [INFO] Syncing from department to master: C:\Users\Chris\cFish.io\U6-Marketing\memory.md
[2025-03-15 03:47:24] [INFO] Found 4 entries in C:\Users\Chris\cFish.io\U6-Marketing\memory.md
[2025-03-15 03:47:24] [INFO] Found 70 entries in C:\Users\Chris\cFish.io\memory.md
[2025-03-15 03:47:24] [INFO] Added 0 entries to C:\Users\Chris\cFish.io\memory.md
[2025-03-15 03:47:24] [INFO] Syncing from department to master: C:\Users\Chris\cFish.io\U7-Systems\memory.md
[2025-03-15 03:47:24] [INFO] Found 49 entries in C:\Users\Chris\cFish.io\U7-Systems\memory.md
[2025-03-15 03:47:24] [INFO] Found 70 entries in C:\Users\Chris\cFish.io\memory.md
[2025-03-15 03:47:24] [INFO] Added 0 entries to C:\Users\Chris\cFish.io\memory.md
[2025-03-15 03:47:24] [INFO] Phase 2: Syncing from master to departments...
[2025-03-15 03:47:24] [INFO] Syncing from master to department: C:\Users\Chris\cFish.io\U1-Administration\memory.md
[2025-03-15 03:47:24] [INFO] Found 70 entries in C:\Users\Chris\cFish.io\memory.md
[2025-03-15 03:47:24] [INFO] Added 0 entries to C:\Users\Chris\cFish.io\U1-Administration\memory.md
[2025-03-15 03:47:24] [INFO] Syncing from master to department: C:\Users\Chris\cFish.io\U2-Research\memory.md
[2025-03-15 03:47:24] [INFO] Found 70 entries in C:\Users\Chris\cFish.io\memory.md
[2025-03-15 03:47:24] [INFO] Added 0 entries to C:\Users\Chris\cFish.io\U2-Research\memory.md
[2025-03-15 03:47:24] [INFO] Syncing from master to department: C:\Users\Chris\cFish.io\U3-Operations\memory.md
[2025-03-15 03:47:24] [INFO] Found 70 entries in C:\Users\Chris\cFish.io\memory.md
[2025-03-15 03:47:24] [INFO] Added 0 entries to C:\Users\Chris\cFish.io\U3-Operations\memory.md
[2025-03-15 03:47:24] [INFO] Syncing from master to department: C:\Users\Chris\cFish.io\U4-Production\memory.md
[2025-03-15 03:47:24] [INFO] Found 70 entries in C:\Users\Chris\cFish.io\memory.md
[2025-03-15 03:47:24] [INFO] Added 0 entries to C:\Users\Chris\cFish.io\U4-Production\memory.md
[2025-03-15 03:47:24] [INFO] Syncing from master to department: C:\Users\Chris\cFish.io\U5-Data\memory.md
[2025-03-15 03:47:24] [INFO] Found 70 entries in C:\Users\Chris\cFish.io\memory.md
[2025-03-15 03:47:24] [INFO] Added 0 entries to C:\Users\Chris\cFish.io\U5-Data\memory.md
[2025-03-15 03:47:24] [INFO] Syncing from master to department: C:\Users\Chris\cFish.io\U6-Marketing\memory.md
[2025-03-15 03:47:24] [INFO] Found 70 entries in C:\Users\Chris\cFish.io\memory.md
[2025-03-15 03:47:24] [INFO] Added 0 entries to C:\Users\Chris\cFish.io\U6-Marketing\memory.md
[2025-03-15 03:47:24] [INFO] Syncing from master to department: C:\Users\Chris\cFish.io\U7-Systems\memory.md
[2025-03-15 03:47:24] [INFO] Found 70 entries in C:\Users\Chris\cFish.io\memory.md
[2025-03-15 03:47:24] [INFO] Added 0 entries to C:\Users\Chris\cFish.io\U7-Systems\memory.md
[2025-03-15 03:47:24] [INFO] Synchronization completed successfully.
[2025-03-15 03:57:04] [INFO] Starting bidirectional synchronization...
[2025-03-15 03:57:04] [INFO] Phase 1: Syncing from departments to master...
[2025-03-15 03:57:04] [INFO] Syncing from department to master: C:\Users\Chris\cFish.io\U1-Administration\memory.md
[2025-03-15 03:57:04] [INFO] Found 56 entries in C:\Users\Chris\cFish.io\U1-Administration\memory.md
[2025-03-15 03:57:04] [INFO] Found 71 entries in C:\Users\Chris\cFish.io\memory.md
[2025-03-15 03:57:04] [INFO] Added 0 entries to C:\Users\Chris\cFish.io\memory.md
[2025-03-15 03:57:04] [INFO] Syncing from department to master: C:\Users\Chris\cFish.io\U2-Research\memory.md
[2025-03-15 03:57:04] [INFO] Found 15 entries in C:\Users\Chris\cFish.io\U2-Research\memory.md
[2025-03-15 03:57:04] [INFO] Found 71 entries in C:\Users\Chris\cFish.io\memory.md
[2025-03-15 03:57:05] [INFO] Added 0 entries to C:\Users\Chris\cFish.io\memory.md
[2025-03-15 03:57:05] [INFO] Syncing from department to master: C:\Users\Chris\cFish.io\U3-Operations\memory.md
[2025-03-15 03:57:05] [INFO] Found 62 entries in C:\Users\Chris\cFish.io\U3-Operations\memory.md
[2025-03-15 03:57:05] [INFO] Found 71 entries in C:\Users\Chris\cFish.io\memory.md
[2025-03-15 03:57:05] [INFO] Added 0 entries to C:\Users\Chris\cFish.io\memory.md
[2025-03-15 03:57:05] [INFO] Syncing from department to master: C:\Users\Chris\cFish.io\U4-Production\memory.md
[2025-03-15 03:57:05] [INFO] Found 35 entries in C:\Users\Chris\cFish.io\U4-Production\memory.md
[2025-03-15 03:57:05] [INFO] Found 71 entries in C:\Users\Chris\cFish.io\memory.md
[2025-03-15 03:57:05] [INFO] Added 0 entries to C:\Users\Chris\cFish.io\memory.md
[2025-03-15 03:57:05] [INFO] Syncing from department to master: C:\Users\Chris\cFish.io\U5-Data\memory.md
[2025-03-15 03:57:05] [INFO] Found 42 entries in C:\Users\Chris\cFish.io\U5-Data\memory.md
[2025-03-15 03:57:05] [INFO] Found 71 entries in C:\Users\Chris\cFish.io\memory.md
[2025-03-15 03:57:05] [INFO] Added 0 entries to C:\Users\Chris\cFish.io\memory.md
[2025-03-15 03:57:05] [INFO] Syncing from department to master: C:\Users\Chris\cFish.io\U6-Marketing\memory.md
[2025-03-15 03:57:05] [INFO] Found 4 entries in C:\Users\Chris\cFish.io\U6-Marketing\memory.md
[2025-03-15 03:57:05] [INFO] Found 71 entries in C:\Users\Chris\cFish.io\memory.md
[2025-03-15 03:57:05] [INFO] Added 0 entries to C:\Users\Chris\cFish.io\memory.md
[2025-03-15 03:57:05] [INFO] Syncing from department to master: C:\Users\Chris\cFish.io\U7-Systems\memory.md
[2025-03-15 03:57:05] [INFO] Found 50 entries in C:\Users\Chris\cFish.io\U7-Systems\memory.md
[2025-03-15 03:57:05] [INFO] Found 71 entries in C:\Users\Chris\cFish.io\memory.md
[2025-03-15 03:57:05] [INFO] Added 0 entries to C:\Users\Chris\cFish.io\memory.md
[2025-03-15 03:57:05] [INFO] Phase 2: Syncing from master to departments...
[2025-03-15 03:57:05] [INFO] Syncing from master to department: C:\Users\Chris\cFish.io\U1-Administration\memory.md
[2025-03-15 03:57:05] [INFO] Found 71 entries in C:\Users\Chris\cFish.io\memory.md
[2025-03-15 03:57:05] [INFO] Added 0 entries to C:\Users\Chris\cFish.io\U1-Administration\memory.md
[2025-03-15 03:57:05] [INFO] Syncing from master to department: C:\Users\Chris\cFish.io\U2-Research\memory.md
[2025-03-15 03:57:05] [INFO] Found 71 entries in C:\Users\Chris\cFish.io\memory.md
[2025-03-15 03:57:05] [INFO] Added 0 entries to C:\Users\Chris\cFish.io\U2-Research\memory.md
[2025-03-15 03:57:05] [INFO] Syncing from master to department: C:\Users\Chris\cFish.io\U3-Operations\memory.md
[2025-03-15 03:57:05] [INFO] Found 71 entries in C:\Users\Chris\cFish.io\memory.md
[2025-03-15 03:57:05] [INFO] Added 0 entries to C:\Users\Chris\cFish.io\U3-Operations\memory.md
[2025-03-15 03:57:05] [INFO] Syncing from master to department: C:\Users\Chris\cFish.io\U4-Production\memory.md
[2025-03-15 03:57:05] [INFO] Found 71 entries in C:\Users\Chris\cFish.io\memory.md
[2025-03-15 03:57:05] [INFO] Added 0 entries to C:\Users\Chris\cFish.io\U4-Production\memory.md
[2025-03-15 03:57:05] [INFO] Syncing from master to department: C:\Users\Chris\cFish.io\U5-Data\memory.md
[2025-03-15 03:57:05] [INFO] Found 71 entries in C:\Users\Chris\cFish.io\memory.md
[2025-03-15 03:57:05] [INFO] Added 0 entries to C:\Users\Chris\cFish.io\U5-Data\memory.md
[2025-03-15 03:57:05] [INFO] Syncing from master to department: C:\Users\Chris\cFish.io\U6-Marketing\memory.md
[2025-03-15 03:57:05] [INFO] Found 71 entries in C:\Users\Chris\cFish.io\memory.md
[2025-03-15 03:57:05] [INFO] Added 0 entries to C:\Users\Chris\cFish.io\U6-Marketing\memory.md
[2025-03-15 03:57:05] [INFO] Syncing from master to department: C:\Users\Chris\cFish.io\U7-Systems\memory.md
[2025-03-15 03:57:05] [INFO] Found 71 entries in C:\Users\Chris\cFish.io\memory.md
[2025-03-15 03:57:05] [INFO] Added 0 entries to C:\Users\Chris\cFish.io\U7-Systems\memory.md
[2025-03-15 03:57:05] [INFO] Synchronization completed successfully.
[2025-03-15 03:57:11] [INFO] Starting bidirectional synchronization...
[2025-03-15 03:57:11] [INFO] Phase 1: Syncing from departments to master...
[2025-03-15 03:57:11] [INFO] Syncing from department to master: C:\Users\Chris\cFish.io\U1-Administration\memory.md
[2025-03-15 03:57:11] [INFO] Found 56 entries in C:\Users\Chris\cFish.io\U1-Administration\memory.md
[2025-03-15 03:57:11] [INFO] Found 71 entries in C:\Users\Chris\cFish.io\memory.md
[2025-03-15 03:57:11] [INFO] Added 0 entries to C:\Users\Chris\cFish.io\memory.md
[2025-03-15 03:57:11] [INFO] Syncing from department to master: C:\Users\Chris\cFish.io\U2-Research\memory.md
[2025-03-15 03:57:11] [INFO] Found 15 entries in C:\Users\Chris\cFish.io\U2-Research\memory.md
[2025-03-15 03:57:11] [INFO] Found 71 entries in C:\Users\Chris\cFish.io\memory.md
[2025-03-15 03:57:11] [INFO] Added 0 entries to C:\Users\Chris\cFish.io\memory.md
[2025-03-15 03:57:11] [INFO] Syncing from department to master: C:\Users\Chris\cFish.io\U3-Operations\memory.md
[2025-03-15 03:57:11] [INFO] Found 62 entries in C:\Users\Chris\cFish.io\U3-Operations\memory.md
[2025-03-15 03:57:11] [INFO] Found 71 entries in C:\Users\Chris\cFish.io\memory.md
[2025-03-15 03:57:11] [INFO] Added 0 entries to C:\Users\Chris\cFish.io\memory.md
[2025-03-15 03:57:11] [INFO] Syncing from department to master: C:\Users\Chris\cFish.io\U4-Production\memory.md
[2025-03-15 03:57:11] [INFO] Found 35 entries in C:\Users\Chris\cFish.io\U4-Production\memory.md
[2025-03-15 03:57:11] [INFO] Found 71 entries in C:\Users\Chris\cFish.io\memory.md
[2025-03-15 03:57:11] [INFO] Added 0 entries to C:\Users\Chris\cFish.io\memory.md
[2025-03-15 03:57:11] [INFO] Syncing from department to master: C:\Users\Chris\cFish.io\U5-Data\memory.md
[2025-03-15 03:57:11] [INFO] Found 42 entries in C:\Users\Chris\cFish.io\U5-Data\memory.md
[2025-03-15 03:57:11] [INFO] Found 71 entries in C:\Users\Chris\cFish.io\memory.md
[2025-03-15 03:57:11] [INFO] Added 0 entries to C:\Users\Chris\cFish.io\memory.md
[2025-03-15 03:57:11] [INFO] Syncing from department to master: C:\Users\Chris\cFish.io\U6-Marketing\memory.md
[2025-03-15 03:57:11] [INFO] Found 4 entries in C:\Users\Chris\cFish.io\U6-Marketing\memory.md
[2025-03-15 03:57:11] [INFO] Found 71 entries in C:\Users\Chris\cFish.io\memory.md
[2025-03-15 03:57:11] [INFO] Added 0 entries to C:\Users\Chris\cFish.io\memory.md
[2025-03-15 03:57:11] [INFO] Syncing from department to master: C:\Users\Chris\cFish.io\U7-Systems\memory.md
[2025-03-15 03:57:11] [INFO] Found 50 entries in C:\Users\Chris\cFish.io\U7-Systems\memory.md
[2025-03-15 03:57:11] [INFO] Found 71 entries in C:\Users\Chris\cFish.io\memory.md
[2025-03-15 03:57:11] [INFO] Added 0 entries to C:\Users\Chris\cFish.io\memory.md
[2025-03-15 03:57:11] [INFO] Phase 2: Syncing from master to departments...
[2025-03-15 03:57:11] [INFO] Syncing from master to department: C:\Users\Chris\cFish.io\U1-Administration\memory.md
[2025-03-15 03:57:11] [INFO] Found 71 entries in C:\Users\Chris\cFish.io\memory.md
[2025-03-15 03:57:11] [INFO] Added 0 entries to C:\Users\Chris\cFish.io\U1-Administration\memory.md
[2025-03-15 03:57:11] [INFO] Syncing from master to department: C:\Users\Chris\cFish.io\U2-Research\memory.md
[2025-03-15 03:57:11] [INFO] Found 71 entries in C:\Users\Chris\cFish.io\memory.md
[2025-03-15 03:57:11] [INFO] Added 0 entries to C:\Users\Chris\cFish.io\U2-Research\memory.md
[2025-03-15 03:57:11] [INFO] Syncing from master to department: C:\Users\Chris\cFish.io\U3-Operations\memory.md
[2025-03-15 03:57:11] [INFO] Found 71 entries in C:\Users\Chris\cFish.io\memory.md
[2025-03-15 03:57:12] [INFO] Added 0 entries to C:\Users\Chris\cFish.io\U3-Operations\memory.md
[2025-03-15 03:57:12] [INFO] Syncing from master to department: C:\Users\Chris\cFish.io\U4-Production\memory.md
[2025-03-15 03:57:12] [INFO] Found 71 entries in C:\Users\Chris\cFish.io\memory.md
[2025-03-15 03:57:12] [INFO] Added 0 entries to C:\Users\Chris\cFish.io\U4-Production\memory.md
[2025-03-15 03:57:12] [INFO] Syncing from master to department: C:\Users\Chris\cFish.io\U5-Data\memory.md
[2025-03-15 03:57:12] [INFO] Found 71 entries in C:\Users\Chris\cFish.io\memory.md
[2025-03-15 03:57:12] [INFO] Added 0 entries to C:\Users\Chris\cFish.io\U5-Data\memory.md
[2025-03-15 03:57:12] [INFO] Syncing from master to department: C:\Users\Chris\cFish.io\U6-Marketing\memory.md
[2025-03-15 03:57:12] [INFO] Found 71 entries in C:\Users\Chris\cFish.io\memory.md
[2025-03-15 03:57:12] [INFO] Added 0 entries to C:\Users\Chris\cFish.io\U6-Marketing\memory.md
[2025-03-15 03:57:12] [INFO] Syncing from master to department: C:\Users\Chris\cFish.io\U7-Systems\memory.md
[2025-03-15 03:57:12] [INFO] Found 71 entries in C:\Users\Chris\cFish.io\memory.md
[2025-03-15 03:57:12] [INFO] Added 0 entries to C:\Users\Chris\cFish.io\U7-Systems\memory.md
[2025-03-15 03:57:12] [INFO] Synchronization completed successfully.
[2025-03-15 03:57:12] [INFO] Starting bidirectional synchronization...
[2025-03-15 03:57:12] [INFO] Phase 1: Syncing from departments to master...
[2025-03-15 03:57:12] [INFO] Syncing from department to master: C:\Users\Chris\cFish.io\U1-Administration\memory.md
[2025-03-15 03:57:12] [INFO] Found 56 entries in C:\Users\Chris\cFish.io\U1-Administration\memory.md
[2025-03-15 03:57:12] [INFO] Found 71 entries in C:\Users\Chris\cFish.io\memory.md
[2025-03-15 03:57:12] [INFO] Added 0 entries to C:\Users\Chris\cFish.io\memory.md
[2025-03-15 03:57:12] [INFO] Syncing from department to master: C:\Users\Chris\cFish.io\U2-Research\memory.md
[2025-03-15 03:57:12] [INFO] Found 15 entries in C:\Users\Chris\cFish.io\U2-Research\memory.md
[2025-03-15 03:57:12] [INFO] Found 71 entries in C:\Users\Chris\cFish.io\memory.md
[2025-03-15 03:57:12] [INFO] Added 0 entries to C:\Users\Chris\cFish.io\memory.md
[2025-03-15 03:57:12] [INFO] Syncing from department to master: C:\Users\Chris\cFish.io\U3-Operations\memory.md
[2025-03-15 03:57:12] [INFO] Found 62 entries in C:\Users\Chris\cFish.io\U3-Operations\memory.md
[2025-03-15 03:57:12] [INFO] Found 71 entries in C:\Users\Chris\cFish.io\memory.md
[2025-03-15 03:57:12] [INFO] Added 0 entries to C:\Users\Chris\cFish.io\memory.md
[2025-03-15 03:57:12] [INFO] Syncing from department to master: C:\Users\Chris\cFish.io\U4-Production\memory.md
[2025-03-15 03:57:12] [INFO] Found 35 entries in C:\Users\Chris\cFish.io\U4-Production\memory.md
[2025-03-15 03:57:12] [INFO] Found 71 entries in C:\Users\Chris\cFish.io\memory.md
[2025-03-15 03:57:12] [INFO] Added 0 entries to C:\Users\Chris\cFish.io\memory.md
[2025-03-15 03:57:12] [INFO] Syncing from department to master: C:\Users\Chris\cFish.io\U5-Data\memory.md
[2025-03-15 03:57:12] [INFO] Found 42 entries in C:\Users\Chris\cFish.io\U5-Data\memory.md
[2025-03-15 03:57:12] [INFO] Found 71 entries in C:\Users\Chris\cFish.io\memory.md
[2025-03-15 03:57:12] [INFO] Added 0 entries to C:\Users\Chris\cFish.io\memory.md
[2025-03-15 03:57:12] [INFO] Syncing from department to master: C:\Users\Chris\cFish.io\U6-Marketing\memory.md
[2025-03-15 03:57:12] [INFO] Found 4 entries in C:\Users\Chris\cFish.io\U6-Marketing\memory.md
[2025-03-15 03:57:12] [INFO] Found 71 entries in C:\Users\Chris\cFish.io\memory.md
[2025-03-15 03:57:12] [INFO] Added 0 entries to C:\Users\Chris\cFish.io\memory.md
[2025-03-15 03:57:12] [INFO] Syncing from department to master: C:\Users\Chris\cFish.io\U7-Systems\memory.md
[2025-03-15 03:57:12] [INFO] Found 50 entries in C:\Users\Chris\cFish.io\U7-Systems\memory.md
[2025-03-15 03:57:12] [INFO] Found 71 entries in C:\Users\Chris\cFish.io\memory.md
[2025-03-15 03:57:12] [INFO] Added 0 entries to C:\Users\Chris\cFish.io\memory.md
[2025-03-15 03:57:12] [INFO] Phase 2: Syncing from master to departments...
[2025-03-15 03:57:12] [INFO] Syncing from master to department: C:\Users\Chris\cFish.io\U1-Administration\memory.md
[2025-03-15 03:57:12] [INFO] Found 71 entries in C:\Users\Chris\cFish.io\memory.md
[2025-03-15 03:57:13] [INFO] Added 0 entries to C:\Users\Chris\cFish.io\U1-Administration\memory.md
[2025-03-15 03:57:13] [INFO] Syncing from master to department: C:\Users\Chris\cFish.io\U2-Research\memory.md
[2025-03-15 03:57:13] [INFO] Found 71 entries in C:\Users\Chris\cFish.io\memory.md
[2025-03-15 03:57:13] [INFO] Added 0 entries to C:\Users\Chris\cFish.io\U2-Research\memory.md
[2025-03-15 03:57:13] [INFO] Syncing from master to department: C:\Users\Chris\cFish.io\U3-Operations\memory.md
[2025-03-15 03:57:13] [INFO] Found 71 entries in C:\Users\Chris\cFish.io\memory.md
[2025-03-15 03:57:13] [INFO] Added 0 entries to C:\Users\Chris\cFish.io\U3-Operations\memory.md
[2025-03-15 03:57:13] [INFO] Syncing from master to department: C:\Users\Chris\cFish.io\U4-Production\memory.md
[2025-03-15 03:57:13] [INFO] Found 71 entries in C:\Users\Chris\cFish.io\memory.md
[2025-03-15 03:57:13] [INFO] Added 0 entries to C:\Users\Chris\cFish.io\U4-Production\memory.md
[2025-03-15 03:57:13] [INFO] Syncing from master to department: C:\Users\Chris\cFish.io\U5-Data\memory.md
[2025-03-15 03:57:13] [INFO] Found 71 entries in C:\Users\Chris\cFish.io\memory.md
[2025-03-15 03:57:13] [INFO] Added 0 entries to C:\Users\Chris\cFish.io\U5-Data\memory.md
[2025-03-15 03:57:13] [INFO] Syncing from master to department: C:\Users\Chris\cFish.io\U6-Marketing\memory.md
[2025-03-15 03:57:13] [INFO] Found 71 entries in C:\Users\Chris\cFish.io\memory.md
[2025-03-15 03:57:13] [INFO] Added 0 entries to C:\Users\Chris\cFish.io\U6-Marketing\memory.md
[2025-03-15 03:57:13] [INFO] Syncing from master to department: C:\Users\Chris\cFish.io\U7-Systems\memory.md
[2025-03-15 03:57:13] [INFO] Found 71 entries in C:\Users\Chris\cFish.io\memory.md
[2025-03-15 03:57:13] [INFO] Added 0 entries to C:\Users\Chris\cFish.io\U7-Systems\memory.md
[2025-03-15 03:57:13] [INFO] Synchronization completed successfully.
[2025-03-15 04:08:21] [INFO] Starting bidirectional synchronization...
[2025-03-15 04:08:21] [INFO] Phase 1: Syncing from departments to master...
[2025-03-15 04:08:21] [INFO] Syncing from department to master: C:\Users\Chris\cFish.io\U1-Administration\memory.md
[2025-03-15 04:08:21] [INFO] Found 57 entries in C:\Users\Chris\cFish.io\U1-Administration\memory.md
[2025-03-15 04:08:21] [INFO] Found 72 entries in C:\Users\Chris\cFish.io\memory.md
[2025-03-15 04:08:21] [INFO] Added 0 entries to C:\Users\Chris\cFish.io\memory.md
[2025-03-15 04:08:21] [INFO] Syncing from department to master: C:\Users\Chris\cFish.io\U2-Research\memory.md
[2025-03-15 04:08:21] [INFO] Found 15 entries in C:\Users\Chris\cFish.io\U2-Research\memory.md
[2025-03-15 04:08:21] [INFO] Found 72 entries in C:\Users\Chris\cFish.io\memory.md
[2025-03-15 04:08:21] [INFO] Added 0 entries to C:\Users\Chris\cFish.io\memory.md
[2025-03-15 04:08:21] [INFO] Syncing from department to master: C:\Users\Chris\cFish.io\U3-Operations\memory.md
[2025-03-15 04:08:21] [INFO] Found 63 entries in C:\Users\Chris\cFish.io\U3-Operations\memory.md
[2025-03-15 04:08:21] [INFO] Found 72 entries in C:\Users\Chris\cFish.io\memory.md
[2025-03-15 04:08:21] [INFO] Added 0 entries to C:\Users\Chris\cFish.io\memory.md
[2025-03-15 04:08:21] [INFO] Syncing from department to master: C:\Users\Chris\cFish.io\U4-Production\memory.md
[2025-03-15 04:08:21] [INFO] Found 36 entries in C:\Users\Chris\cFish.io\U4-Production\memory.md
[2025-03-15 04:08:21] [INFO] Found 72 entries in C:\Users\Chris\cFish.io\memory.md
[2025-03-15 04:08:21] [INFO] Added 0 entries to C:\Users\Chris\cFish.io\memory.md
[2025-03-15 04:08:21] [INFO] Syncing from department to master: C:\Users\Chris\cFish.io\U5-Data\memory.md
[2025-03-15 04:08:21] [INFO] Found 43 entries in C:\Users\Chris\cFish.io\U5-Data\memory.md
[2025-03-15 04:08:21] [INFO] Found 72 entries in C:\Users\Chris\cFish.io\memory.md
[2025-03-15 04:08:21] [INFO] Added 0 entries to C:\Users\Chris\cFish.io\memory.md
[2025-03-15 04:08:22] [INFO] Syncing from department to master: C:\Users\Chris\cFish.io\U6-Marketing\memory.md
[2025-03-15 04:08:22] [INFO] Found 4 entries in C:\Users\Chris\cFish.io\U6-Marketing\memory.md
[2025-03-15 04:08:22] [INFO] Found 72 entries in C:\Users\Chris\cFish.io\memory.md
[2025-03-15 04:08:22] [INFO] Added 0 entries to C:\Users\Chris\cFish.io\memory.md
[2025-03-15 04:08:22] [INFO] Syncing from department to master: C:\Users\Chris\cFish.io\U7-Systems\memory.md
[2025-03-15 04:08:22] [INFO] Found 51 entries in C:\Users\Chris\cFish.io\U7-Systems\memory.md
[2025-03-15 04:08:22] [INFO] Found 72 entries in C:\Users\Chris\cFish.io\memory.md
[2025-03-15 04:08:22] [INFO] Added 0 entries to C:\Users\Chris\cFish.io\memory.md
[2025-03-15 04:08:22] [INFO] Phase 2: Syncing from master to departments...
[2025-03-15 04:08:22] [INFO] Syncing from master to department: C:\Users\Chris\cFish.io\U1-Administration\memory.md
[2025-03-15 04:08:22] [INFO] Found 72 entries in C:\Users\Chris\cFish.io\memory.md
[2025-03-15 04:08:22] [INFO] Added 0 entries to C:\Users\Chris\cFish.io\U1-Administration\memory.md
[2025-03-15 04:08:22] [INFO] Syncing from master to department: C:\Users\Chris\cFish.io\U2-Research\memory.md
[2025-03-15 04:08:22] [INFO] Found 72 entries in C:\Users\Chris\cFish.io\memory.md
[2025-03-15 04:08:22] [INFO] Added 0 entries to C:\Users\Chris\cFish.io\U2-Research\memory.md
[2025-03-15 04:08:22] [INFO] Syncing from master to department: C:\Users\Chris\cFish.io\U3-Operations\memory.md
[2025-03-15 04:08:22] [INFO] Found 72 entries in C:\Users\Chris\cFish.io\memory.md
[2025-03-15 04:08:22] [INFO] Added 0 entries to C:\Users\Chris\cFish.io\U3-Operations\memory.md
[2025-03-15 04:08:22] [INFO] Syncing from master to department: C:\Users\Chris\cFish.io\U4-Production\memory.md
[2025-03-15 04:08:22] [INFO] Found 72 entries in C:\Users\Chris\cFish.io\memory.md
[2025-03-15 04:08:22] [INFO] Added 0 entries to C:\Users\Chris\cFish.io\U4-Production\memory.md
[2025-03-15 04:08:22] [INFO] Syncing from master to department: C:\Users\Chris\cFish.io\U5-Data\memory.md
[2025-03-15 04:08:22] [INFO] Found 72 entries in C:\Users\Chris\cFish.io\memory.md
[2025-03-15 04:08:22] [INFO] Added 0 entries to C:\Users\Chris\cFish.io\U5-Data\memory.md
[2025-03-15 04:08:22] [INFO] Syncing from master to department: C:\Users\Chris\cFish.io\U6-Marketing\memory.md
[2025-03-15 04:08:22] [INFO] Found 72 entries in C:\Users\Chris\cFish.io\memory.md
[2025-03-15 04:08:22] [INFO] Added 0 entries to C:\Users\Chris\cFish.io\U6-Marketing\memory.md
[2025-03-15 04:08:22] [INFO] Syncing from master to department: C:\Users\Chris\cFish.io\U7-Systems\memory.md
[2025-03-15 04:08:22] [INFO] Found 72 entries in C:\Users\Chris\cFish.io\memory.md
[2025-03-15 04:08:22] [INFO] Added 0 entries to C:\Users\Chris\cFish.io\U7-Systems\memory.md
[2025-03-15 04:08:22] [INFO] Synchronization completed successfully.
[2025-03-15 04:20:45] [INFO] Starting bidirectional synchronization...
[2025-03-15 04:20:45] [INFO] Phase 1: Syncing from departments to master...
[2025-03-15 04:20:45] [INFO] Syncing from department to master: C:\Users\Chris\cFish.io\U1-Administration\memory.md
[2025-03-15 04:20:45] [INFO] Found 57 entries in C:\Users\Chris\cFish.io\U1-Administration\memory.md
[2025-03-15 04:20:45] [INFO] Found 72 entries in C:\Users\Chris\cFish.io\memory.md
[2025-03-15 04:20:45] [INFO] Added 0 entries to C:\Users\Chris\cFish.io\memory.md
[2025-03-15 04:20:45] [INFO] Syncing from department to master: C:\Users\Chris\cFish.io\U2-Research\memory.md
[2025-03-15 04:20:45] [INFO] Found 15 entries in C:\Users\Chris\cFish.io\U2-Research\memory.md
[2025-03-15 04:20:45] [INFO] Found 72 entries in C:\Users\Chris\cFish.io\memory.md
[2025-03-15 04:20:45] [INFO] Added 0 entries to C:\Users\Chris\cFish.io\memory.md
[2025-03-15 04:20:45] [INFO] Syncing from department to master: C:\Users\Chris\cFish.io\U3-Operations\memory.md
[2025-03-15 04:20:45] [INFO] Found 63 entries in C:\Users\Chris\cFish.io\U3-Operations\memory.md
[2025-03-15 04:20:45] [INFO] Found 72 entries in C:\Users\Chris\cFish.io\memory.md
[2025-03-15 04:20:45] [INFO] Added 0 entries to C:\Users\Chris\cFish.io\memory.md
[2025-03-15 04:20:45] [INFO] Syncing from department to master: C:\Users\Chris\cFish.io\U4-Production\memory.md
[2025-03-15 04:20:45] [INFO] Found 36 entries in C:\Users\Chris\cFish.io\U4-Production\memory.md
[2025-03-15 04:20:45] [INFO] Found 72 entries in C:\Users\Chris\cFish.io\memory.md
[2025-03-15 04:20:45] [INFO] Added 0 entries to C:\Users\Chris\cFish.io\memory.md
[2025-03-15 04:20:45] [INFO] Syncing from department to master: C:\Users\Chris\cFish.io\U5-Data\memory.md
[2025-03-15 04:20:45] [INFO] Found 43 entries in C:\Users\Chris\cFish.io\U5-Data\memory.md
[2025-03-15 04:20:45] [INFO] Found 72 entries in C:\Users\Chris\cFish.io\memory.md
[2025-03-15 04:20:45] [INFO] Added 0 entries to C:\Users\Chris\cFish.io\memory.md
[2025-03-15 04:20:45] [INFO] Syncing from department to master: C:\Users\Chris\cFish.io\U6-Marketing\memory.md
[2025-03-15 04:20:45] [INFO] Found 4 entries in C:\Users\Chris\cFish.io\U6-Marketing\memory.md
[2025-03-15 04:20:45] [INFO] Found 72 entries in C:\Users\Chris\cFish.io\memory.md
[2025-03-15 04:20:45] [INFO] Added 0 entries to C:\Users\Chris\cFish.io\memory.md
[2025-03-15 04:20:45] [INFO] Syncing from department to master: C:\Users\Chris\cFish.io\U7-Systems\memory.md
[2025-03-15 04:20:45] [INFO] Found 51 entries in C:\Users\Chris\cFish.io\U7-Systems\memory.md
[2025-03-15 04:20:45] [INFO] Found 72 entries in C:\Users\Chris\cFish.io\memory.md
[2025-03-15 04:20:45] [INFO] Added 0 entries to C:\Users\Chris\cFish.io\memory.md
[2025-03-15 04:20:45] [INFO] Phase 2: Syncing from master to departments...
[2025-03-15 04:20:45] [INFO] Syncing from master to department: C:\Users\Chris\cFish.io\U1-Administration\memory.md
[2025-03-15 04:20:45] [INFO] Found 72 entries in C:\Users\Chris\cFish.io\memory.md
[2025-03-15 04:20:46] [INFO] Added 0 entries to C:\Users\Chris\cFish.io\U1-Administration\memory.md
[2025-03-15 04:20:46] [INFO] Syncing from master to department: C:\Users\Chris\cFish.io\U2-Research\memory.md
[2025-03-15 04:20:46] [INFO] Found 72 entries in C:\Users\Chris\cFish.io\memory.md
[2025-03-15 04:20:46] [INFO] Added 0 entries to C:\Users\Chris\cFish.io\U2-Research\memory.md
[2025-03-15 04:20:46] [INFO] Syncing from master to department: C:\Users\Chris\cFish.io\U3-Operations\memory.md
[2025-03-15 04:20:46] [INFO] Found 72 entries in C:\Users\Chris\cFish.io\memory.md
[2025-03-15 04:20:46] [INFO] Added 0 entries to C:\Users\Chris\cFish.io\U3-Operations\memory.md
[2025-03-15 04:20:46] [INFO] Syncing from master to department: C:\Users\Chris\cFish.io\U4-Production\memory.md
[2025-03-15 04:20:46] [INFO] Found 72 entries in C:\Users\Chris\cFish.io\memory.md
[2025-03-15 04:20:46] [INFO] Added 0 entries to C:\Users\Chris\cFish.io\U4-Production\memory.md
[2025-03-15 04:20:46] [INFO] Syncing from master to department: C:\Users\Chris\cFish.io\U5-Data\memory.md
[2025-03-15 04:20:46] [INFO] Found 72 entries in C:\Users\Chris\cFish.io\memory.md
[2025-03-15 04:20:46] [INFO] Added 0 entries to C:\Users\Chris\cFish.io\U5-Data\memory.md
[2025-03-15 04:20:46] [INFO] Syncing from master to department: C:\Users\Chris\cFish.io\U6-Marketing\memory.md
[2025-03-15 04:20:46] [INFO] Found 72 entries in C:\Users\Chris\cFish.io\memory.md
[2025-03-15 04:20:46] [INFO] Added 0 entries to C:\Users\Chris\cFish.io\U6-Marketing\memory.md
[2025-03-15 04:20:46] [INFO] Syncing from master to department: C:\Users\Chris\cFish.io\U7-Systems\memory.md
[2025-03-15 04:20:46] [INFO] Found 72 entries in C:\Users\Chris\cFish.io\memory.md
[2025-03-15 04:20:46] [INFO] Added 0 entries to C:\Users\Chris\cFish.io\U7-Systems\memory.md
[2025-03-15 04:20:46] [INFO] Synchronization completed successfully.
[2025-03-15 04:20:55] [INFO] Starting bidirectional synchronization...
[2025-03-15 04:20:55] [INFO] Phase 1: Syncing from departments to master...
[2025-03-15 04:20:55] [INFO] Syncing from department to master: C:\Users\Chris\cFish.io\U1-Administration\memory.md
[2025-03-15 04:20:55] [INFO] Found 57 entries in C:\Users\Chris\cFish.io\U1-Administration\memory.md
[2025-03-15 04:20:55] [INFO] Found 72 entries in C:\Users\Chris\cFish.io\memory.md
[2025-03-15 04:20:55] [INFO] Added 0 entries to C:\Users\Chris\cFish.io\memory.md
[2025-03-15 04:20:55] [INFO] Syncing from department to master: C:\Users\Chris\cFish.io\U2-Research\memory.md
[2025-03-15 04:20:55] [INFO] Found 15 entries in C:\Users\Chris\cFish.io\U2-Research\memory.md
[2025-03-15 04:20:55] [INFO] Found 72 entries in C:\Users\Chris\cFish.io\memory.md
[2025-03-15 04:20:55] [INFO] Added 0 entries to C:\Users\Chris\cFish.io\memory.md
[2025-03-15 04:20:55] [INFO] Syncing from department to master: C:\Users\Chris\cFish.io\U3-Operations\memory.md
[2025-03-15 04:20:55] [INFO] Found 63 entries in C:\Users\Chris\cFish.io\U3-Operations\memory.md
[2025-03-15 04:20:55] [INFO] Found 72 entries in C:\Users\Chris\cFish.io\memory.md
[2025-03-15 04:20:56] [INFO] Added 0 entries to C:\Users\Chris\cFish.io\memory.md
[2025-03-15 04:20:56] [INFO] Syncing from department to master: C:\Users\Chris\cFish.io\U4-Production\memory.md
[2025-03-15 04:20:56] [INFO] Found 36 entries in C:\Users\Chris\cFish.io\U4-Production\memory.md
[2025-03-15 04:20:56] [INFO] Found 72 entries in C:\Users\Chris\cFish.io\memory.md
[2025-03-15 04:20:56] [INFO] Added 0 entries to C:\Users\Chris\cFish.io\memory.md
[2025-03-15 04:20:56] [INFO] Syncing from department to master: C:\Users\Chris\cFish.io\U5-Data\memory.md
[2025-03-15 04:20:56] [INFO] Found 43 entries in C:\Users\Chris\cFish.io\U5-Data\memory.md
[2025-03-15 04:20:56] [INFO] Found 72 entries in C:\Users\Chris\cFish.io\memory.md
[2025-03-15 04:20:56] [INFO] Added 0 entries to C:\Users\Chris\cFish.io\memory.md
[2025-03-15 04:20:56] [INFO] Syncing from department to master: C:\Users\Chris\cFish.io\U6-Marketing\memory.md
[2025-03-15 04:20:56] [INFO] Found 4 entries in C:\Users\Chris\cFish.io\U6-Marketing\memory.md
[2025-03-15 04:20:56] [INFO] Found 72 entries in C:\Users\Chris\cFish.io\memory.md
[2025-03-15 04:20:56] [INFO] Added 0 entries to C:\Users\Chris\cFish.io\memory.md
[2025-03-15 04:20:56] [INFO] Syncing from department to master: C:\Users\Chris\cFish.io\U7-Systems\memory.md
[2025-03-15 04:20:56] [INFO] Found 51 entries in C:\Users\Chris\cFish.io\U7-Systems\memory.md
[2025-03-15 04:20:56] [INFO] Found 72 entries in C:\Users\Chris\cFish.io\memory.md
[2025-03-15 04:20:56] [INFO] Added 0 entries to C:\Users\Chris\cFish.io\memory.md
[2025-03-15 04:20:56] [INFO] Phase 2: Syncing from master to departments...
[2025-03-15 04:20:56] [INFO] Syncing from master to department: C:\Users\Chris\cFish.io\U1-Administration\memory.md
[2025-03-15 04:20:56] [INFO] Found 72 entries in C:\Users\Chris\cFish.io\memory.md
[2025-03-15 04:20:56] [INFO] Added 0 entries to C:\Users\Chris\cFish.io\U1-Administration\memory.md
[2025-03-15 04:20:56] [INFO] Syncing from master to department: C:\Users\Chris\cFish.io\U2-Research\memory.md
[2025-03-15 04:20:56] [INFO] Found 72 entries in C:\Users\Chris\cFish.io\memory.md
[2025-03-15 04:20:56] [INFO] Added 0 entries to C:\Users\Chris\cFish.io\U2-Research\memory.md
[2025-03-15 04:20:56] [INFO] Syncing from master to department: C:\Users\Chris\cFish.io\U3-Operations\memory.md
[2025-03-15 04:20:56] [INFO] Found 72 entries in C:\Users\Chris\cFish.io\memory.md
[2025-03-15 04:20:56] [INFO] Added 0 entries to C:\Users\Chris\cFish.io\U3-Operations\memory.md
[2025-03-15 04:20:56] [INFO] Syncing from master to department: C:\Users\Chris\cFish.io\U4-Production\memory.md
[2025-03-15 04:20:56] [INFO] Found 72 entries in C:\Users\Chris\cFish.io\memory.md
[2025-03-15 04:20:56] [INFO] Added 0 entries to C:\Users\Chris\cFish.io\U4-Production\memory.md
[2025-03-15 04:20:56] [INFO] Syncing from master to department: C:\Users\Chris\cFish.io\U5-Data\memory.md
[2025-03-15 04:20:56] [INFO] Found 72 entries in C:\Users\Chris\cFish.io\memory.md
[2025-03-15 04:20:56] [INFO] Added 0 entries to C:\Users\Chris\cFish.io\U5-Data\memory.md
[2025-03-15 04:20:56] [INFO] Syncing from master to department: C:\Users\Chris\cFish.io\U6-Marketing\memory.md
[2025-03-15 04:20:56] [INFO] Found 72 entries in C:\Users\Chris\cFish.io\memory.md
[2025-03-15 04:20:56] [INFO] Added 0 entries to C:\Users\Chris\cFish.io\U6-Marketing\memory.md
[2025-03-15 04:20:56] [INFO] Syncing from master to department: C:\Users\Chris\cFish.io\U7-Systems\memory.md
[2025-03-15 04:20:56] [INFO] Found 72 entries in C:\Users\Chris\cFish.io\memory.md
[2025-03-15 04:20:56] [INFO] Added 0 entries to C:\Users\Chris\cFish.io\U7-Systems\memory.md
[2025-03-15 04:20:56] [INFO] Synchronization completed successfully.
[2025-03-15 04:46:49] [INFO] Starting bidirectional synchronization...
[2025-03-15 04:46:49] [INFO] Phase 1: Syncing from departments to master...
[2025-03-15 04:46:49] [INFO] Syncing from department to master: C:\Users\Chris\cFish.io\U1-Administration\memory.md
[2025-03-15 04:46:49] [INFO] Found 58 entries in C:\Users\Chris\cFish.io\U1-Administration\memory.md
[2025-03-15 04:46:49] [INFO] Found 74 entries in C:\Users\Chris\cFish.io\memory.md
[2025-03-15 04:46:49] [INFO] Added 0 entries to C:\Users\Chris\cFish.io\memory.md
[2025-03-15 04:46:49] [INFO] Syncing from department to master: C:\Users\Chris\cFish.io\U2-Research\memory.md
[2025-03-15 04:46:49] [INFO] Found 15 entries in C:\Users\Chris\cFish.io\U2-Research\memory.md
[2025-03-15 04:46:49] [INFO] Found 74 entries in C:\Users\Chris\cFish.io\memory.md
[2025-03-15 04:46:49] [INFO] Added 0 entries to C:\Users\Chris\cFish.io\memory.md
[2025-03-15 04:46:49] [INFO] Syncing from department to master: C:\Users\Chris\cFish.io\U3-Operations\memory.md
[2025-03-15 04:46:49] [INFO] Found 65 entries in C:\Users\Chris\cFish.io\U3-Operations\memory.md
[2025-03-15 04:46:49] [INFO] Found 74 entries in C:\Users\Chris\cFish.io\memory.md
[2025-03-15 04:46:49] [INFO] Added 0 entries to C:\Users\Chris\cFish.io\memory.md
[2025-03-15 04:46:49] [INFO] Syncing from department to master: C:\Users\Chris\cFish.io\U4-Production\memory.md
[2025-03-15 04:46:49] [INFO] Found 36 entries in C:\Users\Chris\cFish.io\U4-Production\memory.md
[2025-03-15 04:46:49] [INFO] Found 74 entries in C:\Users\Chris\cFish.io\memory.md
[2025-03-15 04:46:49] [INFO] Added 0 entries to C:\Users\Chris\cFish.io\memory.md
[2025-03-15 04:46:49] [INFO] Syncing from department to master: C:\Users\Chris\cFish.io\U5-Data\memory.md
[2025-03-15 04:46:49] [INFO] Found 45 entries in C:\Users\Chris\cFish.io\U5-Data\memory.md
[2025-03-15 04:46:49] [INFO] Found 74 entries in C:\Users\Chris\cFish.io\memory.md
[2025-03-15 04:46:49] [INFO] Added 0 entries to C:\Users\Chris\cFish.io\memory.md
[2025-03-15 04:46:49] [INFO] Syncing from department to master: C:\Users\Chris\cFish.io\U6-Marketing\memory.md
[2025-03-15 04:46:49] [INFO] Found 4 entries in C:\Users\Chris\cFish.io\U6-Marketing\memory.md
[2025-03-15 04:46:49] [INFO] Found 74 entries in C:\Users\Chris\cFish.io\memory.md
[2025-03-15 04:46:49] [INFO] Added 0 entries to C:\Users\Chris\cFish.io\memory.md
[2025-03-15 04:46:49] [INFO] Syncing from department to master: C:\Users\Chris\cFish.io\U7-Systems\memory.md
[2025-03-15 04:46:49] [INFO] Found 53 entries in C:\Users\Chris\cFish.io\U7-Systems\memory.md
[2025-03-15 04:46:49] [INFO] Found 74 entries in C:\Users\Chris\cFish.io\memory.md
[2025-03-15 04:46:49] [INFO] Added 0 entries to C:\Users\Chris\cFish.io\memory.md
[2025-03-15 04:46:49] [INFO] Phase 2: Syncing from master to departments...
[2025-03-15 04:46:49] [INFO] Syncing from master to department: C:\Users\Chris\cFish.io\U1-Administration\memory.md
[2025-03-15 04:46:49] [INFO] Found 74 entries in C:\Users\Chris\cFish.io\memory.md
[2025-03-15 04:46:49] [INFO] Added 0 entries to C:\Users\Chris\cFish.io\U1-Administration\memory.md
[2025-03-15 04:46:49] [INFO] Syncing from master to department: C:\Users\Chris\cFish.io\U2-Research\memory.md
[2025-03-15 04:46:49] [INFO] Found 74 entries in C:\Users\Chris\cFish.io\memory.md
[2025-03-15 04:46:49] [INFO] Added 0 entries to C:\Users\Chris\cFish.io\U2-Research\memory.md
[2025-03-15 04:46:49] [INFO] Syncing from master to department: C:\Users\Chris\cFish.io\U3-Operations\memory.md
[2025-03-15 04:46:49] [INFO] Found 74 entries in C:\Users\Chris\cFish.io\memory.md
[2025-03-15 04:46:49] [INFO] Added 0 entries to C:\Users\Chris\cFish.io\U3-Operations\memory.md
[2025-03-15 04:46:49] [INFO] Syncing from master to department: C:\Users\Chris\cFish.io\U4-Production\memory.md
[2025-03-15 04:46:49] [INFO] Found 74 entries in C:\Users\Chris\cFish.io\memory.md
[2025-03-15 04:46:50] [INFO] Added 0 entries to C:\Users\Chris\cFish.io\U4-Production\memory.md
[2025-03-15 04:46:50] [INFO] Syncing from master to department: C:\Users\Chris\cFish.io\U5-Data\memory.md
[2025-03-15 04:46:50] [INFO] Found 74 entries in C:\Users\Chris\cFish.io\memory.md
[2025-03-15 04:46:50] [INFO] Added 0 entries to C:\Users\Chris\cFish.io\U5-Data\memory.md
[2025-03-15 04:46:50] [INFO] Syncing from master to department: C:\Users\Chris\cFish.io\U6-Marketing\memory.md
[2025-03-15 04:46:50] [INFO] Found 74 entries in C:\Users\Chris\cFish.io\memory.md
[2025-03-15 04:46:50] [INFO] Added 0 entries to C:\Users\Chris\cFish.io\U6-Marketing\memory.md
[2025-03-15 04:46:50] [INFO] Syncing from master to department: C:\Users\Chris\cFish.io\U7-Systems\memory.md
[2025-03-15 04:46:50] [INFO] Found 74 entries in C:\Users\Chris\cFish.io\memory.md
[2025-03-15 04:46:50] [INFO] Added 0 entries to C:\Users\Chris\cFish.io\U7-Systems\memory.md
[2025-03-15 04:46:50] [INFO] Synchronization completed successfully.
[2025-03-15 04:48:45] [INFO] Starting bidirectional synchronization...
[2025-03-15 04:48:45] [INFO] Phase 1: Syncing from departments to master...
[2025-03-15 04:48:45] [INFO] Syncing from department to master: C:\Users\Chris\cFish.io\U1-Administration\memory.md
[2025-03-15 04:48:45] [INFO] Found 58 entries in C:\Users\Chris\cFish.io\U1-Administration\memory.md
[2025-03-15 04:48:46] [INFO] Found 74 entries in C:\Users\Chris\cFish.io\memory.md
[2025-03-15 04:48:46] [INFO] Added 0 entries to C:\Users\Chris\cFish.io\memory.md
[2025-03-15 04:48:46] [INFO] Syncing from department to master: C:\Users\Chris\cFish.io\U2-Research\memory.md
[2025-03-15 04:48:46] [INFO] Found 15 entries in C:\Users\Chris\cFish.io\U2-Research\memory.md
[2025-03-15 04:48:46] [INFO] Found 74 entries in C:\Users\Chris\cFish.io\memory.md
[2025-03-15 04:48:46] [INFO] Added 0 entries to C:\Users\Chris\cFish.io\memory.md
[2025-03-15 04:48:46] [INFO] Syncing from department to master: C:\Users\Chris\cFish.io\U3-Operations\memory.md
[2025-03-15 04:48:46] [INFO] Found 65 entries in C:\Users\Chris\cFish.io\U3-Operations\memory.md
[2025-03-15 04:48:46] [INFO] Found 74 entries in C:\Users\Chris\cFish.io\memory.md
[2025-03-15 04:48:46] [INFO] Added 0 entries to C:\Users\Chris\cFish.io\memory.md
[2025-03-15 04:48:46] [INFO] Syncing from department to master: C:\Users\Chris\cFish.io\U4-Production\memory.md
[2025-03-15 04:48:46] [INFO] Found 36 entries in C:\Users\Chris\cFish.io\U4-Production\memory.md
[2025-03-15 04:48:46] [INFO] Found 74 entries in C:\Users\Chris\cFish.io\memory.md
[2025-03-15 04:48:46] [INFO] Added 0 entries to C:\Users\Chris\cFish.io\memory.md
[2025-03-15 04:48:46] [INFO] Syncing from department to master: C:\Users\Chris\cFish.io\U5-Data\memory.md
[2025-03-15 04:48:46] [INFO] Found 45 entries in C:\Users\Chris\cFish.io\U5-Data\memory.md
[2025-03-15 04:48:46] [INFO] Found 74 entries in C:\Users\Chris\cFish.io\memory.md
[2025-03-15 04:48:46] [INFO] Added 0 entries to C:\Users\Chris\cFish.io\memory.md
[2025-03-15 04:48:46] [INFO] Syncing from department to master: C:\Users\Chris\cFish.io\U6-Marketing\memory.md
[2025-03-15 04:48:46] [INFO] Found 4 entries in C:\Users\Chris\cFish.io\U6-Marketing\memory.md
[2025-03-15 04:48:46] [INFO] Found 74 entries in C:\Users\Chris\cFish.io\memory.md
[2025-03-15 04:48:46] [INFO] Added 0 entries to C:\Users\Chris\cFish.io\memory.md
[2025-03-15 04:48:46] [INFO] Syncing from department to master: C:\Users\Chris\cFish.io\U7-Systems\memory.md
[2025-03-15 04:48:46] [INFO] Found 53 entries in C:\Users\Chris\cFish.io\U7-Systems\memory.md
[2025-03-15 04:48:46] [INFO] Found 74 entries in C:\Users\Chris\cFish.io\memory.md
[2025-03-15 04:48:46] [INFO] Added 0 entries to C:\Users\Chris\cFish.io\memory.md
[2025-03-15 04:48:46] [INFO] Phase 2: Syncing from master to departments...
[2025-03-15 04:48:46] [INFO] Syncing from master to department: C:\Users\Chris\cFish.io\U1-Administration\memory.md
[2025-03-15 04:48:46] [INFO] Found 74 entries in C:\Users\Chris\cFish.io\memory.md
[2025-03-15 04:48:46] [INFO] Added 0 entries to C:\Users\Chris\cFish.io\U1-Administration\memory.md
[2025-03-15 04:48:46] [INFO] Syncing from master to department: C:\Users\Chris\cFish.io\U2-Research\memory.md
[2025-03-15 04:48:46] [INFO] Found 74 entries in C:\Users\Chris\cFish.io\memory.md
[2025-03-15 04:48:46] [INFO] Added 0 entries to C:\Users\Chris\cFish.io\U2-Research\memory.md
[2025-03-15 04:48:46] [INFO] Syncing from master to department: C:\Users\Chris\cFish.io\U3-Operations\memory.md
[2025-03-15 04:48:46] [INFO] Found 74 entries in C:\Users\Chris\cFish.io\memory.md
[2025-03-15 04:48:46] [INFO] Added 0 entries to C:\Users\Chris\cFish.io\U3-Operations\memory.md
[2025-03-15 04:48:46] [INFO] Syncing from master to department: C:\Users\Chris\cFish.io\U4-Production\memory.md
[2025-03-15 04:48:46] [INFO] Found 74 entries in C:\Users\Chris\cFish.io\memory.md
[2025-03-15 04:48:46] [INFO] Added 0 entries to C:\Users\Chris\cFish.io\U4-Production\memory.md
[2025-03-15 04:48:46] [INFO] Syncing from master to department: C:\Users\Chris\cFish.io\U5-Data\memory.md
[2025-03-15 04:48:46] [INFO] Found 74 entries in C:\Users\Chris\cFish.io\memory.md
[2025-03-15 04:48:46] [INFO] Added 0 entries to C:\Users\Chris\cFish.io\U5-Data\memory.md
[2025-03-15 04:48:46] [INFO] Syncing from master to department: C:\Users\Chris\cFish.io\U6-Marketing\memory.md
[2025-03-15 04:48:46] [INFO] Found 74 entries in C:\Users\Chris\cFish.io\memory.md
[2025-03-15 04:48:46] [INFO] Added 0 entries to C:\Users\Chris\cFish.io\U6-Marketing\memory.md
[2025-03-15 04:48:46] [INFO] Syncing from master to department: C:\Users\Chris\cFish.io\U7-Systems\memory.md
[2025-03-15 04:48:46] [INFO] Found 74 entries in C:\Users\Chris\cFish.io\memory.md
[2025-03-15 04:48:46] [INFO] Added 0 entries to C:\Users\Chris\cFish.io\U7-Systems\memory.md
[2025-03-15 04:48:46] [INFO] Synchronization completed successfully.
[2025-03-15 04:49:51] [INFO] Starting bidirectional synchronization...
[2025-03-15 04:49:52] [INFO] Phase 1: Syncing from departments to master...
[2025-03-15 04:49:52] [INFO] Syncing from department to master: C:\Users\Chris\cFish.io\U1-Administration\memory.md
[2025-03-15 04:49:52] [INFO] Found 58 entries in C:\Users\Chris\cFish.io\U1-Administration\memory.md
[2025-03-15 04:49:52] [INFO] Found 74 entries in C:\Users\Chris\cFish.io\memory.md
[2025-03-15 04:49:52] [INFO] Added 0 entries to C:\Users\Chris\cFish.io\memory.md
[2025-03-15 04:49:52] [INFO] Syncing from department to master: C:\Users\Chris\cFish.io\U2-Research\memory.md
[2025-03-15 04:49:52] [INFO] Found 15 entries in C:\Users\Chris\cFish.io\U2-Research\memory.md
[2025-03-15 04:49:52] [INFO] Found 74 entries in C:\Users\Chris\cFish.io\memory.md
[2025-03-15 04:49:52] [INFO] Added 0 entries to C:\Users\Chris\cFish.io\memory.md
[2025-03-15 04:49:52] [INFO] Syncing from department to master: C:\Users\Chris\cFish.io\U3-Operations\memory.md
[2025-03-15 04:49:52] [INFO] Found 65 entries in C:\Users\Chris\cFish.io\U3-Operations\memory.md
[2025-03-15 04:49:52] [INFO] Found 74 entries in C:\Users\Chris\cFish.io\memory.md
[2025-03-15 04:49:52] [INFO] Added 0 entries to C:\Users\Chris\cFish.io\memory.md
[2025-03-15 04:49:52] [INFO] Syncing from department to master: C:\Users\Chris\cFish.io\U4-Production\memory.md
[2025-03-15 04:49:52] [INFO] Found 36 entries in C:\Users\Chris\cFish.io\U4-Production\memory.md
[2025-03-15 04:49:52] [INFO] Found 74 entries in C:\Users\Chris\cFish.io\memory.md
[2025-03-15 04:49:52] [INFO] Added 0 entries to C:\Users\Chris\cFish.io\memory.md
[2025-03-15 04:49:52] [INFO] Syncing from department to master: C:\Users\Chris\cFish.io\U5-Data\memory.md
[2025-03-15 04:49:52] [INFO] Found 45 entries in C:\Users\Chris\cFish.io\U5-Data\memory.md
[2025-03-15 04:49:52] [INFO] Found 74 entries in C:\Users\Chris\cFish.io\memory.md
[2025-03-15 04:49:52] [INFO] Added 0 entries to C:\Users\Chris\cFish.io\memory.md
[2025-03-15 04:49:52] [INFO] Syncing from department to master: C:\Users\Chris\cFish.io\U6-Marketing\memory.md
[2025-03-15 04:49:52] [INFO] Found 4 entries in C:\Users\Chris\cFish.io\U6-Marketing\memory.md
[2025-03-15 04:49:52] [INFO] Found 74 entries in C:\Users\Chris\cFish.io\memory.md
[2025-03-15 04:49:52] [INFO] Added 0 entries to C:\Users\Chris\cFish.io\memory.md
[2025-03-15 04:49:52] [INFO] Syncing from department to master: C:\Users\Chris\cFish.io\U7-Systems\memory.md
[2025-03-15 04:49:52] [INFO] Found 53 entries in C:\Users\Chris\cFish.io\U7-Systems\memory.md
[2025-03-15 04:49:52] [INFO] Found 74 entries in C:\Users\Chris\cFish.io\memory.md
[2025-03-15 04:49:52] [INFO] Added 0 entries to C:\Users\Chris\cFish.io\memory.md
[2025-03-15 04:49:52] [INFO] Phase 2: Syncing from master to departments...
[2025-03-15 04:49:52] [INFO] Syncing from master to department: C:\Users\Chris\cFish.io\U1-Administration\memory.md
[2025-03-15 04:49:52] [INFO] Found 74 entries in C:\Users\Chris\cFish.io\memory.md
[2025-03-15 04:49:52] [INFO] Added 0 entries to C:\Users\Chris\cFish.io\U1-Administration\memory.md
[2025-03-15 04:49:52] [INFO] Syncing from master to department: C:\Users\Chris\cFish.io\U2-Research\memory.md
[2025-03-15 04:49:52] [INFO] Found 74 entries in C:\Users\Chris\cFish.io\memory.md
[2025-03-15 04:49:52] [INFO] Added 0 entries to C:\Users\Chris\cFish.io\U2-Research\memory.md
[2025-03-15 04:49:52] [INFO] Syncing from master to department: C:\Users\Chris\cFish.io\U3-Operations\memory.md
[2025-03-15 04:49:52] [INFO] Found 74 entries in C:\Users\Chris\cFish.io\memory.md
[2025-03-15 04:49:52] [INFO] Added 0 entries to C:\Users\Chris\cFish.io\U3-Operations\memory.md
[2025-03-15 04:49:52] [INFO] Syncing from master to department: C:\Users\Chris\cFish.io\U4-Production\memory.md
[2025-03-15 04:49:52] [INFO] Found 74 entries in C:\Users\Chris\cFish.io\memory.md
[2025-03-15 04:49:52] [INFO] Added 0 entries to C:\Users\Chris\cFish.io\U4-Production\memory.md
[2025-03-15 04:49:52] [INFO] Syncing from master to department: C:\Users\Chris\cFish.io\U5-Data\memory.md
[2025-03-15 04:49:52] [INFO] Found 74 entries in C:\Users\Chris\cFish.io\memory.md
[2025-03-15 04:49:52] [INFO] Added 0 entries to C:\Users\Chris\cFish.io\U5-Data\memory.md
[2025-03-15 04:49:52] [INFO] Syncing from master to department: C:\Users\Chris\cFish.io\U6-Marketing\memory.md
[2025-03-15 04:49:52] [INFO] Found 74 entries in C:\Users\Chris\cFish.io\memory.md
[2025-03-15 04:49:52] [INFO] Added 0 entries to C:\Users\Chris\cFish.io\U6-Marketing\memory.md
[2025-03-15 04:49:53] [INFO] Syncing from master to department: C:\Users\Chris\cFish.io\U7-Systems\memory.md
[2025-03-15 04:49:53] [INFO] Found 74 entries in C:\Users\Chris\cFish.io\memory.md
[2025-03-15 04:49:53] [INFO] Added 0 entries to C:\Users\Chris\cFish.io\U7-Systems\memory.md
[2025-03-15 04:49:53] [INFO] Synchronization completed successfully.
[2025-03-15 04:50:57] [INFO] Starting bidirectional synchronization...
[2025-03-15 04:50:57] [INFO] Phase 1: Syncing from departments to master...
[2025-03-15 04:50:57] [INFO] Syncing from department to master: C:\Users\Chris\cFish.io\U1-Administration\memory.md
[2025-03-15 04:50:57] [INFO] Found 58 entries in C:\Users\Chris\cFish.io\U1-Administration\memory.md
[2025-03-15 04:50:57] [INFO] Found 74 entries in C:\Users\Chris\cFish.io\memory.md
[2025-03-15 04:50:57] [INFO] Added 0 entries to C:\Users\Chris\cFish.io\memory.md
[2025-03-15 04:50:57] [INFO] Syncing from department to master: C:\Users\Chris\cFish.io\U2-Research\memory.md
[2025-03-15 04:50:57] [INFO] Found 15 entries in C:\Users\Chris\cFish.io\U2-Research\memory.md
[2025-03-15 04:50:57] [INFO] Found 74 entries in C:\Users\Chris\cFish.io\memory.md
[2025-03-15 04:50:57] [INFO] Added 0 entries to C:\Users\Chris\cFish.io\memory.md
[2025-03-15 04:50:57] [INFO] Syncing from department to master: C:\Users\Chris\cFish.io\U3-Operations\memory.md
[2025-03-15 04:50:57] [INFO] Found 65 entries in C:\Users\Chris\cFish.io\U3-Operations\memory.md
[2025-03-15 04:50:57] [INFO] Found 74 entries in C:\Users\Chris\cFish.io\memory.md
[2025-03-15 04:50:57] [INFO] Added 0 entries to C:\Users\Chris\cFish.io\memory.md
[2025-03-15 04:50:57] [INFO] Syncing from department to master: C:\Users\Chris\cFish.io\U4-Production\memory.md
[2025-03-15 04:50:57] [INFO] Found 36 entries in C:\Users\Chris\cFish.io\U4-Production\memory.md
[2025-03-15 04:50:57] [INFO] Found 74 entries in C:\Users\Chris\cFish.io\memory.md
[2025-03-15 04:50:57] [INFO] Added 0 entries to C:\Users\Chris\cFish.io\memory.md
[2025-03-15 04:50:57] [INFO] Syncing from department to master: C:\Users\Chris\cFish.io\U5-Data\memory.md
[2025-03-15 04:50:57] [INFO] Found 45 entries in C:\Users\Chris\cFish.io\U5-Data\memory.md
[2025-03-15 04:50:57] [INFO] Found 74 entries in C:\Users\Chris\cFish.io\memory.md
[2025-03-15 04:50:57] [INFO] Added 0 entries to C:\Users\Chris\cFish.io\memory.md
[2025-03-15 04:50:57] [INFO] Syncing from department to master: C:\Users\Chris\cFish.io\U6-Marketing\memory.md
[2025-03-15 04:50:57] [INFO] Found 4 entries in C:\Users\Chris\cFish.io\U6-Marketing\memory.md
[2025-03-15 04:50:57] [INFO] Found 74 entries in C:\Users\Chris\cFish.io\memory.md
[2025-03-15 04:50:58] [INFO] Added 0 entries to C:\Users\Chris\cFish.io\memory.md
[2025-03-15 04:50:58] [INFO] Syncing from department to master: C:\Users\Chris\cFish.io\U7-Systems\memory.md
[2025-03-15 04:50:58] [INFO] Found 53 entries in C:\Users\Chris\cFish.io\U7-Systems\memory.md
[2025-03-15 04:50:58] [INFO] Found 74 entries in C:\Users\Chris\cFish.io\memory.md
[2025-03-15 04:50:58] [INFO] Added 0 entries to C:\Users\Chris\cFish.io\memory.md
[2025-03-15 04:50:58] [INFO] Phase 2: Syncing from master to departments...
[2025-03-15 04:50:58] [INFO] Syncing from master to department: C:\Users\Chris\cFish.io\U1-Administration\memory.md
[2025-03-15 04:50:58] [INFO] Found 74 entries in C:\Users\Chris\cFish.io\memory.md
[2025-03-15 04:50:58] [INFO] Added 0 entries to C:\Users\Chris\cFish.io\U1-Administration\memory.md
[2025-03-15 04:50:58] [INFO] Syncing from master to department: C:\Users\Chris\cFish.io\U2-Research\memory.md
[2025-03-15 04:50:58] [INFO] Found 74 entries in C:\Users\Chris\cFish.io\memory.md
[2025-03-15 04:50:58] [INFO] Added 0 entries to C:\Users\Chris\cFish.io\U2-Research\memory.md
[2025-03-15 04:50:58] [INFO] Syncing from master to department: C:\Users\Chris\cFish.io\U3-Operations\memory.md
[2025-03-15 04:50:58] [INFO] Found 74 entries in C:\Users\Chris\cFish.io\memory.md
[2025-03-15 04:50:58] [INFO] Added 0 entries to C:\Users\Chris\cFish.io\U3-Operations\memory.md
[2025-03-15 04:50:58] [INFO] Syncing from master to department: C:\Users\Chris\cFish.io\U4-Production\memory.md
[2025-03-15 04:50:58] [INFO] Found 74 entries in C:\Users\Chris\cFish.io\memory.md
[2025-03-15 04:50:58] [INFO] Added 0 entries to C:\Users\Chris\cFish.io\U4-Production\memory.md
[2025-03-15 04:50:58] [INFO] Syncing from master to department: C:\Users\Chris\cFish.io\U5-Data\memory.md
[2025-03-15 04:50:58] [INFO] Found 74 entries in C:\Users\Chris\cFish.io\memory.md
[2025-03-15 04:50:58] [INFO] Added 0 entries to C:\Users\Chris\cFish.io\U5-Data\memory.md
[2025-03-15 04:50:58] [INFO] Syncing from master to department: C:\Users\Chris\cFish.io\U6-Marketing\memory.md
[2025-03-15 04:50:58] [INFO] Found 74 entries in C:\Users\Chris\cFish.io\memory.md
[2025-03-15 04:50:58] [INFO] Added 0 entries to C:\Users\Chris\cFish.io\U6-Marketing\memory.md
[2025-03-15 04:50:58] [INFO] Syncing from master to department: C:\Users\Chris\cFish.io\U7-Systems\memory.md
[2025-03-15 04:50:58] [INFO] Found 74 entries in C:\Users\Chris\cFish.io\memory.md
[2025-03-15 04:50:58] [INFO] Added 0 entries to C:\Users\Chris\cFish.io\U7-Systems\memory.md
[2025-03-15 04:50:58] [INFO] Synchronization completed successfully.
[2025-03-15 05:05:22] [INFO] Starting bidirectional synchronization...
[2025-03-15 05:05:22] [INFO] Phase 1: Syncing from departments to master...
[2025-03-15 05:05:22] [INFO] Syncing from department to master: C:\Users\Chris\cFish.io\U1-Administration\memory.md
[2025-03-15 05:05:22] [INFO] Found 59 entries in C:\Users\Chris\cFish.io\U1-Administration\memory.md
[2025-03-15 05:05:22] [INFO] Found 75 entries in C:\Users\Chris\cFish.io\memory.md
[2025-03-15 05:05:22] [INFO] Added 0 entries to C:\Users\Chris\cFish.io\memory.md
[2025-03-15 05:05:22] [INFO] Syncing from department to master: C:\Users\Chris\cFish.io\U2-Research\memory.md
[2025-03-15 05:05:22] [INFO] Found 16 entries in C:\Users\Chris\cFish.io\U2-Research\memory.md
[2025-03-15 05:05:22] [INFO] Found 75 entries in C:\Users\Chris\cFish.io\memory.md
[2025-03-15 05:05:22] [INFO] Added 0 entries to C:\Users\Chris\cFish.io\memory.md
[2025-03-15 05:05:22] [INFO] Syncing from department to master: C:\Users\Chris\cFish.io\U3-Operations\memory.md
[2025-03-15 05:05:22] [INFO] Found 66 entries in C:\Users\Chris\cFish.io\U3-Operations\memory.md
[2025-03-15 05:05:22] [INFO] Found 75 entries in C:\Users\Chris\cFish.io\memory.md
[2025-03-15 05:05:22] [INFO] Added 0 entries to C:\Users\Chris\cFish.io\memory.md
[2025-03-15 05:05:22] [INFO] Syncing from department to master: C:\Users\Chris\cFish.io\U4-Production\memory.md
[2025-03-15 05:05:22] [INFO] Found 36 entries in C:\Users\Chris\cFish.io\U4-Production\memory.md
[2025-03-15 05:05:22] [INFO] Found 75 entries in C:\Users\Chris\cFish.io\memory.md
[2025-03-15 05:05:22] [INFO] Added 0 entries to C:\Users\Chris\cFish.io\memory.md
[2025-03-15 05:05:22] [INFO] Syncing from department to master: C:\Users\Chris\cFish.io\U5-Data\memory.md
[2025-03-15 05:05:22] [INFO] Found 46 entries in C:\Users\Chris\cFish.io\U5-Data\memory.md
[2025-03-15 05:05:22] [INFO] Found 75 entries in C:\Users\Chris\cFish.io\memory.md
[2025-03-15 05:05:22] [INFO] Added 0 entries to C:\Users\Chris\cFish.io\memory.md
[2025-03-15 05:05:22] [INFO] Syncing from department to master: C:\Users\Chris\cFish.io\U6-Marketing\memory.md
[2025-03-15 05:05:22] [INFO] Found 4 entries in C:\Users\Chris\cFish.io\U6-Marketing\memory.md
[2025-03-15 05:05:22] [INFO] Found 75 entries in C:\Users\Chris\cFish.io\memory.md
[2025-03-15 05:05:22] [INFO] Added 0 entries to C:\Users\Chris\cFish.io\memory.md
[2025-03-15 05:05:22] [INFO] Syncing from department to master: C:\Users\Chris\cFish.io\U7-Systems\memory.md
[2025-03-15 05:05:22] [INFO] Found 54 entries in C:\Users\Chris\cFish.io\U7-Systems\memory.md
[2025-03-15 05:05:22] [INFO] Found 75 entries in C:\Users\Chris\cFish.io\memory.md
[2025-03-15 05:05:22] [INFO] Added 0 entries to C:\Users\Chris\cFish.io\memory.md
[2025-03-15 05:05:22] [INFO] Phase 2: Syncing from master to departments...
[2025-03-15 05:05:22] [INFO] Syncing from master to department: C:\Users\Chris\cFish.io\U1-Administration\memory.md
[2025-03-15 05:05:22] [INFO] Found 75 entries in C:\Users\Chris\cFish.io\memory.md
[2025-03-15 05:05:22] [INFO] Added 0 entries to C:\Users\Chris\cFish.io\U1-Administration\memory.md
[2025-03-15 05:05:22] [INFO] Syncing from master to department: C:\Users\Chris\cFish.io\U2-Research\memory.md
[2025-03-15 05:05:22] [INFO] Found 75 entries in C:\Users\Chris\cFish.io\memory.md
[2025-03-15 05:05:22] [INFO] Added 0 entries to C:\Users\Chris\cFish.io\U2-Research\memory.md
[2025-03-15 05:05:22] [INFO] Syncing from master to department: C:\Users\Chris\cFish.io\U3-Operations\memory.md
[2025-03-15 05:05:22] [INFO] Found 75 entries in C:\Users\Chris\cFish.io\memory.md
[2025-03-15 05:05:22] [INFO] Added 0 entries to C:\Users\Chris\cFish.io\U3-Operations\memory.md
[2025-03-15 05:05:22] [INFO] Syncing from master to department: C:\Users\Chris\cFish.io\U4-Production\memory.md
[2025-03-15 05:05:22] [INFO] Found 75 entries in C:\Users\Chris\cFish.io\memory.md
[2025-03-15 05:05:22] [INFO] Added 0 entries to C:\Users\Chris\cFish.io\U4-Production\memory.md
[2025-03-15 05:05:22] [INFO] Syncing from master to department: C:\Users\Chris\cFish.io\U5-Data\memory.md
[2025-03-15 05:05:22] [INFO] Found 75 entries in C:\Users\Chris\cFish.io\memory.md
[2025-03-15 05:05:22] [INFO] Added 0 entries to C:\Users\Chris\cFish.io\U5-Data\memory.md
[2025-03-15 05:05:22] [INFO] Syncing from master to department: C:\Users\Chris\cFish.io\U6-Marketing\memory.md
[2025-03-15 05:05:22] [INFO] Found 75 entries in C:\Users\Chris\cFish.io\memory.md
[2025-03-15 05:05:22] [INFO] Added 0 entries to C:\Users\Chris\cFish.io\U6-Marketing\memory.md
[2025-03-15 05:05:22] [INFO] Syncing from master to department: C:\Users\Chris\cFish.io\U7-Systems\memory.md
[2025-03-15 05:05:22] [INFO] Found 75 entries in C:\Users\Chris\cFish.io\memory.md
[2025-03-15 05:05:22] [INFO] Added 0 entries to C:\Users\Chris\cFish.io\U7-Systems\memory.md
[2025-03-15 05:05:22] [INFO] Synchronization completed successfully.
[2025-03-15 05:20:14] [INFO] Starting bidirectional synchronization...
[2025-03-15 05:20:14] [INFO] Phase 1: Syncing from departments to master...
[2025-03-15 05:20:14] [INFO] Syncing from department to master: C:\Users\Chris\cFish.io\U1-Administration\memory.md
[2025-03-15 05:20:14] [INFO] Found 60 entries in C:\Users\Chris\cFish.io\U1-Administration\memory.md
[2025-03-15 05:20:14] [INFO] Found 76 entries in C:\Users\Chris\cFish.io\memory.md
[2025-03-15 05:20:14] [INFO] Added 0 entries to C:\Users\Chris\cFish.io\memory.md
[2025-03-15 05:20:14] [INFO] Syncing from department to master: C:\Users\Chris\cFish.io\U2-Research\memory.md
[2025-03-15 05:20:14] [INFO] Found 16 entries in C:\Users\Chris\cFish.io\U2-Research\memory.md
[2025-03-15 05:20:14] [INFO] Found 76 entries in C:\Users\Chris\cFish.io\memory.md
[2025-03-15 05:20:14] [INFO] Added 0 entries to C:\Users\Chris\cFish.io\memory.md
[2025-03-15 05:20:14] [INFO] Syncing from department to master: C:\Users\Chris\cFish.io\U3-Operations\memory.md
[2025-03-15 05:20:14] [INFO] Found 67 entries in C:\Users\Chris\cFish.io\U3-Operations\memory.md
[2025-03-15 05:20:14] [INFO] Found 76 entries in C:\Users\Chris\cFish.io\memory.md
[2025-03-15 05:20:14] [INFO] Added 0 entries to C:\Users\Chris\cFish.io\memory.md
[2025-03-15 05:20:14] [INFO] Syncing from department to master: C:\Users\Chris\cFish.io\U4-Production\memory.md
[2025-03-15 05:20:14] [INFO] Found 37 entries in C:\Users\Chris\cFish.io\U4-Production\memory.md
[2025-03-15 05:20:14] [INFO] Found 76 entries in C:\Users\Chris\cFish.io\memory.md
[2025-03-15 05:20:14] [INFO] Added 0 entries to C:\Users\Chris\cFish.io\memory.md
[2025-03-15 05:20:14] [INFO] Syncing from department to master: C:\Users\Chris\cFish.io\U5-Data\memory.md
[2025-03-15 05:20:14] [INFO] Found 47 entries in C:\Users\Chris\cFish.io\U5-Data\memory.md
[2025-03-15 05:20:14] [INFO] Found 76 entries in C:\Users\Chris\cFish.io\memory.md
[2025-03-15 05:20:14] [INFO] Added 0 entries to C:\Users\Chris\cFish.io\memory.md
[2025-03-15 05:20:14] [INFO] Syncing from department to master: C:\Users\Chris\cFish.io\U6-Marketing\memory.md
[2025-03-15 05:20:14] [INFO] Found 4 entries in C:\Users\Chris\cFish.io\U6-Marketing\memory.md
[2025-03-15 05:20:14] [INFO] Found 76 entries in C:\Users\Chris\cFish.io\memory.md
[2025-03-15 05:20:14] [INFO] Added 0 entries to C:\Users\Chris\cFish.io\memory.md
[2025-03-15 05:20:14] [INFO] Syncing from department to master: C:\Users\Chris\cFish.io\U7-Systems\memory.md
[2025-03-15 05:20:14] [INFO] Found 55 entries in C:\Users\Chris\cFish.io\U7-Systems\memory.md
[2025-03-15 05:20:14] [INFO] Found 76 entries in C:\Users\Chris\cFish.io\memory.md
[2025-03-15 05:20:14] [INFO] Added 0 entries to C:\Users\Chris\cFish.io\memory.md
[2025-03-15 05:20:14] [INFO] Phase 2: Syncing from master to departments...
[2025-03-15 05:20:14] [INFO] Syncing from master to department: C:\Users\Chris\cFish.io\U1-Administration\memory.md
[2025-03-15 05:20:14] [INFO] Found 76 entries in C:\Users\Chris\cFish.io\memory.md
[2025-03-15 05:20:14] [INFO] Added 0 entries to C:\Users\Chris\cFish.io\U1-Administration\memory.md
[2025-03-15 05:20:14] [INFO] Syncing from master to department: C:\Users\Chris\cFish.io\U2-Research\memory.md
[2025-03-15 05:20:14] [INFO] Found 76 entries in C:\Users\Chris\cFish.io\memory.md
[2025-03-15 05:20:14] [INFO] Added 0 entries to C:\Users\Chris\cFish.io\U2-Research\memory.md
[2025-03-15 05:20:14] [INFO] Syncing from master to department: C:\Users\Chris\cFish.io\U3-Operations\memory.md
[2025-03-15 05:20:14] [INFO] Found 76 entries in C:\Users\Chris\cFish.io\memory.md
[2025-03-15 05:20:14] [INFO] Added 0 entries to C:\Users\Chris\cFish.io\U3-Operations\memory.md
[2025-03-15 05:20:14] [INFO] Syncing from master to department: C:\Users\Chris\cFish.io\U4-Production\memory.md
[2025-03-15 05:20:14] [INFO] Found 76 entries in C:\Users\Chris\cFish.io\memory.md
[2025-03-15 05:20:14] [INFO] Added 0 entries to C:\Users\Chris\cFish.io\U4-Production\memory.md
[2025-03-15 05:20:14] [INFO] Syncing from master to department: C:\Users\Chris\cFish.io\U5-Data\memory.md
[2025-03-15 05:20:14] [INFO] Found 76 entries in C:\Users\Chris\cFish.io\memory.md
[2025-03-15 05:20:14] [INFO] Added 0 entries to C:\Users\Chris\cFish.io\U5-Data\memory.md
[2025-03-15 05:20:14] [INFO] Syncing from master to department: C:\Users\Chris\cFish.io\U6-Marketing\memory.md
[2025-03-15 05:20:14] [INFO] Found 76 entries in C:\Users\Chris\cFish.io\memory.md
[2025-03-15 05:20:14] [INFO] Added 0 entries to C:\Users\Chris\cFish.io\U6-Marketing\memory.md
[2025-03-15 05:20:14] [INFO] Syncing from master to department: C:\Users\Chris\cFish.io\U7-Systems\memory.md
[2025-03-15 05:20:14] [INFO] Found 76 entries in C:\Users\Chris\cFish.io\memory.md
[2025-03-15 05:20:14] [INFO] Added 0 entries to C:\Users\Chris\cFish.io\U7-Systems\memory.md
[2025-03-15 05:20:14] [INFO] Synchronization completed successfully.
[2025-03-15 05:20:40] [INFO] Starting bidirectional synchronization...
[2025-03-15 05:20:40] [INFO] Phase 1: Syncing from departments to master...
[2025-03-15 05:20:40] [INFO] Syncing from department to master: C:\Users\Chris\cFish.io\U1-Administration\memory.md
[2025-03-15 05:20:40] [INFO] Found 60 entries in C:\Users\Chris\cFish.io\U1-Administration\memory.md
[2025-03-15 05:20:40] [INFO] Found 76 entries in C:\Users\Chris\cFish.io\memory.md
[2025-03-15 05:20:40] [INFO] Added 0 entries to C:\Users\Chris\cFish.io\memory.md
[2025-03-15 05:20:40] [INFO] Syncing from department to master: C:\Users\Chris\cFish.io\U2-Research\memory.md
[2025-03-15 05:20:40] [INFO] Found 16 entries in C:\Users\Chris\cFish.io\U2-Research\memory.md
[2025-03-15 05:20:40] [INFO] Found 76 entries in C:\Users\Chris\cFish.io\memory.md
[2025-03-15 05:20:40] [INFO] Added 0 entries to C:\Users\Chris\cFish.io\memory.md
[2025-03-15 05:20:40] [INFO] Syncing from department to master: C:\Users\Chris\cFish.io\U3-Operations\memory.md
[2025-03-15 05:20:40] [INFO] Found 67 entries in C:\Users\Chris\cFish.io\U3-Operations\memory.md
[2025-03-15 05:20:40] [INFO] Found 76 entries in C:\Users\Chris\cFish.io\memory.md
[2025-03-15 05:20:40] [INFO] Added 0 entries to C:\Users\Chris\cFish.io\memory.md
[2025-03-15 05:20:40] [INFO] Syncing from department to master: C:\Users\Chris\cFish.io\U4-Production\memory.md
[2025-03-15 05:20:40] [INFO] Found 37 entries in C:\Users\Chris\cFish.io\U4-Production\memory.md
[2025-03-15 05:20:40] [INFO] Found 76 entries in C:\Users\Chris\cFish.io\memory.md
[2025-03-15 05:20:40] [INFO] Added 0 entries to C:\Users\Chris\cFish.io\memory.md
[2025-03-15 05:20:40] [INFO] Syncing from department to master: C:\Users\Chris\cFish.io\U5-Data\memory.md
[2025-03-15 05:20:40] [INFO] Found 47 entries in C:\Users\Chris\cFish.io\U5-Data\memory.md
[2025-03-15 05:20:40] [INFO] Found 76 entries in C:\Users\Chris\cFish.io\memory.md
[2025-03-15 05:20:40] [INFO] Added 0 entries to C:\Users\Chris\cFish.io\memory.md
[2025-03-15 05:20:40] [INFO] Syncing from department to master: C:\Users\Chris\cFish.io\U6-Marketing\memory.md
[2025-03-15 05:20:40] [INFO] Found 4 entries in C:\Users\Chris\cFish.io\U6-Marketing\memory.md
[2025-03-15 05:20:40] [INFO] Found 76 entries in C:\Users\Chris\cFish.io\memory.md
[2025-03-15 05:20:40] [INFO] Added 0 entries to C:\Users\Chris\cFish.io\memory.md
[2025-03-15 05:20:40] [INFO] Syncing from department to master: C:\Users\Chris\cFish.io\U7-Systems\memory.md
[2025-03-15 05:20:40] [INFO] Found 55 entries in C:\Users\Chris\cFish.io\U7-Systems\memory.md
[2025-03-15 05:20:40] [INFO] Found 76 entries in C:\Users\Chris\cFish.io\memory.md
[2025-03-15 05:20:40] [INFO] Added 0 entries to C:\Users\Chris\cFish.io\memory.md
[2025-03-15 05:20:40] [INFO] Phase 2: Syncing from master to departments...
[2025-03-15 05:20:40] [INFO] Syncing from master to department: C:\Users\Chris\cFish.io\U1-Administration\memory.md
[2025-03-15 05:20:41] [INFO] Found 76 entries in C:\Users\Chris\cFish.io\memory.md
[2025-03-15 05:20:41] [INFO] Added 0 entries to C:\Users\Chris\cFish.io\U1-Administration\memory.md
[2025-03-15 05:20:41] [INFO] Syncing from master to department: C:\Users\Chris\cFish.io\U2-Research\memory.md
[2025-03-15 05:20:41] [INFO] Found 76 entries in C:\Users\Chris\cFish.io\memory.md
[2025-03-15 05:20:41] [INFO] Added 0 entries to C:\Users\Chris\cFish.io\U2-Research\memory.md
[2025-03-15 05:20:41] [INFO] Syncing from master to department: C:\Users\Chris\cFish.io\U3-Operations\memory.md
[2025-03-15 05:20:41] [INFO] Found 76 entries in C:\Users\Chris\cFish.io\memory.md
[2025-03-15 05:20:41] [INFO] Added 0 entries to C:\Users\Chris\cFish.io\U3-Operations\memory.md
[2025-03-15 05:20:41] [INFO] Syncing from master to department: C:\Users\Chris\cFish.io\U4-Production\memory.md
[2025-03-15 05:20:41] [INFO] Found 76 entries in C:\Users\Chris\cFish.io\memory.md
[2025-03-15 05:20:41] [INFO] Added 0 entries to C:\Users\Chris\cFish.io\U4-Production\memory.md
[2025-03-15 05:20:41] [INFO] Syncing from master to department: C:\Users\Chris\cFish.io\U5-Data\memory.md
[2025-03-15 05:20:41] [INFO] Found 76 entries in C:\Users\Chris\cFish.io\memory.md
[2025-03-15 05:20:41] [INFO] Added 0 entries to C:\Users\Chris\cFish.io\U5-Data\memory.md
[2025-03-15 05:20:41] [INFO] Syncing from master to department: C:\Users\Chris\cFish.io\U6-Marketing\memory.md
[2025-03-15 05:20:41] [INFO] Found 76 entries in C:\Users\Chris\cFish.io\memory.md
[2025-03-15 05:20:41] [INFO] Added 0 entries to C:\Users\Chris\cFish.io\U6-Marketing\memory.md
[2025-03-15 05:20:41] [INFO] Syncing from master to department: C:\Users\Chris\cFish.io\U7-Systems\memory.md
[2025-03-15 05:20:41] [INFO] Found 76 entries in C:\Users\Chris\cFish.io\memory.md
[2025-03-15 05:20:41] [INFO] Added 0 entries to C:\Users\Chris\cFish.io\U7-Systems\memory.md
[2025-03-15 05:20:41] [INFO] Synchronization completed successfully.
[2025-03-15 05:25:58] [INFO] Starting bidirectional synchronization...
[2025-03-15 05:25:58] [INFO] Phase 1: Syncing from departments to master...
[2025-03-15 05:25:58] [INFO] Syncing from department to master: C:\Users\Chris\cFish.io\U1-Administration\memory.md
[2025-03-15 05:25:58] [INFO] Found 60 entries in C:\Users\Chris\cFish.io\U1-Administration\memory.md
[2025-03-15 05:25:58] [INFO] Found 76 entries in C:\Users\Chris\cFish.io\memory.md
[2025-03-15 05:25:58] [INFO] Added 0 entries to C:\Users\Chris\cFish.io\memory.md
[2025-03-15 05:25:58] [INFO] Syncing from department to master: C:\Users\Chris\cFish.io\U2-Research\memory.md
[2025-03-15 05:25:58] [INFO] Found 16 entries in C:\Users\Chris\cFish.io\U2-Research\memory.md
[2025-03-15 05:25:58] [INFO] Found 76 entries in C:\Users\Chris\cFish.io\memory.md
[2025-03-15 05:25:58] [INFO] Added 0 entries to C:\Users\Chris\cFish.io\memory.md
[2025-03-15 05:25:58] [INFO] Syncing from department to master: C:\Users\Chris\cFish.io\U3-Operations\memory.md
[2025-03-15 05:25:58] [INFO] Found 67 entries in C:\Users\Chris\cFish.io\U3-Operations\memory.md
[2025-03-15 05:25:58] [INFO] Found 76 entries in C:\Users\Chris\cFish.io\memory.md
[2025-03-15 05:25:58] [INFO] Added 0 entries to C:\Users\Chris\cFish.io\memory.md
[2025-03-15 05:25:58] [INFO] Syncing from department to master: C:\Users\Chris\cFish.io\U4-Production\memory.md
[2025-03-15 05:25:58] [INFO] Found 37 entries in C:\Users\Chris\cFish.io\U4-Production\memory.md
[2025-03-15 05:25:58] [INFO] Found 76 entries in C:\Users\Chris\cFish.io\memory.md
[2025-03-15 05:25:58] [INFO] Added 0 entries to C:\Users\Chris\cFish.io\memory.md
[2025-03-15 05:25:58] [INFO] Syncing from department to master: C:\Users\Chris\cFish.io\U5-Data\memory.md
[2025-03-15 05:25:58] [INFO] Found 47 entries in C:\Users\Chris\cFish.io\U5-Data\memory.md
[2025-03-15 05:25:58] [INFO] Found 76 entries in C:\Users\Chris\cFish.io\memory.md
[2025-03-15 05:25:58] [INFO] Added 0 entries to C:\Users\Chris\cFish.io\memory.md
[2025-03-15 05:25:58] [INFO] Syncing from department to master: C:\Users\Chris\cFish.io\U6-Marketing\memory.md
[2025-03-15 05:25:58] [INFO] Found 4 entries in C:\Users\Chris\cFish.io\U6-Marketing\memory.md
[2025-03-15 05:25:58] [INFO] Found 76 entries in C:\Users\Chris\cFish.io\memory.md
[2025-03-15 05:25:58] [INFO] Added 0 entries to C:\Users\Chris\cFish.io\memory.md
[2025-03-15 05:25:58] [INFO] Syncing from department to master: C:\Users\Chris\cFish.io\U7-Systems\memory.md
[2025-03-15 05:25:59] [INFO] Found 55 entries in C:\Users\Chris\cFish.io\U7-Systems\memory.md
[2025-03-15 05:25:59] [INFO] Found 76 entries in C:\Users\Chris\cFish.io\memory.md
[2025-03-15 05:25:59] [INFO] Added 0 entries to C:\Users\Chris\cFish.io\memory.md
[2025-03-15 05:25:59] [INFO] Phase 2: Syncing from master to departments...
[2025-03-15 05:25:59] [INFO] Syncing from master to department: C:\Users\Chris\cFish.io\U1-Administration\memory.md
[2025-03-15 05:25:59] [INFO] Found 76 entries in C:\Users\Chris\cFish.io\memory.md
[2025-03-15 05:25:59] [INFO] Added 0 entries to C:\Users\Chris\cFish.io\U1-Administration\memory.md
[2025-03-15 05:25:59] [INFO] Syncing from master to department: C:\Users\Chris\cFish.io\U2-Research\memory.md
[2025-03-15 05:25:59] [INFO] Found 76 entries in C:\Users\Chris\cFish.io\memory.md
[2025-03-15 05:25:59] [INFO] Added 0 entries to C:\Users\Chris\cFish.io\U2-Research\memory.md
[2025-03-15 05:25:59] [INFO] Syncing from master to department: C:\Users\Chris\cFish.io\U3-Operations\memory.md
[2025-03-15 05:25:59] [INFO] Found 76 entries in C:\Users\Chris\cFish.io\memory.md
[2025-03-15 05:25:59] [INFO] Added 0 entries to C:\Users\Chris\cFish.io\U3-Operations\memory.md
[2025-03-15 05:25:59] [INFO] Syncing from master to department: C:\Users\Chris\cFish.io\U4-Production\memory.md
[2025-03-15 05:25:59] [INFO] Found 76 entries in C:\Users\Chris\cFish.io\memory.md
[2025-03-15 05:25:59] [INFO] Added 0 entries to C:\Users\Chris\cFish.io\U4-Production\memory.md
[2025-03-15 05:25:59] [INFO] Syncing from master to department: C:\Users\Chris\cFish.io\U5-Data\memory.md
[2025-03-15 05:25:59] [INFO] Found 76 entries in C:\Users\Chris\cFish.io\memory.md
[2025-03-15 05:25:59] [INFO] Added 0 entries to C:\Users\Chris\cFish.io\U5-Data\memory.md
[2025-03-15 05:25:59] [INFO] Syncing from master to department: C:\Users\Chris\cFish.io\U6-Marketing\memory.md
[2025-03-15 05:25:59] [INFO] Found 76 entries in C:\Users\Chris\cFish.io\memory.md
[2025-03-15 05:25:59] [INFO] Added 0 entries to C:\Users\Chris\cFish.io\U6-Marketing\memory.md
[2025-03-15 05:25:59] [INFO] Syncing from master to department: C:\Users\Chris\cFish.io\U7-Systems\memory.md
[2025-03-15 05:25:59] [INFO] Found 76 entries in C:\Users\Chris\cFish.io\memory.md
[2025-03-15 05:25:59] [INFO] Added 0 entries to C:\Users\Chris\cFish.io\U7-Systems\memory.md
[2025-03-15 05:25:59] [INFO] Synchronization completed successfully.
[2025-03-15 05:34:56] [INFO] Starting bidirectional synchronization...
[2025-03-15 05:34:56] [INFO] Phase 1: Syncing from departments to master...
[2025-03-15 05:34:56] [INFO] Syncing from department to master: C:\Users\Chris\cFish.io\U1-Administration\memory.md
[2025-03-15 05:34:56] [INFO] Found 60 entries in C:\Users\Chris\cFish.io\U1-Administration\memory.md
[2025-03-15 05:34:56] [INFO] Found 76 entries in C:\Users\Chris\cFish.io\memory.md
[2025-03-15 05:34:56] [INFO] Added 0 entries to C:\Users\Chris\cFish.io\memory.md
[2025-03-15 05:34:56] [INFO] Syncing from department to master: C:\Users\Chris\cFish.io\U2-Research\memory.md
[2025-03-15 05:34:56] [INFO] Found 16 entries in C:\Users\Chris\cFish.io\U2-Research\memory.md
[2025-03-15 05:34:56] [INFO] Found 76 entries in C:\Users\Chris\cFish.io\memory.md
[2025-03-15 05:34:56] [INFO] Added 0 entries to C:\Users\Chris\cFish.io\memory.md
[2025-03-15 05:34:56] [INFO] Syncing from department to master: C:\Users\Chris\cFish.io\U3-Operations\memory.md
[2025-03-15 05:34:56] [INFO] Found 67 entries in C:\Users\Chris\cFish.io\U3-Operations\memory.md
[2025-03-15 05:34:56] [INFO] Found 76 entries in C:\Users\Chris\cFish.io\memory.md
[2025-03-15 05:34:56] [INFO] Added 0 entries to C:\Users\Chris\cFish.io\memory.md
[2025-03-15 05:34:56] [INFO] Syncing from department to master: C:\Users\Chris\cFish.io\U4-Production\memory.md
[2025-03-15 05:34:56] [INFO] Found 37 entries in C:\Users\Chris\cFish.io\U4-Production\memory.md
[2025-03-15 05:34:56] [INFO] Found 76 entries in C:\Users\Chris\cFish.io\memory.md
[2025-03-15 05:34:56] [INFO] Added 0 entries to C:\Users\Chris\cFish.io\memory.md
[2025-03-15 05:34:56] [INFO] Syncing from department to master: C:\Users\Chris\cFish.io\U5-Data\memory.md
[2025-03-15 05:34:56] [INFO] Found 47 entries in C:\Users\Chris\cFish.io\U5-Data\memory.md
[2025-03-15 05:34:56] [INFO] Found 76 entries in C:\Users\Chris\cFish.io\memory.md
[2025-03-15 05:34:56] [INFO] Added 0 entries to C:\Users\Chris\cFish.io\memory.md
[2025-03-15 05:34:56] [INFO] Syncing from department to master: C:\Users\Chris\cFish.io\U6-Marketing\memory.md
[2025-03-15 05:34:56] [INFO] Found 4 entries in C:\Users\Chris\cFish.io\U6-Marketing\memory.md
[2025-03-15 05:34:56] [INFO] Found 76 entries in C:\Users\Chris\cFish.io\memory.md
[2025-03-15 05:34:56] [INFO] Added 0 entries to C:\Users\Chris\cFish.io\memory.md
[2025-03-15 05:34:56] [INFO] Syncing from department to master: C:\Users\Chris\cFish.io\U7-Systems\memory.md
[2025-03-15 05:34:56] [INFO] Found 55 entries in C:\Users\Chris\cFish.io\U7-Systems\memory.md
[2025-03-15 05:34:56] [INFO] Found 76 entries in C:\Users\Chris\cFish.io\memory.md
[2025-03-15 05:34:56] [INFO] Added 0 entries to C:\Users\Chris\cFish.io\memory.md
[2025-03-15 05:34:56] [INFO] Phase 2: Syncing from master to departments...
[2025-03-15 05:34:56] [INFO] Syncing from master to department: C:\Users\Chris\cFish.io\U1-Administration\memory.md
[2025-03-15 05:34:56] [INFO] Found 76 entries in C:\Users\Chris\cFish.io\memory.md
[2025-03-15 05:34:56] [INFO] Added 0 entries to C:\Users\Chris\cFish.io\U1-Administration\memory.md
[2025-03-15 05:34:56] [INFO] Syncing from master to department: C:\Users\Chris\cFish.io\U2-Research\memory.md
[2025-03-15 05:34:56] [INFO] Found 76 entries in C:\Users\Chris\cFish.io\memory.md
[2025-03-15 05:34:56] [INFO] Added 0 entries to C:\Users\Chris\cFish.io\U2-Research\memory.md
[2025-03-15 05:34:57] [INFO] Syncing from master to department: C:\Users\Chris\cFish.io\U3-Operations\memory.md
[2025-03-15 05:34:57] [INFO] Found 76 entries in C:\Users\Chris\cFish.io\memory.md
[2025-03-15 05:34:57] [INFO] Added 0 entries to C:\Users\Chris\cFish.io\U3-Operations\memory.md
[2025-03-15 05:34:57] [INFO] Syncing from master to department: C:\Users\Chris\cFish.io\U4-Production\memory.md
[2025-03-15 05:34:57] [INFO] Found 76 entries in C:\Users\Chris\cFish.io\memory.md
[2025-03-15 05:34:57] [INFO] Added 0 entries to C:\Users\Chris\cFish.io\U4-Production\memory.md
[2025-03-15 05:34:57] [INFO] Syncing from master to department: C:\Users\Chris\cFish.io\U5-Data\memory.md
[2025-03-15 05:34:57] [INFO] Found 76 entries in C:\Users\Chris\cFish.io\memory.md
[2025-03-15 05:34:57] [INFO] Added 0 entries to C:\Users\Chris\cFish.io\U5-Data\memory.md
[2025-03-15 05:34:57] [INFO] Syncing from master to department: C:\Users\Chris\cFish.io\U6-Marketing\memory.md
[2025-03-15 05:34:57] [INFO] Found 76 entries in C:\Users\Chris\cFish.io\memory.md
[2025-03-15 05:34:57] [INFO] Added 0 entries to C:\Users\Chris\cFish.io\U6-Marketing\memory.md
[2025-03-15 05:34:57] [INFO] Syncing from master to department: C:\Users\Chris\cFish.io\U7-Systems\memory.md
[2025-03-15 05:34:57] [INFO] Found 76 entries in C:\Users\Chris\cFish.io\memory.md
[2025-03-15 05:34:57] [INFO] Added 0 entries to C:\Users\Chris\cFish.io\U7-Systems\memory.md
[2025-03-15 05:34:57] [INFO] Synchronization completed successfully.
[2025-03-15 05:36:05] [INFO] Starting bidirectional synchronization...
[2025-03-15 05:36:05] [INFO] Phase 1: Syncing from departments to master...
[2025-03-15 05:36:05] [INFO] Syncing from department to master: C:\Users\Chris\cFish.io\U1-Administration\memory.md
[2025-03-15 05:36:05] [INFO] Found 60 entries in C:\Users\Chris\cFish.io\U1-Administration\memory.md
[2025-03-15 05:36:05] [INFO] Found 76 entries in C:\Users\Chris\cFish.io\memory.md
[2025-03-15 05:36:05] [INFO] Added 0 entries to C:\Users\Chris\cFish.io\memory.md
[2025-03-15 05:36:05] [INFO] Syncing from department to master: C:\Users\Chris\cFish.io\U2-Research\memory.md
[2025-03-15 05:36:05] [INFO] Found 16 entries in C:\Users\Chris\cFish.io\U2-Research\memory.md
[2025-03-15 05:36:05] [INFO] Found 76 entries in C:\Users\Chris\cFish.io\memory.md
[2025-03-15 05:36:05] [INFO] Added 0 entries to C:\Users\Chris\cFish.io\memory.md
[2025-03-15 05:36:05] [INFO] Syncing from department to master: C:\Users\Chris\cFish.io\U3-Operations\memory.md
[2025-03-15 05:36:05] [INFO] Found 67 entries in C:\Users\Chris\cFish.io\U3-Operations\memory.md
[2025-03-15 05:36:05] [INFO] Found 76 entries in C:\Users\Chris\cFish.io\memory.md
[2025-03-15 05:36:05] [INFO] Added 0 entries to C:\Users\Chris\cFish.io\memory.md
[2025-03-15 05:36:05] [INFO] Syncing from department to master: C:\Users\Chris\cFish.io\U4-Production\memory.md
[2025-03-15 05:36:05] [INFO] Found 37 entries in C:\Users\Chris\cFish.io\U4-Production\memory.md
[2025-03-15 05:36:05] [INFO] Found 76 entries in C:\Users\Chris\cFish.io\memory.md
[2025-03-15 05:36:05] [INFO] Added 0 entries to C:\Users\Chris\cFish.io\memory.md
[2025-03-15 05:36:05] [INFO] Syncing from department to master: C:\Users\Chris\cFish.io\U5-Data\memory.md
[2025-03-15 05:36:05] [INFO] Found 47 entries in C:\Users\Chris\cFish.io\U5-Data\memory.md
[2025-03-15 05:36:05] [INFO] Found 76 entries in C:\Users\Chris\cFish.io\memory.md
[2025-03-15 05:36:05] [INFO] Added 0 entries to C:\Users\Chris\cFish.io\memory.md
[2025-03-15 05:36:05] [INFO] Syncing from department to master: C:\Users\Chris\cFish.io\U6-Marketing\memory.md
[2025-03-15 05:36:05] [INFO] Found 4 entries in C:\Users\Chris\cFish.io\U6-Marketing\memory.md
[2025-03-15 05:36:05] [INFO] Found 76 entries in C:\Users\Chris\cFish.io\memory.md
[2025-03-15 05:36:05] [INFO] Added 0 entries to C:\Users\Chris\cFish.io\memory.md
[2025-03-15 05:36:05] [INFO] Syncing from department to master: C:\Users\Chris\cFish.io\U7-Systems\memory.md
[2025-03-15 05:36:05] [INFO] Found 55 entries in C:\Users\Chris\cFish.io\U7-Systems\memory.md
[2025-03-15 05:36:05] [INFO] Found 76 entries in C:\Users\Chris\cFish.io\memory.md
[2025-03-15 05:36:05] [INFO] Added 0 entries to C:\Users\Chris\cFish.io\memory.md
[2025-03-15 05:36:05] [INFO] Phase 2: Syncing from master to departments...
[2025-03-15 05:36:05] [INFO] Syncing from master to department: C:\Users\Chris\cFish.io\U1-Administration\memory.md
[2025-03-15 05:36:05] [INFO] Found 76 entries in C:\Users\Chris\cFish.io\memory.md
[2025-03-15 05:36:05] [INFO] Added 0 entries to C:\Users\Chris\cFish.io\U1-Administration\memory.md
[2025-03-15 05:36:05] [INFO] Syncing from master to department: C:\Users\Chris\cFish.io\U2-Research\memory.md
[2025-03-15 05:36:05] [INFO] Found 76 entries in C:\Users\Chris\cFish.io\memory.md
[2025-03-15 05:36:05] [INFO] Added 0 entries to C:\Users\Chris\cFish.io\U2-Research\memory.md
[2025-03-15 05:36:05] [INFO] Syncing from master to department: C:\Users\Chris\cFish.io\U3-Operations\memory.md
[2025-03-15 05:36:05] [INFO] Found 76 entries in C:\Users\Chris\cFish.io\memory.md
[2025-03-15 05:36:05] [INFO] Added 0 entries to C:\Users\Chris\cFish.io\U3-Operations\memory.md
[2025-03-15 05:36:05] [INFO] Syncing from master to department: C:\Users\Chris\cFish.io\U4-Production\memory.md
[2025-03-15 05:36:05] [INFO] Found 76 entries in C:\Users\Chris\cFish.io\memory.md
[2025-03-15 05:36:05] [INFO] Added 0 entries to C:\Users\Chris\cFish.io\U4-Production\memory.md
[2025-03-15 05:36:05] [INFO] Syncing from master to department: C:\Users\Chris\cFish.io\U5-Data\memory.md
[2025-03-15 05:36:06] [INFO] Found 76 entries in C:\Users\Chris\cFish.io\memory.md
[2025-03-15 05:36:06] [INFO] Added 0 entries to C:\Users\Chris\cFish.io\U5-Data\memory.md
[2025-03-15 05:36:06] [INFO] Syncing from master to department: C:\Users\Chris\cFish.io\U6-Marketing\memory.md
[2025-03-15 05:36:06] [INFO] Found 76 entries in C:\Users\Chris\cFish.io\memory.md
[2025-03-15 05:36:06] [INFO] Added 0 entries to C:\Users\Chris\cFish.io\U6-Marketing\memory.md
[2025-03-15 05:36:06] [INFO] Syncing from master to department: C:\Users\Chris\cFish.io\U7-Systems\memory.md
[2025-03-15 05:36:06] [INFO] Found 76 entries in C:\Users\Chris\cFish.io\memory.md
[2025-03-15 05:36:06] [INFO] Added 0 entries to C:\Users\Chris\cFish.io\U7-Systems\memory.md
[2025-03-15 05:36:06] [INFO] Synchronization completed successfully.
[2025-03-15 05:37:09] [INFO] Starting bidirectional synchronization...
[2025-03-15 05:37:09] [INFO] Phase 1: Syncing from departments to master...
[2025-03-15 05:37:09] [INFO] Syncing from department to master: C:\Users\Chris\cFish.io\U1-Administration\memory.md
[2025-03-15 05:37:09] [INFO] Found 60 entries in C:\Users\Chris\cFish.io\U1-Administration\memory.md
[2025-03-15 05:37:09] [INFO] Found 76 entries in C:\Users\Chris\cFish.io\memory.md
[2025-03-15 05:37:09] [INFO] Added 0 entries to C:\Users\Chris\cFish.io\memory.md
[2025-03-15 05:37:09] [INFO] Syncing from department to master: C:\Users\Chris\cFish.io\U2-Research\memory.md
[2025-03-15 05:37:09] [INFO] Found 16 entries in C:\Users\Chris\cFish.io\U2-Research\memory.md
[2025-03-15 05:37:09] [INFO] Found 76 entries in C:\Users\Chris\cFish.io\memory.md
[2025-03-15 05:37:09] [INFO] Added 0 entries to C:\Users\Chris\cFish.io\memory.md
[2025-03-15 05:37:09] [INFO] Syncing from department to master: C:\Users\Chris\cFish.io\U3-Operations\memory.md
[2025-03-15 05:37:09] [INFO] Found 67 entries in C:\Users\Chris\cFish.io\U3-Operations\memory.md
[2025-03-15 05:37:09] [INFO] Found 76 entries in C:\Users\Chris\cFish.io\memory.md
[2025-03-15 05:37:09] [INFO] Added 0 entries to C:\Users\Chris\cFish.io\memory.md
[2025-03-15 05:37:09] [INFO] Syncing from department to master: C:\Users\Chris\cFish.io\U4-Production\memory.md
[2025-03-15 05:37:09] [INFO] Found 37 entries in C:\Users\Chris\cFish.io\U4-Production\memory.md
[2025-03-15 05:37:09] [INFO] Found 76 entries in C:\Users\Chris\cFish.io\memory.md
[2025-03-15 05:37:09] [INFO] Added 0 entries to C:\Users\Chris\cFish.io\memory.md
[2025-03-15 05:37:09] [INFO] Syncing from department to master: C:\Users\Chris\cFish.io\U5-Data\memory.md
[2025-03-15 05:37:09] [INFO] Found 47 entries in C:\Users\Chris\cFish.io\U5-Data\memory.md
[2025-03-15 05:37:09] [INFO] Found 76 entries in C:\Users\Chris\cFish.io\memory.md
[2025-03-15 05:37:09] [INFO] Added 0 entries to C:\Users\Chris\cFish.io\memory.md
[2025-03-15 05:37:09] [INFO] Syncing from department to master: C:\Users\Chris\cFish.io\U6-Marketing\memory.md
[2025-03-15 05:37:09] [INFO] Found 4 entries in C:\Users\Chris\cFish.io\U6-Marketing\memory.md
[2025-03-15 05:37:09] [INFO] Found 76 entries in C:\Users\Chris\cFish.io\memory.md
[2025-03-15 05:37:09] [INFO] Added 0 entries to C:\Users\Chris\cFish.io\memory.md
[2025-03-15 05:37:09] [INFO] Syncing from department to master: C:\Users\Chris\cFish.io\U7-Systems\memory.md
[2025-03-15 05:37:09] [INFO] Found 55 entries in C:\Users\Chris\cFish.io\U7-Systems\memory.md
[2025-03-15 05:37:09] [INFO] Found 76 entries in C:\Users\Chris\cFish.io\memory.md
[2025-03-15 05:37:09] [INFO] Added 0 entries to C:\Users\Chris\cFish.io\memory.md
[2025-03-15 05:37:09] [INFO] Phase 2: Syncing from master to departments...
[2025-03-15 05:37:09] [INFO] Syncing from master to department: C:\Users\Chris\cFish.io\U1-Administration\memory.md
[2025-03-15 05:37:10] [INFO] Found 76 entries in C:\Users\Chris\cFish.io\memory.md
[2025-03-15 05:37:10] [INFO] Added 0 entries to C:\Users\Chris\cFish.io\U1-Administration\memory.md
[2025-03-15 05:37:10] [INFO] Syncing from master to department: C:\Users\Chris\cFish.io\U2-Research\memory.md
[2025-03-15 05:37:10] [INFO] Found 76 entries in C:\Users\Chris\cFish.io\memory.md
[2025-03-15 05:37:10] [INFO] Added 0 entries to C:\Users\Chris\cFish.io\U2-Research\memory.md
[2025-03-15 05:37:10] [INFO] Syncing from master to department: C:\Users\Chris\cFish.io\U3-Operations\memory.md
[2025-03-15 05:37:10] [INFO] Found 76 entries in C:\Users\Chris\cFish.io\memory.md
[2025-03-15 05:37:10] [INFO] Added 0 entries to C:\Users\Chris\cFish.io\U3-Operations\memory.md
[2025-03-15 05:37:10] [INFO] Syncing from master to department: C:\Users\Chris\cFish.io\U4-Production\memory.md
[2025-03-15 05:37:10] [INFO] Found 76 entries in C:\Users\Chris\cFish.io\memory.md
[2025-03-15 05:37:10] [INFO] Added 0 entries to C:\Users\Chris\cFish.io\U4-Production\memory.md
[2025-03-15 05:37:10] [INFO] Syncing from master to department: C:\Users\Chris\cFish.io\U5-Data\memory.md
[2025-03-15 05:37:10] [INFO] Found 76 entries in C:\Users\Chris\cFish.io\memory.md
[2025-03-15 05:37:10] [INFO] Added 0 entries to C:\Users\Chris\cFish.io\U5-Data\memory.md
[2025-03-15 05:37:10] [INFO] Syncing from master to department: C:\Users\Chris\cFish.io\U6-Marketing\memory.md
[2025-03-15 05:37:10] [INFO] Found 76 entries in C:\Users\Chris\cFish.io\memory.md
[2025-03-15 05:37:10] [INFO] Added 0 entries to C:\Users\Chris\cFish.io\U6-Marketing\memory.md
[2025-03-15 05:37:10] [INFO] Syncing from master to department: C:\Users\Chris\cFish.io\U7-Systems\memory.md
[2025-03-15 05:37:10] [INFO] Found 76 entries in C:\Users\Chris\cFish.io\memory.md
[2025-03-15 05:37:10] [INFO] Added 0 entries to C:\Users\Chris\cFish.io\U7-Systems\memory.md
[2025-03-15 05:37:10] [INFO] Synchronization completed successfully.
[2025-03-15 05:38:56] [INFO] Starting bidirectional synchronization...
[2025-03-15 05:38:56] [INFO] Phase 1: Syncing from departments to master...
[2025-03-15 05:38:56] [INFO] Syncing from department to master: C:\Users\Chris\cFish.io\U1-Administration\memory.md
[2025-03-15 05:38:56] [INFO] Found 60 entries in C:\Users\Chris\cFish.io\U1-Administration\memory.md
[2025-03-15 05:38:57] [INFO] Found 76 entries in C:\Users\Chris\cFish.io\memory.md
[2025-03-15 05:38:57] [INFO] Added 0 entries to C:\Users\Chris\cFish.io\memory.md
[2025-03-15 05:38:57] [INFO] Syncing from department to master: C:\Users\Chris\cFish.io\U2-Research\memory.md
[2025-03-15 05:38:57] [INFO] Found 16 entries in C:\Users\Chris\cFish.io\U2-Research\memory.md
[2025-03-15 05:38:57] [INFO] Found 76 entries in C:\Users\Chris\cFish.io\memory.md
[2025-03-15 05:38:57] [INFO] Added 0 entries to C:\Users\Chris\cFish.io\memory.md
[2025-03-15 05:38:57] [INFO] Syncing from department to master: C:\Users\Chris\cFish.io\U3-Operations\memory.md
[2025-03-15 05:38:57] [INFO] Found 67 entries in C:\Users\Chris\cFish.io\U3-Operations\memory.md
[2025-03-15 05:38:57] [INFO] Found 76 entries in C:\Users\Chris\cFish.io\memory.md
[2025-03-15 05:38:57] [INFO] Added 0 entries to C:\Users\Chris\cFish.io\memory.md
[2025-03-15 05:38:57] [INFO] Syncing from department to master: C:\Users\Chris\cFish.io\U4-Production\memory.md
[2025-03-15 05:38:57] [INFO] Found 37 entries in C:\Users\Chris\cFish.io\U4-Production\memory.md
[2025-03-15 05:38:57] [INFO] Found 76 entries in C:\Users\Chris\cFish.io\memory.md
[2025-03-15 05:38:57] [INFO] Added 0 entries to C:\Users\Chris\cFish.io\memory.md
[2025-03-15 05:38:57] [INFO] Syncing from department to master: C:\Users\Chris\cFish.io\U5-Data\memory.md
[2025-03-15 05:38:57] [INFO] Found 47 entries in C:\Users\Chris\cFish.io\U5-Data\memory.md
[2025-03-15 05:38:57] [INFO] Found 76 entries in C:\Users\Chris\cFish.io\memory.md
[2025-03-15 05:38:57] [INFO] Added 0 entries to C:\Users\Chris\cFish.io\memory.md
[2025-03-15 05:38:57] [INFO] Syncing from department to master: C:\Users\Chris\cFish.io\U6-Marketing\memory.md
[2025-03-15 05:38:57] [INFO] Found 4 entries in C:\Users\Chris\cFish.io\U6-Marketing\memory.md
[2025-03-15 05:38:57] [INFO] Found 76 entries in C:\Users\Chris\cFish.io\memory.md
[2025-03-15 05:38:57] [INFO] Added 0 entries to C:\Users\Chris\cFish.io\memory.md
[2025-03-15 05:38:57] [INFO] Syncing from department to master: C:\Users\Chris\cFish.io\U7-Systems\memory.md
[2025-03-15 05:38:57] [INFO] Found 55 entries in C:\Users\Chris\cFish.io\U7-Systems\memory.md
[2025-03-15 05:38:57] [INFO] Found 76 entries in C:\Users\Chris\cFish.io\memory.md
[2025-03-15 05:38:57] [INFO] Added 0 entries to C:\Users\Chris\cFish.io\memory.md
[2025-03-15 05:38:57] [INFO] Phase 2: Syncing from master to departments...
[2025-03-15 05:38:57] [INFO] Syncing from master to department: C:\Users\Chris\cFish.io\U1-Administration\memory.md
[2025-03-15 05:38:57] [INFO] Found 76 entries in C:\Users\Chris\cFish.io\memory.md
[2025-03-15 05:38:57] [INFO] Added 0 entries to C:\Users\Chris\cFish.io\U1-Administration\memory.md
[2025-03-15 05:38:57] [INFO] Syncing from master to department: C:\Users\Chris\cFish.io\U2-Research\memory.md
[2025-03-15 05:38:57] [INFO] Found 76 entries in C:\Users\Chris\cFish.io\memory.md
[2025-03-15 05:38:57] [INFO] Added 0 entries to C:\Users\Chris\cFish.io\U2-Research\memory.md
[2025-03-15 05:38:57] [INFO] Syncing from master to department: C:\Users\Chris\cFish.io\U3-Operations\memory.md
[2025-03-15 05:38:57] [INFO] Found 76 entries in C:\Users\Chris\cFish.io\memory.md
[2025-03-15 05:38:57] [INFO] Added 0 entries to C:\Users\Chris\cFish.io\U3-Operations\memory.md
[2025-03-15 05:38:57] [INFO] Syncing from master to department: C:\Users\Chris\cFish.io\U4-Production\memory.md
[2025-03-15 05:38:57] [INFO] Found 76 entries in C:\Users\Chris\cFish.io\memory.md
[2025-03-15 05:38:57] [INFO] Added 0 entries to C:\Users\Chris\cFish.io\U4-Production\memory.md
[2025-03-15 05:38:57] [INFO] Syncing from master to department: C:\Users\Chris\cFish.io\U5-Data\memory.md
[2025-03-15 05:38:57] [INFO] Found 76 entries in C:\Users\Chris\cFish.io\memory.md
[2025-03-15 05:38:57] [INFO] Added 0 entries to C:\Users\Chris\cFish.io\U5-Data\memory.md
[2025-03-15 05:38:57] [INFO] Syncing from master to department: C:\Users\Chris\cFish.io\U6-Marketing\memory.md
[2025-03-15 05:38:57] [INFO] Found 76 entries in C:\Users\Chris\cFish.io\memory.md
[2025-03-15 05:38:57] [INFO] Added 0 entries to C:\Users\Chris\cFish.io\U6-Marketing\memory.md
[2025-03-15 05:38:57] [INFO] Syncing from master to department: C:\Users\Chris\cFish.io\U7-Systems\memory.md
[2025-03-15 05:38:57] [INFO] Found 76 entries in C:\Users\Chris\cFish.io\memory.md
[2025-03-15 05:38:57] [INFO] Added 0 entries to C:\Users\Chris\cFish.io\U7-Systems\memory.md
[2025-03-15 05:38:57] [INFO] Synchronization completed successfully.
[2025-03-15 05:40:49] [INFO] Starting bidirectional synchronization...
[2025-03-15 05:40:49] [INFO] Phase 1: Syncing from departments to master...
[2025-03-15 05:40:49] [INFO] Syncing from department to master: C:\Users\Chris\cFish.io\U1-Administration\memory.md
[2025-03-15 05:40:49] [INFO] Found 60 entries in C:\Users\Chris\cFish.io\U1-Administration\memory.md
[2025-03-15 05:40:49] [INFO] Found 76 entries in C:\Users\Chris\cFish.io\memory.md
[2025-03-15 05:40:49] [INFO] Added 0 entries to C:\Users\Chris\cFish.io\memory.md
[2025-03-15 05:40:49] [INFO] Syncing from department to master: C:\Users\Chris\cFish.io\U2-Research\memory.md
[2025-03-15 05:40:49] [INFO] Found 16 entries in C:\Users\Chris\cFish.io\U2-Research\memory.md
[2025-03-15 05:40:49] [INFO] Found 76 entries in C:\Users\Chris\cFish.io\memory.md
[2025-03-15 05:40:49] [INFO] Added 0 entries to C:\Users\Chris\cFish.io\memory.md
[2025-03-15 05:40:49] [INFO] Syncing from department to master: C:\Users\Chris\cFish.io\U3-Operations\memory.md
[2025-03-15 05:40:49] [INFO] Found 67 entries in C:\Users\Chris\cFish.io\U3-Operations\memory.md
[2025-03-15 05:40:49] [INFO] Found 76 entries in C:\Users\Chris\cFish.io\memory.md
[2025-03-15 05:40:49] [INFO] Added 0 entries to C:\Users\Chris\cFish.io\memory.md
[2025-03-15 05:40:49] [INFO] Syncing from department to master: C:\Users\Chris\cFish.io\U4-Production\memory.md
[2025-03-15 05:40:49] [INFO] Found 37 entries in C:\Users\Chris\cFish.io\U4-Production\memory.md
[2025-03-15 05:40:49] [INFO] Found 76 entries in C:\Users\Chris\cFish.io\memory.md
[2025-03-15 05:40:49] [INFO] Added 0 entries to C:\Users\Chris\cFish.io\memory.md
[2025-03-15 05:40:49] [INFO] Syncing from department to master: C:\Users\Chris\cFish.io\U5-Data\memory.md
[2025-03-15 05:40:49] [INFO] Found 47 entries in C:\Users\Chris\cFish.io\U5-Data\memory.md
[2025-03-15 05:40:49] [INFO] Found 76 entries in C:\Users\Chris\cFish.io\memory.md
[2025-03-15 05:40:49] [INFO] Added 0 entries to C:\Users\Chris\cFish.io\memory.md
[2025-03-15 05:40:49] [INFO] Syncing from department to master: C:\Users\Chris\cFish.io\U6-Marketing\memory.md
[2025-03-15 05:40:49] [INFO] Found 4 entries in C:\Users\Chris\cFish.io\U6-Marketing\memory.md
[2025-03-15 05:40:49] [INFO] Found 76 entries in C:\Users\Chris\cFish.io\memory.md
[2025-03-15 05:40:49] [INFO] Added 0 entries to C:\Users\Chris\cFish.io\memory.md
[2025-03-15 05:40:49] [INFO] Syncing from department to master: C:\Users\Chris\cFish.io\U7-Systems\memory.md
[2025-03-15 05:40:49] [INFO] Found 55 entries in C:\Users\Chris\cFish.io\U7-Systems\memory.md
[2025-03-15 05:40:49] [INFO] Found 76 entries in C:\Users\Chris\cFish.io\memory.md
[2025-03-15 05:40:49] [INFO] Added 0 entries to C:\Users\Chris\cFish.io\memory.md
[2025-03-15 05:40:49] [INFO] Phase 2: Syncing from master to departments...
[2025-03-15 05:40:49] [INFO] Syncing from master to department: C:\Users\Chris\cFish.io\U1-Administration\memory.md
[2025-03-15 05:40:49] [INFO] Found 76 entries in C:\Users\Chris\cFish.io\memory.md
[2025-03-15 05:40:49] [INFO] Added 0 entries to C:\Users\Chris\cFish.io\U1-Administration\memory.md
[2025-03-15 05:40:49] [INFO] Syncing from master to department: C:\Users\Chris\cFish.io\U2-Research\memory.md
[2025-03-15 05:40:49] [INFO] Found 76 entries in C:\Users\Chris\cFish.io\memory.md
[2025-03-15 05:40:49] [INFO] Added 0 entries to C:\Users\Chris\cFish.io\U2-Research\memory.md
[2025-03-15 05:40:49] [INFO] Syncing from master to department: C:\Users\Chris\cFish.io\U3-Operations\memory.md
[2025-03-15 05:40:49] [INFO] Found 76 entries in C:\Users\Chris\cFish.io\memory.md
[2025-03-15 05:40:49] [INFO] Added 0 entries to C:\Users\Chris\cFish.io\U3-Operations\memory.md
[2025-03-15 05:40:49] [INFO] Syncing from master to department: C:\Users\Chris\cFish.io\U4-Production\memory.md
[2025-03-15 05:40:49] [INFO] Found 76 entries in C:\Users\Chris\cFish.io\memory.md
[2025-03-15 05:40:49] [INFO] Added 0 entries to C:\Users\Chris\cFish.io\U4-Production\memory.md
[2025-03-15 05:40:49] [INFO] Syncing from master to department: C:\Users\Chris\cFish.io\U5-Data\memory.md
[2025-03-15 05:40:49] [INFO] Found 76 entries in C:\Users\Chris\cFish.io\memory.md
[2025-03-15 05:40:49] [INFO] Added 0 entries to C:\Users\Chris\cFish.io\U5-Data\memory.md
[2025-03-15 05:40:49] [INFO] Syncing from master to department: C:\Users\Chris\cFish.io\U6-Marketing\memory.md
[2025-03-15 05:40:49] [INFO] Found 76 entries in C:\Users\Chris\cFish.io\memory.md
[2025-03-15 05:40:49] [INFO] Added 0 entries to C:\Users\Chris\cFish.io\U6-Marketing\memory.md
[2025-03-15 05:40:49] [INFO] Syncing from master to department: C:\Users\Chris\cFish.io\U7-Systems\memory.md
[2025-03-15 05:40:49] [INFO] Found 76 entries in C:\Users\Chris\cFish.io\memory.md
[2025-03-15 05:40:50] [INFO] Added 0 entries to C:\Users\Chris\cFish.io\U7-Systems\memory.md
[2025-03-15 05:40:50] [INFO] Synchronization completed successfully.
[2025-03-15 05:42:32] [INFO] Starting bidirectional synchronization...
[2025-03-15 05:42:32] [INFO] Phase 1: Syncing from departments to master...
[2025-03-15 05:42:32] [INFO] Syncing from department to master: C:\Users\Chris\cFish.io\U1-Administration\memory.md
[2025-03-15 05:42:32] [INFO] Found 60 entries in C:\Users\Chris\cFish.io\U1-Administration\memory.md
[2025-03-15 05:42:32] [INFO] Found 76 entries in C:\Users\Chris\cFish.io\memory.md
[2025-03-15 05:42:32] [INFO] Added 0 entries to C:\Users\Chris\cFish.io\memory.md
[2025-03-15 05:42:32] [INFO] Syncing from department to master: C:\Users\Chris\cFish.io\U2-Research\memory.md
[2025-03-15 05:42:32] [INFO] Found 16 entries in C:\Users\Chris\cFish.io\U2-Research\memory.md
[2025-03-15 05:42:32] [INFO] Found 76 entries in C:\Users\Chris\cFish.io\memory.md
[2025-03-15 05:42:32] [INFO] Added 0 entries to C:\Users\Chris\cFish.io\memory.md
[2025-03-15 05:42:32] [INFO] Syncing from department to master: C:\Users\Chris\cFish.io\U3-Operations\memory.md
[2025-03-15 05:42:32] [INFO] Found 67 entries in C:\Users\Chris\cFish.io\U3-Operations\memory.md
[2025-03-15 05:42:32] [INFO] Found 76 entries in C:\Users\Chris\cFish.io\memory.md
[2025-03-15 05:42:32] [INFO] Added 0 entries to C:\Users\Chris\cFish.io\memory.md
[2025-03-15 05:42:32] [INFO] Syncing from department to master: C:\Users\Chris\cFish.io\U4-Production\memory.md
[2025-03-15 05:42:32] [INFO] Found 37 entries in C:\Users\Chris\cFish.io\U4-Production\memory.md
[2025-03-15 05:42:32] [INFO] Found 76 entries in C:\Users\Chris\cFish.io\memory.md
[2025-03-15 05:42:32] [INFO] Added 0 entries to C:\Users\Chris\cFish.io\memory.md
[2025-03-15 05:42:32] [INFO] Syncing from department to master: C:\Users\Chris\cFish.io\U5-Data\memory.md
[2025-03-15 05:42:32] [INFO] Found 47 entries in C:\Users\Chris\cFish.io\U5-Data\memory.md
[2025-03-15 05:42:33] [INFO] Found 76 entries in C:\Users\Chris\cFish.io\memory.md
[2025-03-15 05:42:33] [INFO] Added 0 entries to C:\Users\Chris\cFish.io\memory.md
[2025-03-15 05:42:33] [INFO] Syncing from department to master: C:\Users\Chris\cFish.io\U6-Marketing\memory.md
[2025-03-15 05:42:33] [INFO] Found 4 entries in C:\Users\Chris\cFish.io\U6-Marketing\memory.md
[2025-03-15 05:42:33] [INFO] Found 76 entries in C:\Users\Chris\cFish.io\memory.md
[2025-03-15 05:42:33] [INFO] Added 0 entries to C:\Users\Chris\cFish.io\memory.md
[2025-03-15 05:42:33] [INFO] Syncing from department to master: C:\Users\Chris\cFish.io\U7-Systems\memory.md
[2025-03-15 05:42:33] [INFO] Found 55 entries in C:\Users\Chris\cFish.io\U7-Systems\memory.md
[2025-03-15 05:42:33] [INFO] Found 76 entries in C:\Users\Chris\cFish.io\memory.md
[2025-03-15 05:42:33] [INFO] Added 0 entries to C:\Users\Chris\cFish.io\memory.md
[2025-03-15 05:42:33] [INFO] Phase 2: Syncing from master to departments...
[2025-03-15 05:42:33] [INFO] Syncing from master to department: C:\Users\Chris\cFish.io\U1-Administration\memory.md
[2025-03-15 05:42:33] [INFO] Found 76 entries in C:\Users\Chris\cFish.io\memory.md
[2025-03-15 05:42:33] [INFO] Added 0 entries to C:\Users\Chris\cFish.io\U1-Administration\memory.md
[2025-03-15 05:42:33] [INFO] Syncing from master to department: C:\Users\Chris\cFish.io\U2-Research\memory.md
[2025-03-15 05:42:33] [INFO] Found 76 entries in C:\Users\Chris\cFish.io\memory.md
[2025-03-15 05:42:33] [INFO] Added 0 entries to C:\Users\Chris\cFish.io\U2-Research\memory.md
[2025-03-15 05:42:33] [INFO] Syncing from master to department: C:\Users\Chris\cFish.io\U3-Operations\memory.md
[2025-03-15 05:42:33] [INFO] Found 76 entries in C:\Users\Chris\cFish.io\memory.md
[2025-03-15 05:42:33] [INFO] Added 0 entries to C:\Users\Chris\cFish.io\U3-Operations\memory.md
[2025-03-15 05:42:33] [INFO] Syncing from master to department: C:\Users\Chris\cFish.io\U4-Production\memory.md
[2025-03-15 05:42:33] [INFO] Found 76 entries in C:\Users\Chris\cFish.io\memory.md
[2025-03-15 05:42:33] [INFO] Added 0 entries to C:\Users\Chris\cFish.io\U4-Production\memory.md
[2025-03-15 05:42:33] [INFO] Syncing from master to department: C:\Users\Chris\cFish.io\U5-Data\memory.md
[2025-03-15 05:42:33] [INFO] Found 76 entries in C:\Users\Chris\cFish.io\memory.md
[2025-03-15 05:42:33] [INFO] Added 0 entries to C:\Users\Chris\cFish.io\U5-Data\memory.md
[2025-03-15 05:42:33] [INFO] Syncing from master to department: C:\Users\Chris\cFish.io\U6-Marketing\memory.md
[2025-03-15 05:42:33] [INFO] Found 76 entries in C:\Users\Chris\cFish.io\memory.md
[2025-03-15 05:42:33] [INFO] Added 0 entries to C:\Users\Chris\cFish.io\U6-Marketing\memory.md
[2025-03-15 05:42:33] [INFO] Syncing from master to department: C:\Users\Chris\cFish.io\U7-Systems\memory.md
[2025-03-15 05:42:33] [INFO] Found 76 entries in C:\Users\Chris\cFish.io\memory.md
[2025-03-15 05:42:33] [INFO] Added 0 entries to C:\Users\Chris\cFish.io\U7-Systems\memory.md
[2025-03-15 05:42:33] [INFO] Synchronization completed successfully.
