[2025-03-12 21:21:07] [INFO] Starting prioritized synchronization with JSON to MD as highest priority
[2025-03-12 21:21:07] [INFO] Backup directory: backups/prioritized-sync-2025-03-12-212107
[2025-03-12 21:21:07] [INFO] Directories to process: ., docs, sync-system, scripts, web, tools
[2025-03-12 21:21:07] [INFO] ============= PHASE 1: JSON TO MD CONVERSION (HIGHEST PRIORITY) =============
[2025-03-12 21:21:07] [INFO] Scanning directory for JSON files: .
[2025-03-12 21:21:10] [INFO] Found 22166 JSON files in .
[2025-03-12 21:21:10] [INFO] Converting JSON to MD: C:\Users\Chris\cFish.io\config.json
[2025-03-12 21:21:11] [SUCCESS] Successfully converted: C:\Users\Chris\cFish.io\config.json
[2025-03-12 21:21:11] [INFO] Converting JSON to MD: C:\Users\Chris\cFish.io\low-cpu-config.json
[2025-03-12 21:21:11] [SUCCESS] Successfully converted: C:\Users\Chris\cFish.io\low-cpu-config.json
[2025-03-12 21:21:11] [INFO] Converting JSON to MD: C:\Users\Chris\cFish.io\package-lock.json
[2025-03-12 21:21:11] [INFO] Skipping excluded file: C:\Users\Chris\cFish.io\package-lock.json
[2025-03-12 21:21:11] [INFO] Converting JSON to MD: C:\Users\Chris\cFish.io\package.json
[2025-03-12 21:21:11] [SUCCESS] Successfully converted: C:\Users\Chris\cFish.io\package.json
[2025-03-12 21:21:11] [INFO] Converting JSON to MD: C:\Users\Chris\cFish.io\test-config-root-only.json
[2025-03-12 21:21:11] [SUCCESS] Successfully converted: C:\Users\Chris\cFish.io\test-config-root-only.json
[2025-03-12 21:21:11] [INFO] Converting JSON to MD: C:\Users\Chris\cFish.io\test-config.json
[2025-03-12 21:21:12] [SUCCESS] Successfully converted: C:\Users\Chris\cFish.io\test-config.json
[2025-03-12 21:21:12] [INFO] Converting JSON to MD: C:\Users\Chris\cFish.io\wordpress-ai-guidelines.json
[2025-03-12 21:21:12] [INFO] Backed up existing MD file: C:\Users\Chris\cFish.io\wordpress-ai-guidelines.md
[2025-03-12 21:21:12] [SUCCESS] Successfully converted: C:\Users\Chris\cFish.io\wordpress-ai-guidelines.json
[2025-03-12 21:21:12] [INFO] Converting JSON to MD: C:\Users\Chris\cFish.io\.cursor\rules\cursorrules.json
[2025-03-12 21:21:12] [SUCCESS] Successfully converted: C:\Users\Chris\cFish.io\.cursor\rules\cursorrules.json
[2025-03-12 21:21:12] [INFO] Converting JSON to MD: C:\Users\Chris\cFish.io\docs\linter-fix-summary.json
[2025-03-12 21:21:12] [SUCCESS] Successfully converted: C:\Users\Chris\cFish.io\docs\linter-fix-summary.json
[2025-03-12 21:21:12] [INFO] Converting JSON to MD: C:\Users\Chris\cFish.io\docs\json\implementation-plan.json
[2025-03-12 21:21:12] [SUCCESS] Successfully converted: C:\Users\Chris\cFish.io\docs\json\implementation-plan.json
[2025-03-12 21:21:12] [INFO] Converting JSON to MD: C:\Users\Chris\cFish.io\docs\json\implementation-status.json
[2025-03-12 21:21:13] [SUCCESS] Successfully converted: C:\Users\Chris\cFish.io\docs\json\implementation-status.json
[2025-03-12 21:21:13] [INFO] Converting JSON to MD: C:\Users\Chris\cFish.io\docs\json\json-sync-system.json
[2025-03-12 21:21:13] [INFO] Backed up existing MD file: C:\Users\Chris\cFish.io\docs\json\json-sync-system.md
[2025-03-12 21:21:13] [SUCCESS] Successfully converted: C:\Users\Chris\cFish.io\docs\json\json-sync-system.json
[2025-03-12 21:21:13] [INFO] Converting JSON to MD: C:\Users\Chris\cFish.io\docs\json\md-json-sync-improvements.json
[2025-03-12 21:21:13] [SUCCESS] Successfully converted: C:\Users\Chris\cFish.io\docs\json\md-json-sync-improvements.json
[2025-03-12 21:21:13] [INFO] Converting JSON to MD: C:\Users\Chris\cFish.io\docs\json\md-json-sync-quick-reference.json
[2025-03-12 21:21:13] [SUCCESS] Successfully converted: C:\Users\Chris\cFish.io\docs\json\md-json-sync-quick-reference.json
[2025-03-12 21:21:13] [INFO] Converting JSON to MD: C:\Users\Chris\cFish.io\docs\json\md-json-sync-status-report.json
[2025-03-12 21:21:14] [SUCCESS] Successfully converted: C:\Users\Chris\cFish.io\docs\json\md-json-sync-status-report.json
[2025-03-12 21:21:14] [INFO] Converting JSON to MD: C:\Users\Chris\cFish.io\docs\json\md-json-sync-system-summary.json
[2025-03-12 21:21:14] [SUCCESS] Successfully converted: C:\Users\Chris\cFish.io\docs\json\md-json-sync-system-summary.json
[2025-03-12 21:21:14] [INFO] Converting JSON to MD: C:\Users\Chris\cFish.io\docs\json\memory-md-data-loss-resolution.json
[2025-03-12 21:21:14] [SUCCESS] Successfully converted: C:\Users\Chris\cFish.io\docs\json\memory-md-data-loss-resolution.json
[2025-03-12 21:21:14] [INFO] Converting JSON to MD: C:\Users\Chris\cFish.io\docs\json\memory-md-protection.json
[2025-03-12 21:21:14] [SUCCESS] Successfully converted: C:\Users\Chris\cFish.io\docs\json\memory-md-protection.json
[2025-03-12 21:21:14] [INFO] Converting JSON to MD: C:\Users\Chris\cFish.io\docs\json\merge-test.json
[2025-03-12 21:21:14] [SUCCESS] Successfully converted: C:\Users\Chris\cFish.io\docs\json\merge-test.json
[2025-03-12 21:21:15] [INFO] Converting JSON to MD: C:\Users\Chris\cFish.io\docs\json\new-json-test.json
[2025-03-12 21:21:15] [SUCCESS] Successfully converted: C:\Users\Chris\cFish.io\docs\json\new-json-test.json
[2025-03-12 21:21:15] [INFO] Converting JSON to MD: C:\Users\Chris\cFish.io\docs\json\README.json
[2025-03-12 21:21:15] [INFO] Backed up existing MD file: C:\Users\Chris\cFish.io\docs\json\README.md
[2025-03-12 21:21:15] [ERROR] Failed to convert: C:\Users\Chris\cFish.io\docs\json\README.json. Error: tYDiSync~ starting with options: {   watch: false,   verbose: true,   force: false,   preferMarkdown: false,   preferJson: false,   configPath: './config.json',   convert: true,   convertFile: 'C:\\Users\\Chris\\cFish.io\\docs\\json\\README.json',   noBackups: false } Created backup: C:\Users\Chris\cFish.io\backups\README.json.2025-03-13T01-21-15.315Z.bak Converting JSON to Markdown: C:\Users\Chris\cFish.io\docs\json\README.json -> C:\Users\Chris\cFish.io\docs\README.md ERROR during conversion: Invalid JSON file: Unexpected end of JSON input ERROR: Invalid JSON file: Unexpected end of JSON input
[2025-03-12 21:21:15] [INFO] Converting JSON to MD: C:\Users\Chris\cFish.io\docs\json\recursive-directory-monitoring.json
[2025-03-12 21:21:15] [SUCCESS] Successfully converted: C:\Users\Chris\cFish.io\docs\json\recursive-directory-monitoring.json
[2025-03-12 21:21:15] [INFO] Converting JSON to MD: C:\Users\Chris\cFish.io\docs\json\root-directory-monitoring-tasks.json
[2025-03-12 21:21:15] [SUCCESS] Successfully converted: C:\Users\Chris\cFish.io\docs\json\root-directory-monitoring-tasks.json
[2025-03-12 21:21:15] [INFO] Converting JSON to MD: C:\Users\Chris\cFish.io\docs\json\root-directory-monitoring-workarounds.json
[2025-03-12 21:21:15] [SUCCESS] Successfully converted: C:\Users\Chris\cFish.io\docs\json\root-directory-monitoring-workarounds.json
[2025-03-12 21:21:16] [INFO] Converting JSON to MD: C:\Users\Chris\cFish.io\docs\json\safe-sync-system.json
[2025-03-12 21:21:16] [SUCCESS] Successfully converted: C:\Users\Chris\cFish.io\docs\json\safe-sync-system.json
[2025-03-12 21:21:16] [INFO] Converting JSON to MD: C:\Users\Chris\cFish.io\docs\json\sync-bidirectional-test.json
[2025-03-12 21:21:16] [SUCCESS] Successfully converted: C:\Users\Chris\cFish.io\docs\json\sync-bidirectional-test.json
[2025-03-12 21:21:16] [INFO] Converting JSON to MD: C:\Users\Chris\cFish.io\docs\json\sync-test-from-json.json
[2025-03-12 21:21:16] [SUCCESS] Successfully converted: C:\Users\Chris\cFish.io\docs\json\sync-test-from-json.json
[2025-03-12 21:21:16] [INFO] Converting JSON to MD: C:\Users\Chris\cFish.io\docs\json\sync-test.json
[2025-03-12 21:21:16] [SUCCESS] Successfully converted: C:\Users\Chris\cFish.io\docs\json\sync-test.json
[2025-03-12 21:21:16] [INFO] Converting JSON to MD: C:\Users\Chris\cFish.io\docs\json\test-json-to-md.json
[2025-03-12 21:21:17] [SUCCESS] Successfully converted: C:\Users\Chris\cFish.io\docs\json\test-json-to-md.json
[2025-03-12 21:21:17] [INFO] Converting JSON to MD: C:\Users\Chris\cFish.io\docs\json\testing-and-verification.json
[2025-03-12 21:21:17] [SUCCESS] Successfully converted: C:\Users\Chris\cFish.io\docs\json\testing-and-verification.json
[2025-03-12 21:21:17] [INFO] Converting JSON to MD: C:\Users\Chris\cFish.io\docs\json\wordpress-com-github-deployments.json
[2025-03-12 21:21:17] [SUCCESS] Successfully converted: C:\Users\Chris\cFish.io\docs\json\wordpress-com-github-deployments.json
[2025-03-12 21:21:17] [INFO] Converting JSON to MD: C:\Users\Chris\cFish.io\docs\json\json\json-sync-system.json
[2025-03-12 21:21:17] [SUCCESS] Successfully converted: C:\Users\Chris\cFish.io\docs\json\json\json-sync-system.json
[2025-03-12 21:21:17] [INFO] Converting JSON to MD: C:\Users\Chris\cFish.io\docs\json\json\README.json
[2025-03-12 21:21:17] [INFO] Backed up existing MD file: C:\Users\Chris\cFish.io\docs\json\json\README.md
[2025-03-12 21:21:17] [SUCCESS] Successfully converted: C:\Users\Chris\cFish.io\docs\json\json\README.json
[2025-03-12 21:21:18] [INFO] Converting JSON to MD: C:\Users\Chris\cFish.io\docs\json\json\json\README.json
[2025-03-12 21:21:18] [SUCCESS] Successfully converted: C:\Users\Chris\cFish.io\docs\json\json\json\README.json
[2025-03-12 21:21:18] [INFO] Converting JSON to MD: C:\Users\Chris\cFish.io\json\2way-sync-test.json
[2025-03-12 21:21:18] [SUCCESS] Successfully converted: C:\Users\Chris\cFish.io\json\2way-sync-test.json
[2025-03-12 21:21:18] [INFO] Converting JSON to MD: C:\Users\Chris\cFish.io\json\agent-architecture.json
[2025-03-12 21:21:18] [SUCCESS] Successfully converted: C:\Users\Chris\cFish.io\json\agent-architecture.json
[2025-03-12 21:21:18] [INFO] Converting JSON to MD: C:\Users\Chris\cFish.io\json\backup-recovery-plan.json
[2025-03-12 21:21:18] [SUCCESS] Successfully converted: C:\Users\Chris\cFish.io\json\backup-recovery-plan.json
[2025-03-12 21:21:18] [INFO] Converting JSON to MD: C:\Users\Chris\cFish.io\json\best-practices.json
[2025-03-12 21:21:19] [SUCCESS] Successfully converted: C:\Users\Chris\cFish.io\json\best-practices.json
[2025-03-12 21:21:19] [INFO] Converting JSON to MD: C:\Users\Chris\cFish.io\json\cfish-it.json
[2025-03-12 21:21:19] [SUCCESS] Successfully converted: C:\Users\Chris\cFish.io\json\cfish-it.json
[2025-03-12 21:21:19] [INFO] Converting JSON to MD: C:\Users\Chris\cFish.io\json\cfish.json
[2025-03-12 21:21:19] [SUCCESS] Successfully converted: C:\Users\Chris\cFish.io\json\cfish.json
[2025-03-12 21:21:19] [INFO] Converting JSON to MD: C:\Users\Chris\cFish.io\json\changelog.json
[2025-03-12 21:21:19] [SUCCESS] Successfully converted: C:\Users\Chris\cFish.io\json\changelog.json
[2025-03-12 21:21:19] [INFO] Converting JSON to MD: C:\Users\Chris\cFish.io\json\deployment-tools.json
[2025-03-12 21:21:19] [SUCCESS] Successfully converted: C:\Users\Chris\cFish.io\json\deployment-tools.json
[2025-03-12 21:21:20] [INFO] Converting JSON to MD: C:\Users\Chris\cFish.io\json\glossary.json
[2025-03-12 21:21:20] [SUCCESS] Successfully converted: C:\Users\Chris\cFish.io\json\glossary.json
[2025-03-12 21:21:20] [INFO] Converting JSON to MD: C:\Users\Chris\cFish.io\json\implementation-plan.json
[2025-03-12 21:21:20] [SUCCESS] Successfully converted: C:\Users\Chris\cFish.io\json\implementation-plan.json
[2025-03-12 21:21:20] [INFO] Converting JSON to MD: C:\Users\Chris\cFish.io\json\implementation-status.json
[2025-03-12 21:21:20] [SUCCESS] Successfully converted: C:\Users\Chris\cFish.io\json\implementation-status.json
[2025-03-12 21:21:20] [INFO] Converting JSON to MD: C:\Users\Chris\cFish.io\json\json-sync-system.json
[2025-03-12 21:21:20] [SUCCESS] Successfully converted: C:\Users\Chris\cFish.io\json\json-sync-system.json
[2025-03-12 21:21:20] [INFO] Converting JSON to MD: C:\Users\Chris\cFish.io\json\maintenance-checklist.json
[2025-03-12 21:21:21] [SUCCESS] Successfully converted: C:\Users\Chris\cFish.io\json\maintenance-checklist.json
[2025-03-12 21:21:21] [INFO] Converting JSON to MD: C:\Users\Chris\cFish.io\json\md-json-sync-enhanced-README.json
[2025-03-12 21:21:21] [SUCCESS] Successfully converted: C:\Users\Chris\cFish.io\json\md-json-sync-enhanced-README.json
[2025-03-12 21:21:21] [INFO] Converting JSON to MD: C:\Users\Chris\cFish.io\json\md-json-sync-implementation-verification.json
[2025-03-12 21:21:21] [SUCCESS] Successfully converted: C:\Users\Chris\cFish.io\json\md-json-sync-implementation-verification.json
[2025-03-12 21:21:21] [INFO] Converting JSON to MD: C:\Users\Chris\cFish.io\json\md-json-sync-improvements.json
[2025-03-12 21:21:21] [SUCCESS] Successfully converted: C:\Users\Chris\cFish.io\json\md-json-sync-improvements.json
[2025-03-12 21:21:21] [INFO] Converting JSON to MD: C:\Users\Chris\cFish.io\json\md-json-sync-low-cpu-reference.json
[2025-03-12 21:21:22] [SUCCESS] Successfully converted: C:\Users\Chris\cFish.io\json\md-json-sync-low-cpu-reference.json
[2025-03-12 21:21:22] [INFO] Converting JSON to MD: C:\Users\Chris\cFish.io\json\md-json-sync-next-steps.json
[2025-03-12 21:21:22] [SUCCESS] Successfully converted: C:\Users\Chris\cFish.io\json\md-json-sync-next-steps.json
[2025-03-12 21:21:22] [INFO] Converting JSON to MD: C:\Users\Chris\cFish.io\json\md-json-sync-quick-reference.json
[2025-03-12 21:21:22] [ERROR] Failed to convert: C:\Users\Chris\cFish.io\json\md-json-sync-quick-reference.json. Error: tYDiSync~ starting with options: {   watch: false,   verbose: true,   force: false,   preferMarkdown: false,   preferJson: false,   configPath: './config.json',   convert: true,   convertFile: 'C:\\Users\\Chris\\cFish.io\\json\\md-json-sync-quick-reference.json',   noBackups: false } Created backup: C:\Users\Chris\backups\md-json-sync-quick-reference.json.2025-03-13T01-21-22.430Z.bak Converting JSON to Markdown: C:\Users\Chris\cFish.io\json\md-json-sync-quick-reference.json -> C:\Users\Chris\cFish.io\md-json-sync-quick-reference.md ERROR during conversion: Invalid JSON file: Unexpected end of JSON input ERROR: Invalid JSON file: Unexpected end of JSON input
[2025-03-12 21:21:22] [INFO] Converting JSON to MD: C:\Users\Chris\cFish.io\json\md-json-sync-README.json
[2025-03-12 21:21:22] [SUCCESS] Successfully converted: C:\Users\Chris\cFish.io\json\md-json-sync-README.json
[2025-03-12 21:21:22] [INFO] Converting JSON to MD: C:\Users\Chris\cFish.io\json\md-json-sync-status-report.json
[2025-03-12 21:21:22] [SUCCESS] Successfully converted: C:\Users\Chris\cFish.io\json\md-json-sync-status-report.json
[2025-03-12 21:21:22] [INFO] Converting JSON to MD: C:\Users\Chris\cFish.io\json\md-json-sync-system-summary.json
[2025-03-12 21:21:23] [SUCCESS] Successfully converted: C:\Users\Chris\cFish.io\json\md-json-sync-system-summary.json
[2025-03-12 21:21:23] [INFO] Converting JSON to MD: C:\Users\Chris\cFish.io\json\md-json-sync-testing-findings.json
[2025-03-12 21:21:23] [SUCCESS] Successfully converted: C:\Users\Chris\cFish.io\json\md-json-sync-testing-findings.json
[2025-03-12 21:21:23] [INFO] Converting JSON to MD: C:\Users\Chris\cFish.io\json\md-to-json-README.json
[2025-03-12 21:21:23] [SUCCESS] Successfully converted: C:\Users\Chris\cFish.io\json\md-to-json-README.json
[2025-03-12 21:21:23] [INFO] Converting JSON to MD: C:\Users\Chris\cFish.io\json\memory-full.json
[2025-03-12 21:21:23] [SUCCESS] Successfully converted: C:\Users\Chris\cFish.io\json\memory-full.json
[2025-03-12 21:21:23] [INFO] Converting JSON to MD: C:\Users\Chris\cFish.io\json\memory-manual.json
[2025-03-12 21:21:23] [INFO] Backed up existing MD file: C:\Users\Chris\cFish.io\json\memory-manual.md
[2025-03-12 21:21:23] [SUCCESS] Successfully converted: C:\Users\Chris\cFish.io\json\memory-manual.json
[2025-03-12 21:21:24] [INFO] Converting JSON to MD: C:\Users\Chris\cFish.io\json\memory-md-data-loss-resolution.json
[2025-03-12 21:21:24] [SUCCESS] Successfully converted: C:\Users\Chris\cFish.io\json\memory-md-data-loss-resolution.json
[2025-03-12 21:21:24] [INFO] Converting JSON to MD: C:\Users\Chris\cFish.io\json\memory-md-protection.json
[2025-03-12 21:21:24] [SUCCESS] Successfully converted: C:\Users\Chris\cFish.io\json\memory-md-protection.json
[2025-03-12 21:21:24] [INFO] Converting JSON to MD: C:\Users\Chris\cFish.io\json\memory.json
[2025-03-12 21:21:24] [SUCCESS] Successfully converted: C:\Users\Chris\cFish.io\json\memory.json
[2025-03-12 21:21:24] [INFO] Converting JSON to MD: C:\Users\Chris\cFish.io\json\merge-test.json
[2025-03-12 21:21:24] [SUCCESS] Successfully converted: C:\Users\Chris\cFish.io\json\merge-test.json
[2025-03-12 21:21:25] [INFO] Converting JSON to MD: C:\Users\Chris\cFish.io\json\README-cursor-integration.json
[2025-03-12 21:21:25] [SUCCESS] Successfully converted: C:\Users\Chris\cFish.io\json\README-cursor-integration.json
[2025-03-12 21:21:25] [INFO] Converting JSON to MD: C:\Users\Chris\cFish.io\json\README-md-json-sync.json
[2025-03-12 21:21:25] [SUCCESS] Successfully converted: C:\Users\Chris\cFish.io\json\README-md-json-sync.json
[2025-03-12 21:21:25] [INFO] Converting JSON to MD: C:\Users\Chris\cFish.io\json\README.json
[2025-03-12 21:21:25] [SUCCESS] Successfully converted: C:\Users\Chris\cFish.io\json\README.json
[2025-03-12 21:21:25] [INFO] Converting JSON to MD: C:\Users\Chris\cFish.io\json\recursive-directory-monitoring.json
[2025-03-12 21:21:25] [SUCCESS] Successfully converted: C:\Users\Chris\cFish.io\json\recursive-directory-monitoring.json
[2025-03-12 21:21:25] [INFO] Converting JSON to MD: C:\Users\Chris\cFish.io\json\root-directory-monitoring-tasks.json
[2025-03-12 21:21:26] [SUCCESS] Successfully converted: C:\Users\Chris\cFish.io\json\root-directory-monitoring-tasks.json
[2025-03-12 21:21:26] [INFO] Converting JSON to MD: C:\Users\Chris\cFish.io\json\root-directory-monitoring-workarounds.json
[2025-03-12 21:21:26] [SUCCESS] Successfully converted: C:\Users\Chris\cFish.io\json\root-directory-monitoring-workarounds.json
[2025-03-12 21:21:26] [INFO] Converting JSON to MD: C:\Users\Chris\cFish.io\json\root-monitor-test.json
[2025-03-12 21:21:26] [SUCCESS] Successfully converted: C:\Users\Chris\cFish.io\json\root-monitor-test.json
[2025-03-12 21:21:26] [INFO] Converting JSON to MD: C:\Users\Chris\cFish.io\json\safe-sync-system.json
[2025-03-12 21:21:26] [SUCCESS] Successfully converted: C:\Users\Chris\cFish.io\json\safe-sync-system.json
[2025-03-12 21:21:26] [INFO] Converting JSON to MD: C:\Users\Chris\cFish.io\json\sop.json
[2025-03-12 21:21:26] [SUCCESS] Successfully converted: C:\Users\Chris\cFish.io\json\sop.json
[2025-03-12 21:21:26] [INFO] Converting JSON to MD: C:\Users\Chris\cFish.io\json\spec.json
[2025-03-12 21:21:26] [SUCCESS] Successfully converted: C:\Users\Chris\cFish.io\json\spec.json
[2025-03-12 21:21:27] [INFO] Converting JSON to MD: C:\Users\Chris\cFish.io\json\steps.json
[2025-03-12 21:21:27] [SUCCESS] Successfully converted: C:\Users\Chris\cFish.io\json\steps.json
[2025-03-12 21:21:27] [INFO] Converting JSON to MD: C:\Users\Chris\cFish.io\json\sync-bidirectional-test.json
[2025-03-12 21:21:27] [SUCCESS] Successfully converted: C:\Users\Chris\cFish.io\json\sync-bidirectional-test.json
[2025-03-12 21:21:27] [INFO] Converting JSON to MD: C:\Users\Chris\cFish.io\json\sync-conflict-test.json
[2025-03-12 21:21:27] [SUCCESS] Successfully converted: C:\Users\Chris\cFish.io\json\sync-conflict-test.json
[2025-03-12 21:21:27] [INFO] Converting JSON to MD: C:\Users\Chris\cFish.io\json\sync-test.json
[2025-03-12 21:21:27] [SUCCESS] Successfully converted: C:\Users\Chris\cFish.io\json\sync-test.json
[2025-03-12 21:21:27] [INFO] Converting JSON to MD: C:\Users\Chris\cFish.io\json\terminal-troubleshooting.json
[2025-03-12 21:21:27] [SUCCESS] Successfully converted: C:\Users\Chris\cFish.io\json\terminal-troubleshooting.json
[2025-03-12 21:21:28] [INFO] Converting JSON to MD: C:\Users\Chris\cFish.io\json\test-doc.json
[2025-03-12 21:21:28] [SUCCESS] Successfully converted: C:\Users\Chris\cFish.io\json\test-doc.json
[2025-03-12 21:21:28] [INFO] Converting JSON to MD: C:\Users\Chris\cFish.io\json\test-json-to-md.json
[2025-03-12 21:21:28] [SUCCESS] Successfully converted: C:\Users\Chris\cFish.io\json\test-json-to-md.json
[2025-03-12 21:21:28] [INFO] Converting JSON to MD: C:\Users\Chris\cFish.io\json\test-sync.json
[2025-03-12 21:21:28] [SUCCESS] Successfully converted: C:\Users\Chris\cFish.io\json\test-sync.json
[2025-03-12 21:21:28] [INFO] Converting JSON to MD: C:\Users\Chris\cFish.io\json\testing-and-verification.json
[2025-03-12 21:21:28] [SUCCESS] Successfully converted: C:\Users\Chris\cFish.io\json\testing-and-verification.json
[2025-03-12 21:21:28] [INFO] Converting JSON to MD: C:\Users\Chris\cFish.io\json\toolset.json
[2025-03-12 21:21:28] [SUCCESS] Successfully converted: C:\Users\Chris\cFish.io\json\toolset.json
[2025-03-12 21:21:29] [INFO] Converting JSON to MD: C:\Users\Chris\cFish.io\json\ty.json
[2025-03-12 21:21:29] [SUCCESS] Successfully converted: C:\Users\Chris\cFish.io\json\ty.json
[2025-03-12 21:21:29] [INFO] Converting JSON to MD: C:\Users\Chris\cFish.io\json\wordpress-ai-guidelines.json
[2025-03-12 21:21:29] [SUCCESS] Successfully converted: C:\Users\Chris\cFish.io\json\wordpress-ai-guidelines.json
[2025-03-12 21:21:29] [INFO] Converting JSON to MD: C:\Users\Chris\cFish.io\json\wordpress-com-testing.json
[2025-03-12 21:21:29] [SUCCESS] Successfully converted: C:\Users\Chris\cFish.io\json\wordpress-com-testing.json
[2025-03-12 21:21:29] [INFO] Converting JSON to MD: C:\Users\Chris\cFish.io\json\wordpress-studio-guide.json
[2025-03-12 21:21:29] [SUCCESS] Successfully converted: C:\Users\Chris\cFish.io\json\wordpress-studio-guide.json
[2025-03-12 21:21:29] [INFO] Converting JSON to MD: C:\Users\Chris\cFish.io\json\json\memory-manual.json
[2025-03-12 21:21:29] [SUCCESS] Successfully converted: C:\Users\Chris\cFish.io\json\json\memory-manual.json
[2025-03-12 21:21:30] [INFO] Converting JSON to MD: C:\Users\Chris\cFish.io\node_modules\.package-lock.json
[2025-03-12 21:21:30] [INFO] Skipping excluded file: C:\Users\Chris\cFish.io\node_modules\.package-lock.json
[2025-03-12 21:21:30] [INFO] Converting JSON to MD: C:\Users\Chris\cFish.io\node_modules\@isaacs\cliui\package.json
[2025-03-12 21:21:30] [INFO] Skipping excluded file: C:\Users\Chris\cFish.io\node_modules\@isaacs\cliui\package.json
[2025-03-12 21:21:30] [INFO] Converting JSON to MD: C:\Users\Chris\cFish.io\node_modules\ansi-regex\package.json
[2025-03-12 21:21:30] [INFO] Skipping excluded file: C:\Users\Chris\cFish.io\node_modules\ansi-regex\package.json
[2025-03-12 21:21:30] [INFO] Converting JSON to MD: C:\Users\Chris\cFish.io\node_modules\ansi-styles\package.json
[2025-03-12 21:21:30] [INFO] Skipping excluded file: C:\Users\Chris\cFish.io\node_modules\ansi-styles\package.json
[2025-03-12 21:21:30] [INFO] Converting JSON to MD: C:\Users\Chris\cFish.io\node_modules\anymatch\package.json
[2025-03-12 21:21:30] [INFO] Skipping excluded file: C:\Users\Chris\cFish.io\node_modules\anymatch\package.json
[2025-03-12 21:21:30] [INFO] Converting JSON to MD: C:\Users\Chris\cFish.io\node_modules\balanced-match\package.json
[2025-03-12 21:21:30] [INFO] Skipping excluded file: C:\Users\Chris\cFish.io\node_modules\balanced-match\package.json
[2025-03-12 21:21:30] [INFO] Converting JSON to MD: C:\Users\Chris\cFish.io\node_modules\binary-extensions\binary-extensions.json
[2025-03-12 21:21:30] [INFO] Skipping excluded file: C:\Users\Chris\cFish.io\node_modules\binary-extensions\binary-extensions.json
[2025-03-12 21:21:30] [INFO] Converting JSON to MD: C:\Users\Chris\cFish.io\node_modules\binary-extensions\package.json
[2025-03-12 21:21:30] [INFO] Skipping excluded file: C:\Users\Chris\cFish.io\node_modules\binary-extensions\package.json
[2025-03-12 21:21:31] [INFO] Converting JSON to MD: C:\Users\Chris\cFish.io\node_modules\brace-expansion\package.json
[2025-03-12 21:21:31] [INFO] Skipping excluded file: C:\Users\Chris\cFish.io\node_modules\brace-expansion\package.json
[2025-03-12 21:21:31] [INFO] Converting JSON to MD: C:\Users\Chris\cFish.io\node_modules\braces\package.json
[2025-03-12 21:21:31] [INFO] Skipping excluded file: C:\Users\Chris\cFish.io\node_modules\braces\package.json
[2025-03-12 21:21:31] [INFO] Converting JSON to MD: C:\Users\Chris\cFish.io\node_modules\chokidar\package.json
[2025-03-12 21:21:31] [INFO] Skipping excluded file: C:\Users\Chris\cFish.io\node_modules\chokidar\package.json
[2025-03-12 21:21:31] [INFO] Converting JSON to MD: C:\Users\Chris\cFish.io\node_modules\color-convert\package.json
[2025-03-12 21:21:31] [INFO] Skipping excluded file: C:\Users\Chris\cFish.io\node_modules\color-convert\package.json
[2025-03-12 21:21:31] [INFO] Converting JSON to MD: C:\Users\Chris\cFish.io\node_modules\color-name\package.json
[2025-03-12 21:21:31] [INFO] Skipping excluded file: C:\Users\Chris\cFish.io\node_modules\color-name\package.json
[2025-03-12 21:21:31] [INFO] Converting JSON to MD: C:\Users\Chris\cFish.io\node_modules\cross-spawn\package.json
[2025-03-12 21:21:31] [INFO] Skipping excluded file: C:\Users\Chris\cFish.io\node_modules\cross-spawn\package.json
[2025-03-12 21:21:31] [INFO] Converting JSON to MD: C:\Users\Chris\cFish.io\node_modules\crypto\package.json
[2025-03-12 21:21:31] [INFO] Skipping excluded file: C:\Users\Chris\cFish.io\node_modules\crypto\package.json
[2025-03-12 21:21:31] [INFO] Converting JSON to MD: C:\Users\Chris\cFish.io\node_modules\eastasianwidth\package.json
[2025-03-12 21:21:31] [INFO] Skipping excluded file: C:\Users\Chris\cFish.io\node_modules\eastasianwidth\package.json
[2025-03-12 21:21:31] [INFO] Converting JSON to MD: C:\Users\Chris\cFish.io\node_modules\emoji-regex\package.json
[2025-03-12 21:21:31] [INFO] Skipping excluded file: C:\Users\Chris\cFish.io\node_modules\emoji-regex\package.json
[2025-03-12 21:21:32] [INFO] Converting JSON to MD: C:\Users\Chris\cFish.io\node_modules\events\package.json
[2025-03-12 21:21:32] [INFO] Skipping excluded file: C:\Users\Chris\cFish.io\node_modules\events\package.json
[2025-03-12 21:21:32] [INFO] Converting JSON to MD: C:\Users\Chris\cFish.io\node_modules\fill-range\package.json
[2025-03-12 21:21:32] [INFO] Skipping excluded file: C:\Users\Chris\cFish.io\node_modules\fill-range\package.json
[2025-03-12 21:21:32] [INFO] Converting JSON to MD: C:\Users\Chris\cFish.io\node_modules\foreground-child\package.json
[2025-03-12 21:21:32] [INFO] Skipping excluded file: C:\Users\Chris\cFish.io\node_modules\foreground-child\package.json
[2025-03-12 21:21:32] [INFO] Converting JSON to MD: C:\Users\Chris\cFish.io\node_modules\foreground-child\dist\commonjs\package.json
[2025-03-12 21:21:32] [INFO] Skipping excluded file: C:\Users\Chris\cFish.io\node_modules\foreground-child\dist\commonjs\package.json
[2025-03-12 21:21:32] [INFO] Converting JSON to MD: C:\Users\Chris\cFish.io\node_modules\foreground-child\dist\esm\package.json
[2025-03-12 21:21:32] [INFO] Skipping excluded file: C:\Users\Chris\cFish.io\node_modules\foreground-child\dist\esm\package.json
[2025-03-12 21:21:32] [INFO] Converting JSON to MD: C:\Users\Chris\cFish.io\node_modules\fs\package.json
[2025-03-12 21:21:32] [INFO] Skipping excluded file: C:\Users\Chris\cFish.io\node_modules\fs\package.json
[2025-03-12 21:21:32] [INFO] Converting JSON to MD: C:\Users\Chris\cFish.io\node_modules\fs-extra\package.json
[2025-03-12 21:21:32] [INFO] Skipping excluded file: C:\Users\Chris\cFish.io\node_modules\fs-extra\package.json
[2025-03-12 21:21:32] [INFO] Converting JSON to MD: C:\Users\Chris\cFish.io\node_modules\glob\package.json
[2025-03-12 21:21:32] [INFO] Skipping excluded file: C:\Users\Chris\cFish.io\node_modules\glob\package.json
[2025-03-12 21:21:33] [INFO] Converting JSON to MD: C:\Users\Chris\cFish.io\node_modules\glob\dist\commonjs\package.json
[2025-03-12 21:21:33] [INFO] Skipping excluded file: C:\Users\Chris\cFish.io\node_modules\glob\dist\commonjs\package.json
[2025-03-12 21:21:33] [INFO] Converting JSON to MD: C:\Users\Chris\cFish.io\node_modules\glob\dist\esm\package.json
[2025-03-12 21:21:33] [INFO] Skipping excluded file: C:\Users\Chris\cFish.io\node_modules\glob\dist\esm\package.json
[2025-03-12 21:21:33] [INFO] Converting JSON to MD: C:\Users\Chris\cFish.io\node_modules\glob-parent\package.json
[2025-03-12 21:21:33] [INFO] Skipping excluded file: C:\Users\Chris\cFish.io\node_modules\glob-parent\package.json
[2025-03-12 21:21:33] [INFO] Converting JSON to MD: C:\Users\Chris\cFish.io\node_modules\graceful-fs\package.json
[2025-03-12 21:21:33] [INFO] Skipping excluded file: C:\Users\Chris\cFish.io\node_modules\graceful-fs\package.json
[2025-03-12 21:21:33] [INFO] Converting JSON to MD: C:\Users\Chris\cFish.io\node_modules\is-binary-path\package.json
[2025-03-12 21:21:33] [INFO] Skipping excluded file: C:\Users\Chris\cFish.io\node_modules\is-binary-path\package.json
[2025-03-12 21:21:33] [INFO] Converting JSON to MD: C:\Users\Chris\cFish.io\node_modules\is-extglob\package.json
[2025-03-12 21:21:33] [INFO] Skipping excluded file: C:\Users\Chris\cFish.io\node_modules\is-extglob\package.json
[2025-03-12 21:21:33] [INFO] Converting JSON to MD: C:\Users\Chris\cFish.io\node_modules\is-fullwidth-code-point\package.json
[2025-03-12 21:21:33] [INFO] Skipping excluded file: C:\Users\Chris\cFish.io\node_modules\is-fullwidth-code-point\package.json
[2025-03-12 21:21:33] [INFO] Converting JSON to MD: C:\Users\Chris\cFish.io\node_modules\is-glob\package.json
[2025-03-12 21:21:33] [INFO] Skipping excluded file: C:\Users\Chris\cFish.io\node_modules\is-glob\package.json
[2025-03-12 21:21:34] [INFO] Converting JSON to MD: C:\Users\Chris\cFish.io\node_modules\is-number\package.json
[2025-03-12 21:21:34] [INFO] Skipping excluded file: C:\Users\Chris\cFish.io\node_modules\is-number\package.json
[2025-03-12 21:21:34] [INFO] Converting JSON to MD: C:\Users\Chris\cFish.io\node_modules\isexe\package.json
[2025-03-12 21:21:34] [INFO] Skipping excluded file: C:\Users\Chris\cFish.io\node_modules\isexe\package.json
[2025-03-12 21:21:34] [INFO] Converting JSON to MD: C:\Users\Chris\cFish.io\node_modules\jackspeak\package.json
[2025-03-12 21:21:34] [INFO] Skipping excluded file: C:\Users\Chris\cFish.io\node_modules\jackspeak\package.json
[2025-03-12 21:21:34] [INFO] Converting JSON to MD: C:\Users\Chris\cFish.io\node_modules\jackspeak\dist\commonjs\package.json
[2025-03-12 21:21:34] [INFO] Skipping excluded file: C:\Users\Chris\cFish.io\node_modules\jackspeak\dist\commonjs\package.json
[2025-03-12 21:21:34] [INFO] Converting JSON to MD: C:\Users\Chris\cFish.io\node_modules\jackspeak\dist\esm\package.json
[2025-03-12 21:21:34] [INFO] Skipping excluded file: C:\Users\Chris\cFish.io\node_modules\jackspeak\dist\esm\package.json
[2025-03-12 21:21:34] [INFO] Converting JSON to MD: C:\Users\Chris\cFish.io\node_modules\jsonfile\package.json
[2025-03-12 21:21:34] [INFO] Skipping excluded file: C:\Users\Chris\cFish.io\node_modules\jsonfile\package.json
[2025-03-12 21:21:34] [INFO] Converting JSON to MD: C:\Users\Chris\cFish.io\node_modules\lru-cache\package.json
[2025-03-12 21:21:34] [INFO] Skipping excluded file: C:\Users\Chris\cFish.io\node_modules\lru-cache\package.json
[2025-03-12 21:21:34] [INFO] Converting JSON to MD: C:\Users\Chris\cFish.io\node_modules\lru-cache\dist\commonjs\package.json
[2025-03-12 21:21:34] [INFO] Skipping excluded file: C:\Users\Chris\cFish.io\node_modules\lru-cache\dist\commonjs\package.json
[2025-03-12 21:21:34] [INFO] Converting JSON to MD: C:\Users\Chris\cFish.io\node_modules\lru-cache\dist\esm\package.json
[2025-03-12 21:21:34] [INFO] Skipping excluded file: C:\Users\Chris\cFish.io\node_modules\lru-cache\dist\esm\package.json
[2025-03-12 21:21:35] [INFO] Converting JSON to MD: C:\Users\Chris\cFish.io\node_modules\minimatch\package.json
[2025-03-12 21:21:35] [INFO] Skipping excluded file: C:\Users\Chris\cFish.io\node_modules\minimatch\package.json
[2025-03-12 21:21:35] [INFO] Converting JSON to MD: C:\Users\Chris\cFish.io\node_modules\minimatch\dist\commonjs\package.json
[2025-03-12 21:21:35] [INFO] Skipping excluded file: C:\Users\Chris\cFish.io\node_modules\minimatch\dist\commonjs\package.json
[2025-03-12 21:21:35] [INFO] Converting JSON to MD: C:\Users\Chris\cFish.io\node_modules\minimatch\dist\esm\package.json
[2025-03-12 21:21:35] [INFO] Skipping excluded file: C:\Users\Chris\cFish.io\node_modules\minimatch\dist\esm\package.json
[2025-03-12 21:21:35] [INFO] Converting JSON to MD: C:\Users\Chris\cFish.io\node_modules\minipass\package.json
[2025-03-12 21:21:35] [INFO] Skipping excluded file: C:\Users\Chris\cFish.io\node_modules\minipass\package.json
[2025-03-12 21:21:35] [INFO] Converting JSON to MD: C:\Users\Chris\cFish.io\node_modules\minipass\dist\commonjs\package.json
[2025-03-12 21:21:35] [INFO] Skipping excluded file: C:\Users\Chris\cFish.io\node_modules\minipass\dist\commonjs\package.json
[2025-03-12 21:21:35] [INFO] Converting JSON to MD: C:\Users\Chris\cFish.io\node_modules\minipass\dist\esm\package.json
[2025-03-12 21:21:35] [INFO] Skipping excluded file: C:\Users\Chris\cFish.io\node_modules\minipass\dist\esm\package.json
[2025-03-12 21:21:35] [INFO] Converting JSON to MD: C:\Users\Chris\cFish.io\node_modules\moment\package.json
[2025-03-12 21:21:35] [INFO] Skipping excluded file: C:\Users\Chris\cFish.io\node_modules\moment\package.json
[2025-03-12 21:21:35] [INFO] Converting JSON to MD: C:\Users\Chris\cFish.io\node_modules\node-watch\package.json
[2025-03-12 21:21:35] [INFO] Skipping excluded file: C:\Users\Chris\cFish.io\node_modules\node-watch\package.json
[2025-03-12 21:21:35] [INFO] Converting JSON to MD: C:\Users\Chris\cFish.io\node_modules\normalize-path\package.json
[2025-03-12 21:21:35] [INFO] Skipping excluded file: C:\Users\Chris\cFish.io\node_modules\normalize-path\package.json
[2025-03-12 21:21:36] [INFO] Converting JSON to MD: C:\Users\Chris\cFish.io\node_modules\os\package.json
[2025-03-12 21:21:36] [INFO] Skipping excluded file: C:\Users\Chris\cFish.io\node_modules\os\package.json
[2025-03-12 21:21:36] [INFO] Converting JSON to MD: C:\Users\Chris\cFish.io\node_modules\package-json-from-dist\package.json
[2025-03-12 21:21:36] [INFO] Skipping excluded file: C:\Users\Chris\cFish.io\node_modules\package-json-from-dist\package.json
[2025-03-12 21:21:36] [INFO] Converting JSON to MD: C:\Users\Chris\cFish.io\node_modules\package-json-from-dist\dist\commonjs\package.json
[2025-03-12 21:21:36] [INFO] Skipping excluded file: C:\Users\Chris\cFish.io\node_modules\package-json-from-dist\dist\commonjs\package.json
[2025-03-12 21:21:36] [INFO] Converting JSON to MD: C:\Users\Chris\cFish.io\node_modules\package-json-from-dist\dist\esm\package.json
[2025-03-12 21:21:36] [INFO] Skipping excluded file: C:\Users\Chris\cFish.io\node_modules\package-json-from-dist\dist\esm\package.json
[2025-03-12 21:21:36] [INFO] Converting JSON to MD: C:\Users\Chris\cFish.io\node_modules\path\package.json
[2025-03-12 21:21:36] [INFO] Skipping excluded file: C:\Users\Chris\cFish.io\node_modules\path\package.json
[2025-03-12 21:21:36] [INFO] Converting JSON to MD: C:\Users\Chris\cFish.io\node_modules\path-key\package.json
[2025-03-12 21:21:36] [INFO] Skipping excluded file: C:\Users\Chris\cFish.io\node_modules\path-key\package.json
[2025-03-12 21:21:36] [INFO] Converting JSON to MD: C:\Users\Chris\cFish.io\node_modules\path-scurry\package.json
[2025-03-12 21:21:36] [INFO] Skipping excluded file: C:\Users\Chris\cFish.io\node_modules\path-scurry\package.json
[2025-03-12 21:21:36] [INFO] Converting JSON to MD: C:\Users\Chris\cFish.io\node_modules\path-scurry\dist\commonjs\package.json
[2025-03-12 21:21:36] [INFO] Skipping excluded file: C:\Users\Chris\cFish.io\node_modules\path-scurry\dist\commonjs\package.json
[2025-03-12 21:21:37] [INFO] Converting JSON to MD: C:\Users\Chris\cFish.io\node_modules\path-scurry\dist\esm\package.json
[2025-03-12 21:21:37] [INFO] Skipping excluded file: C:\Users\Chris\cFish.io\node_modules\path-scurry\dist\esm\package.json
[2025-03-12 21:21:37] [INFO] Converting JSON to MD: C:\Users\Chris\cFish.io\node_modules\picomatch\package.json
[2025-03-12 21:21:37] [INFO] Skipping excluded file: C:\Users\Chris\cFish.io\node_modules\picomatch\package.json
[2025-03-12 21:21:37] [INFO] Converting JSON to MD: C:\Users\Chris\cFish.io\node_modules\process\package.json
[2025-03-12 21:21:37] [INFO] Skipping excluded file: C:\Users\Chris\cFish.io\node_modules\process\package.json
[2025-03-12 21:21:37] [INFO] Converting JSON to MD: C:\Users\Chris\cFish.io\node_modules\readdirp\package.json
[2025-03-12 21:21:37] [INFO] Skipping excluded file: C:\Users\Chris\cFish.io\node_modules\readdirp\package.json
[2025-03-12 21:21:37] [INFO] Converting JSON to MD: C:\Users\Chris\cFish.io\node_modules\shebang-command\package.json
[2025-03-12 21:21:37] [INFO] Skipping excluded file: C:\Users\Chris\cFish.io\node_modules\shebang-command\package.json
[2025-03-12 21:21:37] [INFO] Converting JSON to MD: C:\Users\Chris\cFish.io\node_modules\shebang-regex\package.json
[2025-03-12 21:21:37] [INFO] Skipping excluded file: C:\Users\Chris\cFish.io\node_modules\shebang-regex\package.json
[2025-03-12 21:21:37] [INFO] Converting JSON to MD: C:\Users\Chris\cFish.io\node_modules\signal-exit\package.json
[2025-03-12 21:21:37] [INFO] Skipping excluded file: C:\Users\Chris\cFish.io\node_modules\signal-exit\package.json
[2025-03-12 21:21:37] [INFO] Converting JSON to MD: C:\Users\Chris\cFish.io\node_modules\signal-exit\dist\cjs\package.json
[2025-03-12 21:21:37] [INFO] Skipping excluded file: C:\Users\Chris\cFish.io\node_modules\signal-exit\dist\cjs\package.json
[2025-03-12 21:21:37] [INFO] Converting JSON to MD: C:\Users\Chris\cFish.io\node_modules\signal-exit\dist\mjs\package.json
[2025-03-12 21:21:37] [INFO] Skipping excluded file: C:\Users\Chris\cFish.io\node_modules\signal-exit\dist\mjs\package.json
[2025-03-12 21:21:38] [INFO] Converting JSON to MD: C:\Users\Chris\cFish.io\node_modules\string-width\package.json
[2025-03-12 21:21:38] [INFO] Skipping excluded file: C:\Users\Chris\cFish.io\node_modules\string-width\package.json
[2025-03-12 21:21:38] [INFO] Converting JSON to MD: C:\Users\Chris\cFish.io\node_modules\string-width-cjs\package.json
[2025-03-12 21:21:38] [INFO] Skipping excluded file: C:\Users\Chris\cFish.io\node_modules\string-width-cjs\package.json
[2025-03-12 21:21:38] [INFO] Converting JSON to MD: C:\Users\Chris\cFish.io\node_modules\string-width-cjs\node_modules\ansi-regex\package.json
[2025-03-12 21:21:38] [INFO] Skipping excluded file: C:\Users\Chris\cFish.io\node_modules\string-width-cjs\node_modules\ansi-regex\package.json
[2025-03-12 21:21:38] [INFO] Converting JSON to MD: C:\Users\Chris\cFish.io\node_modules\string-width-cjs\node_modules\emoji-regex\package.json
[2025-03-12 21:21:38] [INFO] Skipping excluded file: C:\Users\Chris\cFish.io\node_modules\string-width-cjs\node_modules\emoji-regex\package.json
[2025-03-12 21:21:38] [INFO] Converting JSON to MD: C:\Users\Chris\cFish.io\node_modules\string-width-cjs\node_modules\strip-ansi\package.json
[2025-03-12 21:21:38] [INFO] Skipping excluded file: C:\Users\Chris\cFish.io\node_modules\string-width-cjs\node_modules\strip-ansi\package.json
[2025-03-12 21:21:38] [INFO] Converting JSON to MD: C:\Users\Chris\cFish.io\node_modules\strip-ansi\package.json
[2025-03-12 21:21:38] [INFO] Skipping excluded file: C:\Users\Chris\cFish.io\node_modules\strip-ansi\package.json
[2025-03-12 21:21:38] [INFO] Converting JSON to MD: C:\Users\Chris\cFish.io\node_modules\strip-ansi-cjs\package.json
[2025-03-12 21:21:38] [INFO] Skipping excluded file: C:\Users\Chris\cFish.io\node_modules\strip-ansi-cjs\package.json
[2025-03-12 21:21:38] [INFO] Converting JSON to MD: C:\Users\Chris\cFish.io\node_modules\strip-ansi-cjs\node_modules\ansi-regex\package.json
[2025-03-12 21:21:38] [INFO] Skipping excluded file: C:\Users\Chris\cFish.io\node_modules\strip-ansi-cjs\node_modules\ansi-regex\package.json
[2025-03-12 21:21:39] [INFO] Converting JSON to MD: C:\Users\Chris\cFish.io\node_modules\to-regex-range\package.json
[2025-03-12 21:21:39] [INFO] Skipping excluded file: C:\Users\Chris\cFish.io\node_modules\to-regex-range\package.json
[2025-03-12 21:21:39] [INFO] Converting JSON to MD: C:\Users\Chris\cFish.io\node_modules\universalify\package.json
[2025-03-12 21:21:39] [INFO] Skipping excluded file: C:\Users\Chris\cFish.io\node_modules\universalify\package.json
[2025-03-12 21:21:39] [INFO] Converting JSON to MD: C:\Users\Chris\cFish.io\node_modules\util\package.json
[2025-03-12 21:21:39] [INFO] Skipping excluded file: C:\Users\Chris\cFish.io\node_modules\util\package.json
[2025-03-12 21:21:39] [INFO] Converting JSON to MD: C:\Users\Chris\cFish.io\node_modules\util\node_modules\inherits\package.json
[2025-03-12 21:21:39] [INFO] Skipping excluded file: C:\Users\Chris\cFish.io\node_modules\util\node_modules\inherits\package.json
[2025-03-12 21:21:39] [INFO] Converting JSON to MD: C:\Users\Chris\cFish.io\node_modules\which\package.json
[2025-03-12 21:21:39] [INFO] Skipping excluded file: C:\Users\Chris\cFish.io\node_modules\which\package.json
[2025-03-12 21:21:39] [INFO] Converting JSON to MD: C:\Users\Chris\cFish.io\node_modules\wrap-ansi\package.json
[2025-03-12 21:21:39] [INFO] Skipping excluded file: C:\Users\Chris\cFish.io\node_modules\wrap-ansi\package.json
[2025-03-12 21:21:39] [INFO] Converting JSON to MD: C:\Users\Chris\cFish.io\node_modules\wrap-ansi-cjs\package.json
[2025-03-12 21:21:39] [INFO] Skipping excluded file: C:\Users\Chris\cFish.io\node_modules\wrap-ansi-cjs\package.json
[2025-03-12 21:21:39] [INFO] Converting JSON to MD: C:\Users\Chris\cFish.io\node_modules\wrap-ansi-cjs\node_modules\ansi-regex\package.json
[2025-03-12 21:21:39] [INFO] Skipping excluded file: C:\Users\Chris\cFish.io\node_modules\wrap-ansi-cjs\node_modules\ansi-regex\package.json
[2025-03-12 21:21:39] [INFO] Converting JSON to MD: C:\Users\Chris\cFish.io\node_modules\wrap-ansi-cjs\node_modules\ansi-styles\package.json
[2025-03-12 21:21:39] [INFO] Skipping excluded file: C:\Users\Chris\cFish.io\node_modules\wrap-ansi-cjs\node_modules\ansi-styles\package.json
[2025-03-12 21:21:40] [INFO] Converting JSON to MD: C:\Users\Chris\cFish.io\node_modules\wrap-ansi-cjs\node_modules\emoji-regex\package.json
[2025-03-12 21:21:40] [INFO] Skipping excluded file: C:\Users\Chris\cFish.io\node_modules\wrap-ansi-cjs\node_modules\emoji-regex\package.json
[2025-03-12 21:21:40] [INFO] Converting JSON to MD: C:\Users\Chris\cFish.io\node_modules\wrap-ansi-cjs\node_modules\string-width\package.json
[2025-03-12 21:21:40] [INFO] Skipping excluded file: C:\Users\Chris\cFish.io\node_modules\wrap-ansi-cjs\node_modules\string-width\package.json
[2025-03-12 21:21:40] [INFO] Converting JSON to MD: C:\Users\Chris\cFish.io\node_modules\wrap-ansi-cjs\node_modules\strip-ansi\package.json
[2025-03-12 21:21:40] [INFO] Skipping excluded file: C:\Users\Chris\cFish.io\node_modules\wrap-ansi-cjs\node_modules\strip-ansi\package.json
[2025-03-12 21:21:40] [INFO] Converting JSON to MD: C:\Users\Chris\cFish.io\sync-system\config\sync-config.json
[2025-03-12 21:21:40] [SUCCESS] Successfully converted: C:\Users\Chris\cFish.io\sync-system\config\sync-config.json
[2025-03-12 21:21:40] [INFO] Converting JSON to MD: C:\Users\Chris\cFish.io\sync-system\state\md-json-sync-state.json
[2025-03-12 21:21:40] [SUCCESS] Successfully converted: C:\Users\Chris\cFish.io\sync-system\state\md-json-sync-state.json
[2025-03-12 21:21:40] [INFO] Converting JSON to MD: C:\Users\Chris\cFish.io\test-critical\json\critical-test.json
[2025-03-12 21:21:40] [SUCCESS] Successfully converted: C:\Users\Chris\cFish.io\test-critical\json\critical-test.json
[2025-03-12 21:21:40] [INFO] Converting JSON to MD: C:\Users\Chris\cFish.io\test-data\json\complex-test.json
[2025-03-12 21:21:41] [SUCCESS] Successfully converted: C:\Users\Chris\cFish.io\test-data\json\complex-test.json
[2025-03-12 21:21:41] [INFO] Converting JSON to MD: C:\Users\Chris\cFish.io\test-data\json\json-test.json
[2025-03-12 21:21:41] [INFO] Backed up existing MD file: C:\Users\Chris\cFish.io\test-data\json\json-test.md
[2025-03-12 21:21:41] [SUCCESS] Successfully converted: C:\Users\Chris\cFish.io\test-data\json\json-test.json
[2025-03-12 21:21:41] [INFO] Converting JSON to MD: C:\Users\Chris\cFish.io\test-data\json\memory.json
[2025-03-12 21:21:41] [SUCCESS] Successfully converted: C:\Users\Chris\cFish.io\test-data\json\memory.json
[2025-03-12 21:21:41] [INFO] Converting JSON to MD: C:\Users\Chris\cFish.io\test-data\json\quick-test.json
[2025-03-12 21:21:41] [SUCCESS] Successfully converted: C:\Users\Chris\cFish.io\test-data\json\quick-test.json
[2025-03-12 21:21:41] [INFO] Converting JSON to MD: C:\Users\Chris\cFish.io\tydisync-test\backup_test.json
[2025-03-12 21:21:41] [SUCCESS] Successfully converted: C:\Users\Chris\cFish.io\tydisync-test\backup_test.json
[2025-03-12 21:21:42] [INFO] Converting JSON to MD: C:\Users\Chris\cFish.io\tydisync-test\test1.json
[2025-03-12 21:21:42] [SUCCESS] Successfully converted: C:\Users\Chris\cFish.io\tydisync-test\test1.json
[2025-03-12 21:21:42] [INFO] Converting JSON to MD: C:\Users\Chris\cFish.io\tydisync-test\watch_test.json
[2025-03-12 21:21:42] [SUCCESS] Successfully converted: C:\Users\Chris\cFish.io\tydisync-test\watch_test.json
[2025-03-12 21:21:42] [INFO] Converting JSON to MD: C:\Users\Chris\cFish.io\tydisync-test\json\invalid.json
[2025-03-12 21:21:42] [ERROR] Failed to convert: C:\Users\Chris\cFish.io\tydisync-test\json\invalid.json. Error: tYDiSync~ starting with options: {   watch: false,   verbose: true,   force: false,   preferMarkdown: false,   preferJson: false,   configPath: './config.json',   convert: true,   convertFile: 'C:\\Users\\Chris\\cFish.io\\tydisync-test\\json\\invalid.json',   noBackups: false } Created backup: C:\Users\Chris\cFish.io\backups\invalid.json.2025-03-13T01-21-42.454Z.bak Converting JSON to Markdown: C:\Users\Chris\cFish.io\tydisync-test\json\invalid.json -> C:\Users\Chris\cFish.io\tydisync-test\invalid.md ERROR during conversion: Invalid JSON file: Expected property name or '}' in JSON at position 1 (line 1 column 2) ERROR: Invalid JSON file: Expected property name or '}' in JSON at position 1 (line 1 column 2)
[2025-03-12 21:21:42] [INFO] Converting JSON to MD: C:\Users\Chris\cFish.io\tydisync-test\json\test2.json
[2025-03-12 21:21:42] [SUCCESS] Successfully converted: C:\Users\Chris\cFish.io\tydisync-test\json\test2.json
[2025-03-12 21:21:42] [INFO] Converting JSON to MD: C:\Users\Chris\cFish.io\web\shortlinks\json\cfish-it.json
[2025-03-12 21:21:42] [INFO] Backed up existing MD file: C:\Users\Chris\cFish.io\web\shortlinks\json\cfish-it.md
[2025-03-12 21:21:42] [SUCCESS] Successfully converted: C:\Users\Chris\cFish.io\web\shortlinks\json\cfish-it.json
[2025-03-12 21:21:42] [INFO] Converting JSON to MD: C:\Users\Chris\cFish.io\web\shortlinks\json\cfish.json
[2025-03-12 21:21:42] [INFO] Backed up existing MD file: C:\Users\Chris\cFish.io\web\shortlinks\json\cfish.md
[2025-03-12 21:21:43] [SUCCESS] Successfully converted: C:\Users\Chris\cFish.io\web\shortlinks\json\cfish.json
[2025-03-12 21:21:43] [INFO] Converting JSON to MD: C:\Users\Chris\cFish.io\web\shortlinks\json\README.json
[2025-03-12 21:21:43] [SUCCESS] Successfully converted: C:\Users\Chris\cFish.io\web\shortlinks\json\README.json
[2025-03-12 21:21:43] [INFO] Converting JSON to MD: C:\Users\Chris\cFish.io\web\shortlinks\json\ty.json
[2025-03-12 21:21:43] [INFO] Backed up existing MD file: C:\Users\Chris\cFish.io\web\shortlinks\json\ty.md
[2025-03-12 21:21:43] [SUCCESS] Successfully converted: C:\Users\Chris\cFish.io\web\shortlinks\json\ty.json
[2025-03-12 21:21:43] [INFO] Converting JSON to MD: C:\Users\Chris\cFish.io\web\shortlinks\json\json\cfish-it.json
[2025-03-12 21:21:43] [SUCCESS] Successfully converted: C:\Users\Chris\cFish.io\web\shortlinks\json\json\cfish-it.json
[2025-03-12 21:21:43] [INFO] Converting JSON to MD: C:\Users\Chris\cFish.io\web\shortlinks\json\json\cfish.json
[2025-03-12 21:21:43] [SUCCESS] Successfully converted: C:\Users\Chris\cFish.io\web\shortlinks\json\json\cfish.json
[2025-03-12 21:21:44] [INFO] Converting JSON to MD: C:\Users\Chris\cFish.io\web\shortlinks\json\json\ty.json
[2025-03-12 21:21:44] [SUCCESS] Successfully converted: C:\Users\Chris\cFish.io\web\shortlinks\json\json\ty.json
[2025-03-12 21:21:44] [INFO] Converting JSON to MD: C:\Users\Chris\cFish.io\wp-content\mu-plugins\wpcomsh\composer.json
[2025-03-12 21:21:44] [SUCCESS] Successfully converted: C:\Users\Chris\cFish.io\wp-content\mu-plugins\wpcomsh\composer.json
[2025-03-12 21:21:44] [INFO] Converting JSON to MD: C:\Users\Chris\cFish.io\wp-content\mu-plugins\wpcomsh\jetpack_vendor\automattic\jetpack-mu-wpcom\languages\jetpack-mu-wpcom-ar-14e8287aa601c8c430c4d159f4ed7a88.json
[2025-03-12 21:21:44] [SUCCESS] Successfully converted: C:\Users\Chris\cFish.io\wp-content\mu-plugins\wpcomsh\jetpack_vendor\automattic\jetpack-mu-wpcom\languages\jetpack-mu-wpcom-ar-14e8287aa601c8c430c4d159f4ed7a88.json
[2025-03-12 21:21:44] [INFO] Converting JSON to MD: C:\Users\Chris\cFish.io\wp-content\mu-plugins\wpcomsh\jetpack_vendor\automattic\jetpack-mu-wpcom\languages\jetpack-mu-wpcom-ar-577b5ad69087302358e2592382bd7c78.json
[2025-03-12 21:21:44] [SUCCESS] Successfully converted: C:\Users\Chris\cFish.io\wp-content\mu-plugins\wpcomsh\jetpack_vendor\automattic\jetpack-mu-wpcom\languages\jetpack-mu-wpcom-ar-577b5ad69087302358e2592382bd7c78.json
[2025-03-12 21:21:44] [INFO] Converting JSON to MD: C:\Users\Chris\cFish.io\wp-content\mu-plugins\wpcomsh\jetpack_vendor\automattic\jetpack-mu-wpcom\languages\jetpack-mu-wpcom-ar-7ec6ff68ce4ad71b4c2b1cc54994a0a7.json
[2025-03-12 21:21:44] [SUCCESS] Successfully converted: C:\Users\Chris\cFish.io\wp-content\mu-plugins\wpcomsh\jetpack_vendor\automattic\jetpack-mu-wpcom\languages\jetpack-mu-wpcom-ar-7ec6ff68ce4ad71b4c2b1cc54994a0a7.json
[2025-03-12 21:21:45] [INFO] Converting JSON to MD: C:\Users\Chris\cFish.io\wp-content\mu-plugins\wpcomsh\jetpack_vendor\automattic\jetpack-mu-wpcom\languages\jetpack-mu-wpcom-ar-a5304e026be69aadf46a7f836163d82d.json
[2025-03-12 21:21:45] [SUCCESS] Successfully converted: C:\Users\Chris\cFish.io\wp-content\mu-plugins\wpcomsh\jetpack_vendor\automattic\jetpack-mu-wpcom\languages\jetpack-mu-wpcom-ar-a5304e026be69aadf46a7f836163d82d.json
[2025-03-12 21:21:45] [INFO] Converting JSON to MD: C:\Users\Chris\cFish.io\wp-content\mu-plugins\wpcomsh\jetpack_vendor\automattic\jetpack-mu-wpcom\languages\jetpack-mu-wpcom-de-14e8287aa601c8c430c4d159f4ed7a88.json
[2025-03-12 21:21:45] [SUCCESS] Successfully converted: C:\Users\Chris\cFish.io\wp-content\mu-plugins\wpcomsh\jetpack_vendor\automattic\jetpack-mu-wpcom\languages\jetpack-mu-wpcom-de-14e8287aa601c8c430c4d159f4ed7a88.json
[2025-03-12 21:21:45] [INFO] Converting JSON to MD: C:\Users\Chris\cFish.io\wp-content\mu-plugins\wpcomsh\jetpack_vendor\automattic\jetpack-mu-wpcom\languages\jetpack-mu-wpcom-de-577b5ad69087302358e2592382bd7c78.json
[2025-03-12 21:21:45] [SUCCESS] Successfully converted: C:\Users\Chris\cFish.io\wp-content\mu-plugins\wpcomsh\jetpack_vendor\automattic\jetpack-mu-wpcom\languages\jetpack-mu-wpcom-de-577b5ad69087302358e2592382bd7c78.json
[2025-03-12 21:21:45] [INFO] Converting JSON to MD: C:\Users\Chris\cFish.io\wp-content\mu-plugins\wpcomsh\jetpack_vendor\automattic\jetpack-mu-wpcom\languages\jetpack-mu-wpcom-de-7ec6ff68ce4ad71b4c2b1cc54994a0a7.json
[2025-03-12 21:21:45] [SUCCESS] Successfully converted: C:\Users\Chris\cFish.io\wp-content\mu-plugins\wpcomsh\jetpack_vendor\automattic\jetpack-mu-wpcom\languages\jetpack-mu-wpcom-de-7ec6ff68ce4ad71b4c2b1cc54994a0a7.json
[2025-03-12 21:21:45] [INFO] Converting JSON to MD: C:\Users\Chris\cFish.io\wp-content\mu-plugins\wpcomsh\jetpack_vendor\automattic\jetpack-mu-wpcom\languages\jetpack-mu-wpcom-de-a5304e026be69aadf46a7f836163d82d.json
[2025-03-12 21:21:46] [SUCCESS] Successfully converted: C:\Users\Chris\cFish.io\wp-content\mu-plugins\wpcomsh\jetpack_vendor\automattic\jetpack-mu-wpcom\languages\jetpack-mu-wpcom-de-a5304e026be69aadf46a7f836163d82d.json
[2025-03-12 21:21:46] [INFO] Converting JSON to MD: C:\Users\Chris\cFish.io\wp-content\mu-plugins\wpcomsh\jetpack_vendor\automattic\jetpack-mu-wpcom\languages\jetpack-mu-wpcom-de_DE-14e8287aa601c8c430c4d159f4ed7a88.json
[2025-03-12 21:21:46] [SUCCESS] Successfully converted: C:\Users\Chris\cFish.io\wp-content\mu-plugins\wpcomsh\jetpack_vendor\automattic\jetpack-mu-wpcom\languages\jetpack-mu-wpcom-de_DE-14e8287aa601c8c430c4d159f4ed7a88.json
[2025-03-12 21:21:46] [INFO] Converting JSON to MD: C:\Users\Chris\cFish.io\wp-content\mu-plugins\wpcomsh\jetpack_vendor\automattic\jetpack-mu-wpcom\languages\jetpack-mu-wpcom-de_DE-577b5ad69087302358e2592382bd7c78.json
[2025-03-12 21:21:46] [SUCCESS] Successfully converted: C:\Users\Chris\cFish.io\wp-content\mu-plugins\wpcomsh\jetpack_vendor\automattic\jetpack-mu-wpcom\languages\jetpack-mu-wpcom-de_DE-577b5ad69087302358e2592382bd7c78.json
[2025-03-12 21:21:46] [INFO] Converting JSON to MD: C:\Users\Chris\cFish.io\wp-content\mu-plugins\wpcomsh\jetpack_vendor\automattic\jetpack-mu-wpcom\languages\jetpack-mu-wpcom-de_DE-7ec6ff68ce4ad71b4c2b1cc54994a0a7.json
[2025-03-12 21:21:46] [SUCCESS] Successfully converted: C:\Users\Chris\cFish.io\wp-content\mu-plugins\wpcomsh\jetpack_vendor\automattic\jetpack-mu-wpcom\languages\jetpack-mu-wpcom-de_DE-7ec6ff68ce4ad71b4c2b1cc54994a0a7.json
[2025-03-12 21:21:46] [INFO] Converting JSON to MD: C:\Users\Chris\cFish.io\wp-content\mu-plugins\wpcomsh\jetpack_vendor\automattic\jetpack-mu-wpcom\languages\jetpack-mu-wpcom-de_DE-a5304e026be69aadf46a7f836163d82d.json
[2025-03-12 21:21:46] [SUCCESS] Successfully converted: C:\Users\Chris\cFish.io\wp-content\mu-plugins\wpcomsh\jetpack_vendor\automattic\jetpack-mu-wpcom\languages\jetpack-mu-wpcom-de_DE-a5304e026be69aadf46a7f836163d82d.json
[2025-03-12 21:21:46] [INFO] Converting JSON to MD: C:\Users\Chris\cFish.io\wp-content\mu-plugins\wpcomsh\jetpack_vendor\automattic\jetpack-mu-wpcom\languages\jetpack-mu-wpcom-es-14e8287aa601c8c430c4d159f4ed7a88.json
[2025-03-12 21:21:47] [SUCCESS] Successfully converted: C:\Users\Chris\cFish.io\wp-content\mu-plugins\wpcomsh\jetpack_vendor\automattic\jetpack-mu-wpcom\languages\jetpack-mu-wpcom-es-14e8287aa601c8c430c4d159f4ed7a88.json
[2025-03-12 21:21:47] [INFO] Converting JSON to MD: C:\Users\Chris\cFish.io\wp-content\mu-plugins\wpcomsh\jetpack_vendor\automattic\jetpack-mu-wpcom\languages\jetpack-mu-wpcom-es-577b5ad69087302358e2592382bd7c78.json
[2025-03-12 21:21:47] [SUCCESS] Successfully converted: C:\Users\Chris\cFish.io\wp-content\mu-plugins\wpcomsh\jetpack_vendor\automattic\jetpack-mu-wpcom\languages\jetpack-mu-wpcom-es-577b5ad69087302358e2592382bd7c78.json
[2025-03-12 21:21:47] [INFO] Converting JSON to MD: C:\Users\Chris\cFish.io\wp-content\mu-plugins\wpcomsh\jetpack_vendor\automattic\jetpack-mu-wpcom\languages\jetpack-mu-wpcom-es-7ec6ff68ce4ad71b4c2b1cc54994a0a7.json
[2025-03-12 21:21:47] [SUCCESS] Successfully converted: C:\Users\Chris\cFish.io\wp-content\mu-plugins\wpcomsh\jetpack_vendor\automattic\jetpack-mu-wpcom\languages\jetpack-mu-wpcom-es-7ec6ff68ce4ad71b4c2b1cc54994a0a7.json
[2025-03-12 21:21:47] [INFO] Converting JSON to MD: C:\Users\Chris\cFish.io\wp-content\mu-plugins\wpcomsh\jetpack_vendor\automattic\jetpack-mu-wpcom\languages\jetpack-mu-wpcom-es-a5304e026be69aadf46a7f836163d82d.json
[2025-03-12 21:21:47] [SUCCESS] Successfully converted: C:\Users\Chris\cFish.io\wp-content\mu-plugins\wpcomsh\jetpack_vendor\automattic\jetpack-mu-wpcom\languages\jetpack-mu-wpcom-es-a5304e026be69aadf46a7f836163d82d.json
[2025-03-12 21:21:47] [INFO] Converting JSON to MD: C:\Users\Chris\cFish.io\wp-content\mu-plugins\wpcomsh\jetpack_vendor\automattic\jetpack-mu-wpcom\languages\jetpack-mu-wpcom-es_CO-577b5ad69087302358e2592382bd7c78.json
[2025-03-12 21:21:47] [SUCCESS] Successfully converted: C:\Users\Chris\cFish.io\wp-content\mu-plugins\wpcomsh\jetpack_vendor\automattic\jetpack-mu-wpcom\languages\jetpack-mu-wpcom-es_CO-577b5ad69087302358e2592382bd7c78.json
[2025-03-12 21:21:48] [INFO] Converting JSON to MD: C:\Users\Chris\cFish.io\wp-content\mu-plugins\wpcomsh\jetpack_vendor\automattic\jetpack-mu-wpcom\languages\jetpack-mu-wpcom-es_CO-7ec6ff68ce4ad71b4c2b1cc54994a0a7.json
[2025-03-12 21:21:48] [SUCCESS] Successfully converted: C:\Users\Chris\cFish.io\wp-content\mu-plugins\wpcomsh\jetpack_vendor\automattic\jetpack-mu-wpcom\languages\jetpack-mu-wpcom-es_CO-7ec6ff68ce4ad71b4c2b1cc54994a0a7.json
[2025-03-12 21:21:48] [INFO] Converting JSON to MD: C:\Users\Chris\cFish.io\wp-content\mu-plugins\wpcomsh\jetpack_vendor\automattic\jetpack-mu-wpcom\languages\jetpack-mu-wpcom-es_EC-577b5ad69087302358e2592382bd7c78.json
[2025-03-12 21:21:48] [SUCCESS] Successfully converted: C:\Users\Chris\cFish.io\wp-content\mu-plugins\wpcomsh\jetpack_vendor\automattic\jetpack-mu-wpcom\languages\jetpack-mu-wpcom-es_EC-577b5ad69087302358e2592382bd7c78.json
[2025-03-12 21:21:48] [INFO] Converting JSON to MD: C:\Users\Chris\cFish.io\wp-content\mu-plugins\wpcomsh\jetpack_vendor\automattic\jetpack-mu-wpcom\languages\jetpack-mu-wpcom-es_EC-7ec6ff68ce4ad71b4c2b1cc54994a0a7.json
[2025-03-12 21:21:48] [SUCCESS] Successfully converted: C:\Users\Chris\cFish.io\wp-content\mu-plugins\wpcomsh\jetpack_vendor\automattic\jetpack-mu-wpcom\languages\jetpack-mu-wpcom-es_EC-7ec6ff68ce4ad71b4c2b1cc54994a0a7.json
[2025-03-12 21:21:48] [INFO] Converting JSON to MD: C:\Users\Chris\cFish.io\wp-content\mu-plugins\wpcomsh\jetpack_vendor\automattic\jetpack-mu-wpcom\languages\jetpack-mu-wpcom-es_ES-14e8287aa601c8c430c4d159f4ed7a88.json
[2025-03-12 21:21:48] [SUCCESS] Successfully converted: C:\Users\Chris\cFish.io\wp-content\mu-plugins\wpcomsh\jetpack_vendor\automattic\jetpack-mu-wpcom\languages\jetpack-mu-wpcom-es_ES-14e8287aa601c8c430c4d159f4ed7a88.json
[2025-03-12 21:21:48] [INFO] Converting JSON to MD: C:\Users\Chris\cFish.io\wp-content\mu-plugins\wpcomsh\jetpack_vendor\automattic\jetpack-mu-wpcom\languages\jetpack-mu-wpcom-es_ES-577b5ad69087302358e2592382bd7c78.json
[2025-03-12 21:21:48] [SUCCESS] Successfully converted: C:\Users\Chris\cFish.io\wp-content\mu-plugins\wpcomsh\jetpack_vendor\automattic\jetpack-mu-wpcom\languages\jetpack-mu-wpcom-es_ES-577b5ad69087302358e2592382bd7c78.json
[2025-03-12 21:21:49] [INFO] Converting JSON to MD: C:\Users\Chris\cFish.io\wp-content\mu-plugins\wpcomsh\jetpack_vendor\automattic\jetpack-mu-wpcom\languages\jetpack-mu-wpcom-es_ES-7ec6ff68ce4ad71b4c2b1cc54994a0a7.json
[2025-03-12 21:21:49] [SUCCESS] Successfully converted: C:\Users\Chris\cFish.io\wp-content\mu-plugins\wpcomsh\jetpack_vendor\automattic\jetpack-mu-wpcom\languages\jetpack-mu-wpcom-es_ES-7ec6ff68ce4ad71b4c2b1cc54994a0a7.json
[2025-03-12 21:21:49] [INFO] Converting JSON to MD: C:\Users\Chris\cFish.io\wp-content\mu-plugins\wpcomsh\jetpack_vendor\automattic\jetpack-mu-wpcom\languages\jetpack-mu-wpcom-es_ES-a5304e026be69aadf46a7f836163d82d.json
[2025-03-12 21:21:49] [SUCCESS] Successfully converted: C:\Users\Chris\cFish.io\wp-content\mu-plugins\wpcomsh\jetpack_vendor\automattic\jetpack-mu-wpcom\languages\jetpack-mu-wpcom-es_ES-a5304e026be69aadf46a7f836163d82d.json
[2025-03-12 21:21:49] [INFO] Converting JSON to MD: C:\Users\Chris\cFish.io\wp-content\mu-plugins\wpcomsh\jetpack_vendor\automattic\jetpack-mu-wpcom\languages\jetpack-mu-wpcom-es_MX-577b5ad69087302358e2592382bd7c78.json
[2025-03-12 21:21:49] [SUCCESS] Successfully converted: C:\Users\Chris\cFish.io\wp-content\mu-plugins\wpcomsh\jetpack_vendor\automattic\jetpack-mu-wpcom\languages\jetpack-mu-wpcom-es_MX-577b5ad69087302358e2592382bd7c78.json
[2025-03-12 21:21:49] [INFO] Converting JSON to MD: C:\Users\Chris\cFish.io\wp-content\mu-plugins\wpcomsh\jetpack_vendor\automattic\jetpack-mu-wpcom\languages\jetpack-mu-wpcom-es_MX-7ec6ff68ce4ad71b4c2b1cc54994a0a7.json
[2025-03-12 21:21:49] [SUCCESS] Successfully converted: C:\Users\Chris\cFish.io\wp-content\mu-plugins\wpcomsh\jetpack_vendor\automattic\jetpack-mu-wpcom\languages\jetpack-mu-wpcom-es_MX-7ec6ff68ce4ad71b4c2b1cc54994a0a7.json
[2025-03-12 21:21:49] [INFO] Converting JSON to MD: C:\Users\Chris\cFish.io\wp-content\mu-plugins\wpcomsh\jetpack_vendor\automattic\jetpack-mu-wpcom\languages\jetpack-mu-wpcom-es_VE-577b5ad69087302358e2592382bd7c78.json
[2025-03-12 21:21:49] [SUCCESS] Successfully converted: C:\Users\Chris\cFish.io\wp-content\mu-plugins\wpcomsh\jetpack_vendor\automattic\jetpack-mu-wpcom\languages\jetpack-mu-wpcom-es_VE-577b5ad69087302358e2592382bd7c78.json
[2025-03-12 21:21:50] [INFO] Converting JSON to MD: C:\Users\Chris\cFish.io\wp-content\mu-plugins\wpcomsh\jetpack_vendor\automattic\jetpack-mu-wpcom\languages\jetpack-mu-wpcom-es_VE-7ec6ff68ce4ad71b4c2b1cc54994a0a7.json
[2025-03-12 21:21:50] [SUCCESS] Successfully converted: C:\Users\Chris\cFish.io\wp-content\mu-plugins\wpcomsh\jetpack_vendor\automattic\jetpack-mu-wpcom\languages\jetpack-mu-wpcom-es_VE-7ec6ff68ce4ad71b4c2b1cc54994a0a7.json
[2025-03-12 21:21:50] [INFO] Converting JSON to MD: C:\Users\Chris\cFish.io\wp-content\mu-plugins\wpcomsh\jetpack_vendor\automattic\jetpack-mu-wpcom\languages\jetpack-mu-wpcom-fr-14e8287aa601c8c430c4d159f4ed7a88.json
[2025-03-12 21:21:50] [SUCCESS] Successfully converted: C:\Users\Chris\cFish.io\wp-content\mu-plugins\wpcomsh\jetpack_vendor\automattic\jetpack-mu-wpcom\languages\jetpack-mu-wpcom-fr-14e8287aa601c8c430c4d159f4ed7a88.json
[2025-03-12 21:21:50] [INFO] Converting JSON to MD: C:\Users\Chris\cFish.io\wp-content\mu-plugins\wpcomsh\jetpack_vendor\automattic\jetpack-mu-wpcom\languages\jetpack-mu-wpcom-fr-577b5ad69087302358e2592382bd7c78.json
[2025-03-12 21:21:50] [SUCCESS] Successfully converted: C:\Users\Chris\cFish.io\wp-content\mu-plugins\wpcomsh\jetpack_vendor\automattic\jetpack-mu-wpcom\languages\jetpack-mu-wpcom-fr-577b5ad69087302358e2592382bd7c78.json
[2025-03-12 21:21:50] [INFO] Converting JSON to MD: C:\Users\Chris\cFish.io\wp-content\mu-plugins\wpcomsh\jetpack_vendor\automattic\jetpack-mu-wpcom\languages\jetpack-mu-wpcom-fr-7ec6ff68ce4ad71b4c2b1cc54994a0a7.json
[2025-03-12 21:21:50] [SUCCESS] Successfully converted: C:\Users\Chris\cFish.io\wp-content\mu-plugins\wpcomsh\jetpack_vendor\automattic\jetpack-mu-wpcom\languages\jetpack-mu-wpcom-fr-7ec6ff68ce4ad71b4c2b1cc54994a0a7.json
[2025-03-12 21:21:50] [INFO] Converting JSON to MD: C:\Users\Chris\cFish.io\wp-content\mu-plugins\wpcomsh\jetpack_vendor\automattic\jetpack-mu-wpcom\languages\jetpack-mu-wpcom-fr-a5304e026be69aadf46a7f836163d82d.json
[2025-03-12 21:21:50] [SUCCESS] Successfully converted: C:\Users\Chris\cFish.io\wp-content\mu-plugins\wpcomsh\jetpack_vendor\automattic\jetpack-mu-wpcom\languages\jetpack-mu-wpcom-fr-a5304e026be69aadf46a7f836163d82d.json
[2025-03-12 21:21:51] [INFO] Converting JSON to MD: C:\Users\Chris\cFish.io\wp-content\mu-plugins\wpcomsh\jetpack_vendor\automattic\jetpack-mu-wpcom\languages\jetpack-mu-wpcom-fr_FR-14e8287aa601c8c430c4d159f4ed7a88.json
[2025-03-12 21:21:51] [SUCCESS] Successfully converted: C:\Users\Chris\cFish.io\wp-content\mu-plugins\wpcomsh\jetpack_vendor\automattic\jetpack-mu-wpcom\languages\jetpack-mu-wpcom-fr_FR-14e8287aa601c8c430c4d159f4ed7a88.json
[2025-03-12 21:21:51] [INFO] Converting JSON to MD: C:\Users\Chris\cFish.io\wp-content\mu-plugins\wpcomsh\jetpack_vendor\automattic\jetpack-mu-wpcom\languages\jetpack-mu-wpcom-fr_FR-577b5ad69087302358e2592382bd7c78.json
[2025-03-12 21:21:51] [SUCCESS] Successfully converted: C:\Users\Chris\cFish.io\wp-content\mu-plugins\wpcomsh\jetpack_vendor\automattic\jetpack-mu-wpcom\languages\jetpack-mu-wpcom-fr_FR-577b5ad69087302358e2592382bd7c78.json
[2025-03-12 21:21:51] [INFO] Converting JSON to MD: C:\Users\Chris\cFish.io\wp-content\mu-plugins\wpcomsh\jetpack_vendor\automattic\jetpack-mu-wpcom\languages\jetpack-mu-wpcom-fr_FR-7ec6ff68ce4ad71b4c2b1cc54994a0a7.json
[2025-03-12 21:21:51] [SUCCESS] Successfully converted: C:\Users\Chris\cFish.io\wp-content\mu-plugins\wpcomsh\jetpack_vendor\automattic\jetpack-mu-wpcom\languages\jetpack-mu-wpcom-fr_FR-7ec6ff68ce4ad71b4c2b1cc54994a0a7.json
[2025-03-12 21:21:51] [INFO] Converting JSON to MD: C:\Users\Chris\cFish.io\wp-content\mu-plugins\wpcomsh\jetpack_vendor\automattic\jetpack-mu-wpcom\languages\jetpack-mu-wpcom-fr_FR-a5304e026be69aadf46a7f836163d82d.json
[2025-03-12 21:21:51] [SUCCESS] Successfully converted: C:\Users\Chris\cFish.io\wp-content\mu-plugins\wpcomsh\jetpack_vendor\automattic\jetpack-mu-wpcom\languages\jetpack-mu-wpcom-fr_FR-a5304e026be69aadf46a7f836163d82d.json
[2025-03-12 21:21:51] [INFO] Converting JSON to MD: C:\Users\Chris\cFish.io\wp-content\mu-plugins\wpcomsh\jetpack_vendor\automattic\jetpack-mu-wpcom\languages\jetpack-mu-wpcom-he-14e8287aa601c8c430c4d159f4ed7a88.json
[2025-03-12 21:21:51] [SUCCESS] Successfully converted: C:\Users\Chris\cFish.io\wp-content\mu-plugins\wpcomsh\jetpack_vendor\automattic\jetpack-mu-wpcom\languages\jetpack-mu-wpcom-he-14e8287aa601c8c430c4d159f4ed7a88.json
[2025-03-12 21:21:52] [INFO] Converting JSON to MD: C:\Users\Chris\cFish.io\wp-content\mu-plugins\wpcomsh\jetpack_vendor\automattic\jetpack-mu-wpcom\languages\jetpack-mu-wpcom-he-577b5ad69087302358e2592382bd7c78.json
[2025-03-12 21:21:52] [SUCCESS] Successfully converted: C:\Users\Chris\cFish.io\wp-content\mu-plugins\wpcomsh\jetpack_vendor\automattic\jetpack-mu-wpcom\languages\jetpack-mu-wpcom-he-577b5ad69087302358e2592382bd7c78.json
[2025-03-12 21:21:52] [INFO] Converting JSON to MD: C:\Users\Chris\cFish.io\wp-content\mu-plugins\wpcomsh\jetpack_vendor\automattic\jetpack-mu-wpcom\languages\jetpack-mu-wpcom-he-7ec6ff68ce4ad71b4c2b1cc54994a0a7.json
[2025-03-12 21:21:52] [SUCCESS] Successfully converted: C:\Users\Chris\cFish.io\wp-content\mu-plugins\wpcomsh\jetpack_vendor\automattic\jetpack-mu-wpcom\languages\jetpack-mu-wpcom-he-7ec6ff68ce4ad71b4c2b1cc54994a0a7.json
[2025-03-12 21:21:52] [INFO] Converting JSON to MD: C:\Users\Chris\cFish.io\wp-content\mu-plugins\wpcomsh\jetpack_vendor\automattic\jetpack-mu-wpcom\languages\jetpack-mu-wpcom-he-a5304e026be69aadf46a7f836163d82d.json
[2025-03-12 21:21:52] [SUCCESS] Successfully converted: C:\Users\Chris\cFish.io\wp-content\mu-plugins\wpcomsh\jetpack_vendor\automattic\jetpack-mu-wpcom\languages\jetpack-mu-wpcom-he-a5304e026be69aadf46a7f836163d82d.json
[2025-03-12 21:21:52] [INFO] Converting JSON to MD: C:\Users\Chris\cFish.io\wp-content\mu-plugins\wpcomsh\jetpack_vendor\automattic\jetpack-mu-wpcom\languages\jetpack-mu-wpcom-he_IL-14e8287aa601c8c430c4d159f4ed7a88.json
[2025-03-12 21:21:52] [SUCCESS] Successfully converted: C:\Users\Chris\cFish.io\wp-content\mu-plugins\wpcomsh\jetpack_vendor\automattic\jetpack-mu-wpcom\languages\jetpack-mu-wpcom-he_IL-14e8287aa601c8c430c4d159f4ed7a88.json
[2025-03-12 21:21:52] [INFO] Converting JSON to MD: C:\Users\Chris\cFish.io\wp-content\mu-plugins\wpcomsh\jetpack_vendor\automattic\jetpack-mu-wpcom\languages\jetpack-mu-wpcom-he_IL-577b5ad69087302358e2592382bd7c78.json
[2025-03-12 21:21:52] [SUCCESS] Successfully converted: C:\Users\Chris\cFish.io\wp-content\mu-plugins\wpcomsh\jetpack_vendor\automattic\jetpack-mu-wpcom\languages\jetpack-mu-wpcom-he_IL-577b5ad69087302358e2592382bd7c78.json
[2025-03-12 21:21:53] [INFO] Converting JSON to MD: C:\Users\Chris\cFish.io\wp-content\mu-plugins\wpcomsh\jetpack_vendor\automattic\jetpack-mu-wpcom\languages\jetpack-mu-wpcom-he_IL-7ec6ff68ce4ad71b4c2b1cc54994a0a7.json
[2025-03-12 21:21:53] [SUCCESS] Successfully converted: C:\Users\Chris\cFish.io\wp-content\mu-plugins\wpcomsh\jetpack_vendor\automattic\jetpack-mu-wpcom\languages\jetpack-mu-wpcom-he_IL-7ec6ff68ce4ad71b4c2b1cc54994a0a7.json
[2025-03-12 21:21:53] [INFO] Converting JSON to MD: C:\Users\Chris\cFish.io\wp-content\mu-plugins\wpcomsh\jetpack_vendor\automattic\jetpack-mu-wpcom\languages\jetpack-mu-wpcom-he_IL-a5304e026be69aadf46a7f836163d82d.json
[2025-03-12 21:21:53] [SUCCESS] Successfully converted: C:\Users\Chris\cFish.io\wp-content\mu-plugins\wpcomsh\jetpack_vendor\automattic\jetpack-mu-wpcom\languages\jetpack-mu-wpcom-he_IL-a5304e026be69aadf46a7f836163d82d.json
[2025-03-12 21:21:53] [INFO] Converting JSON to MD: C:\Users\Chris\cFish.io\wp-content\mu-plugins\wpcomsh\jetpack_vendor\automattic\jetpack-mu-wpcom\languages\jetpack-mu-wpcom-id-14e8287aa601c8c430c4d159f4ed7a88.json
[2025-03-12 21:21:53] [SUCCESS] Successfully converted: C:\Users\Chris\cFish.io\wp-content\mu-plugins\wpcomsh\jetpack_vendor\automattic\jetpack-mu-wpcom\languages\jetpack-mu-wpcom-id-14e8287aa601c8c430c4d159f4ed7a88.json
[2025-03-12 21:21:53] [INFO] Converting JSON to MD: C:\Users\Chris\cFish.io\wp-content\mu-plugins\wpcomsh\jetpack_vendor\automattic\jetpack-mu-wpcom\languages\jetpack-mu-wpcom-id-577b5ad69087302358e2592382bd7c78.json
[2025-03-12 21:21:53] [SUCCESS] Successfully converted: C:\Users\Chris\cFish.io\wp-content\mu-plugins\wpcomsh\jetpack_vendor\automattic\jetpack-mu-wpcom\languages\jetpack-mu-wpcom-id-577b5ad69087302358e2592382bd7c78.json
[2025-03-12 21:21:53] [INFO] Converting JSON to MD: C:\Users\Chris\cFish.io\wp-content\mu-plugins\wpcomsh\jetpack_vendor\automattic\jetpack-mu-wpcom\languages\jetpack-mu-wpcom-id-7ec6ff68ce4ad71b4c2b1cc54994a0a7.json
[2025-03-12 21:21:53] [SUCCESS] Successfully converted: C:\Users\Chris\cFish.io\wp-content\mu-plugins\wpcomsh\jetpack_vendor\automattic\jetpack-mu-wpcom\languages\jetpack-mu-wpcom-id-7ec6ff68ce4ad71b4c2b1cc54994a0a7.json
[2025-03-12 21:21:54] [INFO] Converting JSON to MD: C:\Users\Chris\cFish.io\wp-content\mu-plugins\wpcomsh\jetpack_vendor\automattic\jetpack-mu-wpcom\languages\jetpack-mu-wpcom-id-a5304e026be69aadf46a7f836163d82d.json
[2025-03-12 21:21:54] [SUCCESS] Successfully converted: C:\Users\Chris\cFish.io\wp-content\mu-plugins\wpcomsh\jetpack_vendor\automattic\jetpack-mu-wpcom\languages\jetpack-mu-wpcom-id-a5304e026be69aadf46a7f836163d82d.json
[2025-03-12 21:21:54] [INFO] Converting JSON to MD: C:\Users\Chris\cFish.io\wp-content\mu-plugins\wpcomsh\jetpack_vendor\automattic\jetpack-mu-wpcom\languages\jetpack-mu-wpcom-id_ID-14e8287aa601c8c430c4d159f4ed7a88.json
[2025-03-12 21:21:54] [SUCCESS] Successfully converted: C:\Users\Chris\cFish.io\wp-content\mu-plugins\wpcomsh\jetpack_vendor\automattic\jetpack-mu-wpcom\languages\jetpack-mu-wpcom-id_ID-14e8287aa601c8c430c4d159f4ed7a88.json
[2025-03-12 21:21:54] [INFO] Converting JSON to MD: C:\Users\Chris\cFish.io\wp-content\mu-plugins\wpcomsh\jetpack_vendor\automattic\jetpack-mu-wpcom\languages\jetpack-mu-wpcom-id_ID-577b5ad69087302358e2592382bd7c78.json
[2025-03-12 21:21:54] [SUCCESS] Successfully converted: C:\Users\Chris\cFish.io\wp-content\mu-plugins\wpcomsh\jetpack_vendor\automattic\jetpack-mu-wpcom\languages\jetpack-mu-wpcom-id_ID-577b5ad69087302358e2592382bd7c78.json
[2025-03-12 21:21:54] [INFO] Converting JSON to MD: C:\Users\Chris\cFish.io\wp-content\mu-plugins\wpcomsh\jetpack_vendor\automattic\jetpack-mu-wpcom\languages\jetpack-mu-wpcom-id_ID-7ec6ff68ce4ad71b4c2b1cc54994a0a7.json
[2025-03-12 21:21:54] [SUCCESS] Successfully converted: C:\Users\Chris\cFish.io\wp-content\mu-plugins\wpcomsh\jetpack_vendor\automattic\jetpack-mu-wpcom\languages\jetpack-mu-wpcom-id_ID-7ec6ff68ce4ad71b4c2b1cc54994a0a7.json
[2025-03-12 21:21:54] [INFO] Converting JSON to MD: C:\Users\Chris\cFish.io\wp-content\mu-plugins\wpcomsh\jetpack_vendor\automattic\jetpack-mu-wpcom\languages\jetpack-mu-wpcom-id_ID-a5304e026be69aadf46a7f836163d82d.json
[2025-03-12 21:21:54] [SUCCESS] Successfully converted: C:\Users\Chris\cFish.io\wp-content\mu-plugins\wpcomsh\jetpack_vendor\automattic\jetpack-mu-wpcom\languages\jetpack-mu-wpcom-id_ID-a5304e026be69aadf46a7f836163d82d.json
[2025-03-12 21:21:55] [INFO] Converting JSON to MD: C:\Users\Chris\cFish.io\wp-content\mu-plugins\wpcomsh\jetpack_vendor\automattic\jetpack-mu-wpcom\languages\jetpack-mu-wpcom-it-14e8287aa601c8c430c4d159f4ed7a88.json
[2025-03-12 21:21:55] [SUCCESS] Successfully converted: C:\Users\Chris\cFish.io\wp-content\mu-plugins\wpcomsh\jetpack_vendor\automattic\jetpack-mu-wpcom\languages\jetpack-mu-wpcom-it-14e8287aa601c8c430c4d159f4ed7a88.json
[2025-03-12 21:21:55] [INFO] Converting JSON to MD: C:\Users\Chris\cFish.io\wp-content\mu-plugins\wpcomsh\jetpack_vendor\automattic\jetpack-mu-wpcom\languages\jetpack-mu-wpcom-it-577b5ad69087302358e2592382bd7c78.json
[2025-03-12 21:21:55] [SUCCESS] Successfully converted: C:\Users\Chris\cFish.io\wp-content\mu-plugins\wpcomsh\jetpack_vendor\automattic\jetpack-mu-wpcom\languages\jetpack-mu-wpcom-it-577b5ad69087302358e2592382bd7c78.json
[2025-03-12 21:21:55] [INFO] Converting JSON to MD: C:\Users\Chris\cFish.io\wp-content\mu-plugins\wpcomsh\jetpack_vendor\automattic\jetpack-mu-wpcom\languages\jetpack-mu-wpcom-it-7ec6ff68ce4ad71b4c2b1cc54994a0a7.json
[2025-03-12 21:21:55] [SUCCESS] Successfully converted: C:\Users\Chris\cFish.io\wp-content\mu-plugins\wpcomsh\jetpack_vendor\automattic\jetpack-mu-wpcom\languages\jetpack-mu-wpcom-it-7ec6ff68ce4ad71b4c2b1cc54994a0a7.json
[2025-03-12 21:21:55] [INFO] Converting JSON to MD: C:\Users\Chris\cFish.io\wp-content\mu-plugins\wpcomsh\jetpack_vendor\automattic\jetpack-mu-wpcom\languages\jetpack-mu-wpcom-it-a5304e026be69aadf46a7f836163d82d.json
[2025-03-12 21:21:55] [SUCCESS] Successfully converted: C:\Users\Chris\cFish.io\wp-content\mu-plugins\wpcomsh\jetpack_vendor\automattic\jetpack-mu-wpcom\languages\jetpack-mu-wpcom-it-a5304e026be69aadf46a7f836163d82d.json
[2025-03-12 21:21:55] [INFO] Converting JSON to MD: C:\Users\Chris\cFish.io\wp-content\mu-plugins\wpcomsh\jetpack_vendor\automattic\jetpack-mu-wpcom\languages\jetpack-mu-wpcom-it_IT-14e8287aa601c8c430c4d159f4ed7a88.json
[2025-03-12 21:21:55] [SUCCESS] Successfully converted: C:\Users\Chris\cFish.io\wp-content\mu-plugins\wpcomsh\jetpack_vendor\automattic\jetpack-mu-wpcom\languages\jetpack-mu-wpcom-it_IT-14e8287aa601c8c430c4d159f4ed7a88.json
[2025-03-12 21:21:56] [INFO] Converting JSON to MD: C:\Users\Chris\cFish.io\wp-content\mu-plugins\wpcomsh\jetpack_vendor\automattic\jetpack-mu-wpcom\languages\jetpack-mu-wpcom-it_IT-577b5ad69087302358e2592382bd7c78.json
[2025-03-12 21:21:56] [SUCCESS] Successfully converted: C:\Users\Chris\cFish.io\wp-content\mu-plugins\wpcomsh\jetpack_vendor\automattic\jetpack-mu-wpcom\languages\jetpack-mu-wpcom-it_IT-577b5ad69087302358e2592382bd7c78.json
[2025-03-12 21:21:56] [INFO] Converting JSON to MD: C:\Users\Chris\cFish.io\wp-content\mu-plugins\wpcomsh\jetpack_vendor\automattic\jetpack-mu-wpcom\languages\jetpack-mu-wpcom-it_IT-7ec6ff68ce4ad71b4c2b1cc54994a0a7.json
[2025-03-12 21:21:56] [SUCCESS] Successfully converted: C:\Users\Chris\cFish.io\wp-content\mu-plugins\wpcomsh\jetpack_vendor\automattic\jetpack-mu-wpcom\languages\jetpack-mu-wpcom-it_IT-7ec6ff68ce4ad71b4c2b1cc54994a0a7.json
[2025-03-12 21:21:56] [INFO] Converting JSON to MD: C:\Users\Chris\cFish.io\wp-content\mu-plugins\wpcomsh\jetpack_vendor\automattic\jetpack-mu-wpcom\languages\jetpack-mu-wpcom-it_IT-a5304e026be69aadf46a7f836163d82d.json
[2025-03-12 21:21:56] [SUCCESS] Successfully converted: C:\Users\Chris\cFish.io\wp-content\mu-plugins\wpcomsh\jetpack_vendor\automattic\jetpack-mu-wpcom\languages\jetpack-mu-wpcom-it_IT-a5304e026be69aadf46a7f836163d82d.json
[2025-03-12 21:21:56] [INFO] Converting JSON to MD: C:\Users\Chris\cFish.io\wp-content\mu-plugins\wpcomsh\jetpack_vendor\automattic\jetpack-mu-wpcom\languages\jetpack-mu-wpcom-ja-14e8287aa601c8c430c4d159f4ed7a88.json
[2025-03-12 21:21:56] [SUCCESS] Successfully converted: C:\Users\Chris\cFish.io\wp-content\mu-plugins\wpcomsh\jetpack_vendor\automattic\jetpack-mu-wpcom\languages\jetpack-mu-wpcom-ja-14e8287aa601c8c430c4d159f4ed7a88.json
[2025-03-12 21:21:56] [INFO] Converting JSON to MD: C:\Users\Chris\cFish.io\wp-content\mu-plugins\wpcomsh\jetpack_vendor\automattic\jetpack-mu-wpcom\languages\jetpack-mu-wpcom-ja-577b5ad69087302358e2592382bd7c78.json
[2025-03-12 21:21:56] [SUCCESS] Successfully converted: C:\Users\Chris\cFish.io\wp-content\mu-plugins\wpcomsh\jetpack_vendor\automattic\jetpack-mu-wpcom\languages\jetpack-mu-wpcom-ja-577b5ad69087302358e2592382bd7c78.json
[2025-03-12 21:21:57] [INFO] Converting JSON to MD: C:\Users\Chris\cFish.io\wp-content\mu-plugins\wpcomsh\jetpack_vendor\automattic\jetpack-mu-wpcom\languages\jetpack-mu-wpcom-ja-7ec6ff68ce4ad71b4c2b1cc54994a0a7.json
[2025-03-12 21:21:57] [SUCCESS] Successfully converted: C:\Users\Chris\cFish.io\wp-content\mu-plugins\wpcomsh\jetpack_vendor\automattic\jetpack-mu-wpcom\languages\jetpack-mu-wpcom-ja-7ec6ff68ce4ad71b4c2b1cc54994a0a7.json
[2025-03-12 21:21:57] [INFO] Converting JSON to MD: C:\Users\Chris\cFish.io\wp-content\mu-plugins\wpcomsh\jetpack_vendor\automattic\jetpack-mu-wpcom\languages\jetpack-mu-wpcom-ja-a5304e026be69aadf46a7f836163d82d.json
[2025-03-12 21:21:57] [SUCCESS] Successfully converted: C:\Users\Chris\cFish.io\wp-content\mu-plugins\wpcomsh\jetpack_vendor\automattic\jetpack-mu-wpcom\languages\jetpack-mu-wpcom-ja-a5304e026be69aadf46a7f836163d82d.json
[2025-03-12 21:21:57] [INFO] Converting JSON to MD: C:\Users\Chris\cFish.io\wp-content\mu-plugins\wpcomsh\jetpack_vendor\automattic\jetpack-mu-wpcom\languages\jetpack-mu-wpcom-ko-14e8287aa601c8c430c4d159f4ed7a88.json
[2025-03-12 21:21:57] [SUCCESS] Successfully converted: C:\Users\Chris\cFish.io\wp-content\mu-plugins\wpcomsh\jetpack_vendor\automattic\jetpack-mu-wpcom\languages\jetpack-mu-wpcom-ko-14e8287aa601c8c430c4d159f4ed7a88.json
[2025-03-12 21:21:57] [INFO] Converting JSON to MD: C:\Users\Chris\cFish.io\wp-content\mu-plugins\wpcomsh\jetpack_vendor\automattic\jetpack-mu-wpcom\languages\jetpack-mu-wpcom-ko-577b5ad69087302358e2592382bd7c78.json
[2025-03-12 21:21:57] [SUCCESS] Successfully converted: C:\Users\Chris\cFish.io\wp-content\mu-plugins\wpcomsh\jetpack_vendor\automattic\jetpack-mu-wpcom\languages\jetpack-mu-wpcom-ko-577b5ad69087302358e2592382bd7c78.json
[2025-03-12 21:21:57] [INFO] Converting JSON to MD: C:\Users\Chris\cFish.io\wp-content\mu-plugins\wpcomsh\jetpack_vendor\automattic\jetpack-mu-wpcom\languages\jetpack-mu-wpcom-ko-7ec6ff68ce4ad71b4c2b1cc54994a0a7.json
[2025-03-12 21:21:58] [SUCCESS] Successfully converted: C:\Users\Chris\cFish.io\wp-content\mu-plugins\wpcomsh\jetpack_vendor\automattic\jetpack-mu-wpcom\languages\jetpack-mu-wpcom-ko-7ec6ff68ce4ad71b4c2b1cc54994a0a7.json
[2025-03-12 21:21:58] [INFO] Converting JSON to MD: C:\Users\Chris\cFish.io\wp-content\mu-plugins\wpcomsh\jetpack_vendor\automattic\jetpack-mu-wpcom\languages\jetpack-mu-wpcom-ko-a5304e026be69aadf46a7f836163d82d.json
[2025-03-12 21:21:58] [SUCCESS] Successfully converted: C:\Users\Chris\cFish.io\wp-content\mu-plugins\wpcomsh\jetpack_vendor\automattic\jetpack-mu-wpcom\languages\jetpack-mu-wpcom-ko-a5304e026be69aadf46a7f836163d82d.json
[2025-03-12 21:21:58] [INFO] Converting JSON to MD: C:\Users\Chris\cFish.io\wp-content\mu-plugins\wpcomsh\jetpack_vendor\automattic\jetpack-mu-wpcom\languages\jetpack-mu-wpcom-ko_KR-14e8287aa601c8c430c4d159f4ed7a88.json
[2025-03-12 21:21:58] [SUCCESS] Successfully converted: C:\Users\Chris\cFish.io\wp-content\mu-plugins\wpcomsh\jetpack_vendor\automattic\jetpack-mu-wpcom\languages\jetpack-mu-wpcom-ko_KR-14e8287aa601c8c430c4d159f4ed7a88.json
[2025-03-12 21:21:58] [INFO] Converting JSON to MD: C:\Users\Chris\cFish.io\wp-content\mu-plugins\wpcomsh\jetpack_vendor\automattic\jetpack-mu-wpcom\languages\jetpack-mu-wpcom-ko_KR-577b5ad69087302358e2592382bd7c78.json
[2025-03-12 21:21:58] [SUCCESS] Successfully converted: C:\Users\Chris\cFish.io\wp-content\mu-plugins\wpcomsh\jetpack_vendor\automattic\jetpack-mu-wpcom\languages\jetpack-mu-wpcom-ko_KR-577b5ad69087302358e2592382bd7c78.json
[2025-03-12 21:21:58] [INFO] Converting JSON to MD: C:\Users\Chris\cFish.io\wp-content\mu-plugins\wpcomsh\jetpack_vendor\automattic\jetpack-mu-wpcom\languages\jetpack-mu-wpcom-ko_KR-7ec6ff68ce4ad71b4c2b1cc54994a0a7.json
[2025-03-12 21:21:58] [SUCCESS] Successfully converted: C:\Users\Chris\cFish.io\wp-content\mu-plugins\wpcomsh\jetpack_vendor\automattic\jetpack-mu-wpcom\languages\jetpack-mu-wpcom-ko_KR-7ec6ff68ce4ad71b4c2b1cc54994a0a7.json
[2025-03-12 21:21:58] [INFO] Converting JSON to MD: C:\Users\Chris\cFish.io\wp-content\mu-plugins\wpcomsh\jetpack_vendor\automattic\jetpack-mu-wpcom\languages\jetpack-mu-wpcom-ko_KR-a5304e026be69aadf46a7f836163d82d.json
[2025-03-12 21:21:59] [SUCCESS] Successfully converted: C:\Users\Chris\cFish.io\wp-content\mu-plugins\wpcomsh\jetpack_vendor\automattic\jetpack-mu-wpcom\languages\jetpack-mu-wpcom-ko_KR-a5304e026be69aadf46a7f836163d82d.json
[2025-03-12 21:21:59] [INFO] Converting JSON to MD: C:\Users\Chris\cFish.io\wp-content\mu-plugins\wpcomsh\jetpack_vendor\automattic\jetpack-mu-wpcom\languages\jetpack-mu-wpcom-nb-577b5ad69087302358e2592382bd7c78.json
[2025-03-12 21:21:59] [SUCCESS] Successfully converted: C:\Users\Chris\cFish.io\wp-content\mu-plugins\wpcomsh\jetpack_vendor\automattic\jetpack-mu-wpcom\languages\jetpack-mu-wpcom-nb-577b5ad69087302358e2592382bd7c78.json
[2025-03-12 21:21:59] [INFO] Converting JSON to MD: C:\Users\Chris\cFish.io\wp-content\mu-plugins\wpcomsh\jetpack_vendor\automattic\jetpack-mu-wpcom\languages\jetpack-mu-wpcom-nb-7ec6ff68ce4ad71b4c2b1cc54994a0a7.json
[2025-03-12 21:21:59] [SUCCESS] Successfully converted: C:\Users\Chris\cFish.io\wp-content\mu-plugins\wpcomsh\jetpack_vendor\automattic\jetpack-mu-wpcom\languages\jetpack-mu-wpcom-nb-7ec6ff68ce4ad71b4c2b1cc54994a0a7.json
[2025-03-12 21:21:59] [INFO] Converting JSON to MD: C:\Users\Chris\cFish.io\wp-content\mu-plugins\wpcomsh\jetpack_vendor\automattic\jetpack-mu-wpcom\languages\jetpack-mu-wpcom-nb_NO-577b5ad69087302358e2592382bd7c78.json
[2025-03-12 21:21:59] [SUCCESS] Successfully converted: C:\Users\Chris\cFish.io\wp-content\mu-plugins\wpcomsh\jetpack_vendor\automattic\jetpack-mu-wpcom\languages\jetpack-mu-wpcom-nb_NO-577b5ad69087302358e2592382bd7c78.json
[2025-03-12 21:21:59] [INFO] Converting JSON to MD: C:\Users\Chris\cFish.io\wp-content\mu-plugins\wpcomsh\jetpack_vendor\automattic\jetpack-mu-wpcom\languages\jetpack-mu-wpcom-nb_NO-7ec6ff68ce4ad71b4c2b1cc54994a0a7.json
[2025-03-12 21:21:59] [SUCCESS] Successfully converted: C:\Users\Chris\cFish.io\wp-content\mu-plugins\wpcomsh\jetpack_vendor\automattic\jetpack-mu-wpcom\languages\jetpack-mu-wpcom-nb_NO-7ec6ff68ce4ad71b4c2b1cc54994a0a7.json
[2025-03-12 21:22:00] [INFO] Converting JSON to MD: C:\Users\Chris\cFish.io\wp-content\mu-plugins\wpcomsh\jetpack_vendor\automattic\jetpack-mu-wpcom\languages\jetpack-mu-wpcom-nl-14e8287aa601c8c430c4d159f4ed7a88.json
[2025-03-12 21:22:00] [SUCCESS] Successfully converted: C:\Users\Chris\cFish.io\wp-content\mu-plugins\wpcomsh\jetpack_vendor\automattic\jetpack-mu-wpcom\languages\jetpack-mu-wpcom-nl-14e8287aa601c8c430c4d159f4ed7a88.json
[2025-03-12 21:22:00] [INFO] Converting JSON to MD: C:\Users\Chris\cFish.io\wp-content\mu-plugins\wpcomsh\jetpack_vendor\automattic\jetpack-mu-wpcom\languages\jetpack-mu-wpcom-nl-577b5ad69087302358e2592382bd7c78.json
[2025-03-12 21:22:00] [SUCCESS] Successfully converted: C:\Users\Chris\cFish.io\wp-content\mu-plugins\wpcomsh\jetpack_vendor\automattic\jetpack-mu-wpcom\languages\jetpack-mu-wpcom-nl-577b5ad69087302358e2592382bd7c78.json
[2025-03-12 21:22:00] [INFO] Converting JSON to MD: C:\Users\Chris\cFish.io\wp-content\mu-plugins\wpcomsh\jetpack_vendor\automattic\jetpack-mu-wpcom\languages\jetpack-mu-wpcom-nl-7ec6ff68ce4ad71b4c2b1cc54994a0a7.json
[2025-03-12 21:22:00] [SUCCESS] Successfully converted: C:\Users\Chris\cFish.io\wp-content\mu-plugins\wpcomsh\jetpack_vendor\automattic\jetpack-mu-wpcom\languages\jetpack-mu-wpcom-nl-7ec6ff68ce4ad71b4c2b1cc54994a0a7.json
[2025-03-12 21:22:00] [INFO] Converting JSON to MD: C:\Users\Chris\cFish.io\wp-content\mu-plugins\wpcomsh\jetpack_vendor\automattic\jetpack-mu-wpcom\languages\jetpack-mu-wpcom-nl-a5304e026be69aadf46a7f836163d82d.json
[2025-03-12 21:22:00] [SUCCESS] Successfully converted: C:\Users\Chris\cFish.io\wp-content\mu-plugins\wpcomsh\jetpack_vendor\automattic\jetpack-mu-wpcom\languages\jetpack-mu-wpcom-nl-a5304e026be69aadf46a7f836163d82d.json
[2025-03-12 21:22:00] [INFO] Converting JSON to MD: C:\Users\Chris\cFish.io\wp-content\mu-plugins\wpcomsh\jetpack_vendor\automattic\jetpack-mu-wpcom\languages\jetpack-mu-wpcom-nl_NL-14e8287aa601c8c430c4d159f4ed7a88.json
[2025-03-12 21:22:00] [SUCCESS] Successfully converted: C:\Users\Chris\cFish.io\wp-content\mu-plugins\wpcomsh\jetpack_vendor\automattic\jetpack-mu-wpcom\languages\jetpack-mu-wpcom-nl_NL-14e8287aa601c8c430c4d159f4ed7a88.json
[2025-03-12 21:22:01] [INFO] Converting JSON to MD: C:\Users\Chris\cFish.io\wp-content\mu-plugins\wpcomsh\jetpack_vendor\automattic\jetpack-mu-wpcom\languages\jetpack-mu-wpcom-nl_NL-577b5ad69087302358e2592382bd7c78.json
[2025-03-12 21:22:01] [SUCCESS] Successfully converted: C:\Users\Chris\cFish.io\wp-content\mu-plugins\wpcomsh\jetpack_vendor\automattic\jetpack-mu-wpcom\languages\jetpack-mu-wpcom-nl_NL-577b5ad69087302358e2592382bd7c78.json
[2025-03-12 21:22:01] [INFO] Converting JSON to MD: C:\Users\Chris\cFish.io\wp-content\mu-plugins\wpcomsh\jetpack_vendor\automattic\jetpack-mu-wpcom\languages\jetpack-mu-wpcom-nl_NL-7ec6ff68ce4ad71b4c2b1cc54994a0a7.json
[2025-03-12 21:22:01] [SUCCESS] Successfully converted: C:\Users\Chris\cFish.io\wp-content\mu-plugins\wpcomsh\jetpack_vendor\automattic\jetpack-mu-wpcom\languages\jetpack-mu-wpcom-nl_NL-7ec6ff68ce4ad71b4c2b1cc54994a0a7.json
[2025-03-12 21:22:01] [INFO] Converting JSON to MD: C:\Users\Chris\cFish.io\wp-content\mu-plugins\wpcomsh\jetpack_vendor\automattic\jetpack-mu-wpcom\languages\jetpack-mu-wpcom-nl_NL-a5304e026be69aadf46a7f836163d82d.json
[2025-03-12 21:22:01] [SUCCESS] Successfully converted: C:\Users\Chris\cFish.io\wp-content\mu-plugins\wpcomsh\jetpack_vendor\automattic\jetpack-mu-wpcom\languages\jetpack-mu-wpcom-nl_NL-a5304e026be69aadf46a7f836163d82d.json
[2025-03-12 21:22:01] [INFO] Converting JSON to MD: C:\Users\Chris\cFish.io\wp-content\mu-plugins\wpcomsh\jetpack_vendor\automattic\jetpack-mu-wpcom\languages\jetpack-mu-wpcom-nl_NL_formal-577b5ad69087302358e2592382bd7c78.json
[2025-03-12 21:22:01] [SUCCESS] Successfully converted: C:\Users\Chris\cFish.io\wp-content\mu-plugins\wpcomsh\jetpack_vendor\automattic\jetpack-mu-wpcom\languages\jetpack-mu-wpcom-nl_NL_formal-577b5ad69087302358e2592382bd7c78.json
[2025-03-12 21:22:01] [INFO] Converting JSON to MD: C:\Users\Chris\cFish.io\wp-content\mu-plugins\wpcomsh\jetpack_vendor\automattic\jetpack-mu-wpcom\languages\jetpack-mu-wpcom-nl_NL_formal-7ec6ff68ce4ad71b4c2b1cc54994a0a7.json
[2025-03-12 21:22:01] [SUCCESS] Successfully converted: C:\Users\Chris\cFish.io\wp-content\mu-plugins\wpcomsh\jetpack_vendor\automattic\jetpack-mu-wpcom\languages\jetpack-mu-wpcom-nl_NL_formal-7ec6ff68ce4ad71b4c2b1cc54994a0a7.json
[2025-03-12 21:22:02] [INFO] Converting JSON to MD: C:\Users\Chris\cFish.io\wp-content\mu-plugins\wpcomsh\jetpack_vendor\automattic\jetpack-mu-wpcom\languages\jetpack-mu-wpcom-nl_NL_formal-a5304e026be69aadf46a7f836163d82d.json
[2025-03-12 21:22:02] [SUCCESS] Successfully converted: C:\Users\Chris\cFish.io\wp-content\mu-plugins\wpcomsh\jetpack_vendor\automattic\jetpack-mu-wpcom\languages\jetpack-mu-wpcom-nl_NL_formal-a5304e026be69aadf46a7f836163d82d.json
[2025-03-12 21:22:02] [INFO] Converting JSON to MD: C:\Users\Chris\cFish.io\wp-content\mu-plugins\wpcomsh\jetpack_vendor\automattic\jetpack-mu-wpcom\languages\jetpack-mu-wpcom-pt-br-14e8287aa601c8c430c4d159f4ed7a88.json
[2025-03-12 21:22:02] [SUCCESS] Successfully converted: C:\Users\Chris\cFish.io\wp-content\mu-plugins\wpcomsh\jetpack_vendor\automattic\jetpack-mu-wpcom\languages\jetpack-mu-wpcom-pt-br-14e8287aa601c8c430c4d159f4ed7a88.json
[2025-03-12 21:22:02] [INFO] Converting JSON to MD: C:\Users\Chris\cFish.io\wp-content\mu-plugins\wpcomsh\jetpack_vendor\automattic\jetpack-mu-wpcom\languages\jetpack-mu-wpcom-pt-br-577b5ad69087302358e2592382bd7c78.json
[2025-03-12 21:22:02] [SUCCESS] Successfully converted: C:\Users\Chris\cFish.io\wp-content\mu-plugins\wpcomsh\jetpack_vendor\automattic\jetpack-mu-wpcom\languages\jetpack-mu-wpcom-pt-br-577b5ad69087302358e2592382bd7c78.json
[2025-03-12 21:22:02] [INFO] Converting JSON to MD: C:\Users\Chris\cFish.io\wp-content\mu-plugins\wpcomsh\jetpack_vendor\automattic\jetpack-mu-wpcom\languages\jetpack-mu-wpcom-pt-br-7ec6ff68ce4ad71b4c2b1cc54994a0a7.json
[2025-03-12 21:22:02] [SUCCESS] Successfully converted: C:\Users\Chris\cFish.io\wp-content\mu-plugins\wpcomsh\jetpack_vendor\automattic\jetpack-mu-wpcom\languages\jetpack-mu-wpcom-pt-br-7ec6ff68ce4ad71b4c2b1cc54994a0a7.json
[2025-03-12 21:22:02] [INFO] Converting JSON to MD: C:\Users\Chris\cFish.io\wp-content\mu-plugins\wpcomsh\jetpack_vendor\automattic\jetpack-mu-wpcom\languages\jetpack-mu-wpcom-pt-br-a5304e026be69aadf46a7f836163d82d.json
[2025-03-12 21:22:02] [SUCCESS] Successfully converted: C:\Users\Chris\cFish.io\wp-content\mu-plugins\wpcomsh\jetpack_vendor\automattic\jetpack-mu-wpcom\languages\jetpack-mu-wpcom-pt-br-a5304e026be69aadf46a7f836163d82d.json
[2025-03-12 21:22:03] [INFO] Converting JSON to MD: C:\Users\Chris\cFish.io\wp-content\mu-plugins\wpcomsh\jetpack_vendor\automattic\jetpack-mu-wpcom\languages\jetpack-mu-wpcom-pt_BR-14e8287aa601c8c430c4d159f4ed7a88.json
[2025-03-12 21:22:03] [SUCCESS] Successfully converted: C:\Users\Chris\cFish.io\wp-content\mu-plugins\wpcomsh\jetpack_vendor\automattic\jetpack-mu-wpcom\languages\jetpack-mu-wpcom-pt_BR-14e8287aa601c8c430c4d159f4ed7a88.json
[2025-03-12 21:22:03] [INFO] Converting JSON to MD: C:\Users\Chris\cFish.io\wp-content\mu-plugins\wpcomsh\jetpack_vendor\automattic\jetpack-mu-wpcom\languages\jetpack-mu-wpcom-pt_BR-577b5ad69087302358e2592382bd7c78.json
[2025-03-12 21:22:03] [SUCCESS] Successfully converted: C:\Users\Chris\cFish.io\wp-content\mu-plugins\wpcomsh\jetpack_vendor\automattic\jetpack-mu-wpcom\languages\jetpack-mu-wpcom-pt_BR-577b5ad69087302358e2592382bd7c78.json
[2025-03-12 21:22:03] [INFO] Converting JSON to MD: C:\Users\Chris\cFish.io\wp-content\mu-plugins\wpcomsh\jetpack_vendor\automattic\jetpack-mu-wpcom\languages\jetpack-mu-wpcom-pt_BR-7ec6ff68ce4ad71b4c2b1cc54994a0a7.json
[2025-03-12 21:22:03] [SUCCESS] Successfully converted: C:\Users\Chris\cFish.io\wp-content\mu-plugins\wpcomsh\jetpack_vendor\automattic\jetpack-mu-wpcom\languages\jetpack-mu-wpcom-pt_BR-7ec6ff68ce4ad71b4c2b1cc54994a0a7.json
[2025-03-12 21:22:03] [INFO] Converting JSON to MD: C:\Users\Chris\cFish.io\wp-content\mu-plugins\wpcomsh\jetpack_vendor\automattic\jetpack-mu-wpcom\languages\jetpack-mu-wpcom-pt_BR-a5304e026be69aadf46a7f836163d82d.json
[2025-03-12 21:22:03] [SUCCESS] Successfully converted: C:\Users\Chris\cFish.io\wp-content\mu-plugins\wpcomsh\jetpack_vendor\automattic\jetpack-mu-wpcom\languages\jetpack-mu-wpcom-pt_BR-a5304e026be69aadf46a7f836163d82d.json
[2025-03-12 21:22:03] [INFO] Converting JSON to MD: C:\Users\Chris\cFish.io\wp-content\mu-plugins\wpcomsh\jetpack_vendor\automattic\jetpack-mu-wpcom\languages\jetpack-mu-wpcom-ru-14e8287aa601c8c430c4d159f4ed7a88.json
[2025-03-12 21:22:03] [SUCCESS] Successfully converted: C:\Users\Chris\cFish.io\wp-content\mu-plugins\wpcomsh\jetpack_vendor\automattic\jetpack-mu-wpcom\languages\jetpack-mu-wpcom-ru-14e8287aa601c8c430c4d159f4ed7a88.json
[2025-03-12 21:22:04] [INFO] Converting JSON to MD: C:\Users\Chris\cFish.io\wp-content\mu-plugins\wpcomsh\jetpack_vendor\automattic\jetpack-mu-wpcom\languages\jetpack-mu-wpcom-ru-577b5ad69087302358e2592382bd7c78.json
[2025-03-12 21:22:04] [SUCCESS] Successfully converted: C:\Users\Chris\cFish.io\wp-content\mu-plugins\wpcomsh\jetpack_vendor\automattic\jetpack-mu-wpcom\languages\jetpack-mu-wpcom-ru-577b5ad69087302358e2592382bd7c78.json
[2025-03-12 21:22:04] [INFO] Converting JSON to MD: C:\Users\Chris\cFish.io\wp-content\mu-plugins\wpcomsh\jetpack_vendor\automattic\jetpack-mu-wpcom\languages\jetpack-mu-wpcom-ru-7ec6ff68ce4ad71b4c2b1cc54994a0a7.json
[2025-03-12 21:22:04] [SUCCESS] Successfully converted: C:\Users\Chris\cFish.io\wp-content\mu-plugins\wpcomsh\jetpack_vendor\automattic\jetpack-mu-wpcom\languages\jetpack-mu-wpcom-ru-7ec6ff68ce4ad71b4c2b1cc54994a0a7.json
[2025-03-12 21:22:04] [INFO] Converting JSON to MD: C:\Users\Chris\cFish.io\wp-content\mu-plugins\wpcomsh\jetpack_vendor\automattic\jetpack-mu-wpcom\languages\jetpack-mu-wpcom-ru-a5304e026be69aadf46a7f836163d82d.json
[2025-03-12 21:22:04] [SUCCESS] Successfully converted: C:\Users\Chris\cFish.io\wp-content\mu-plugins\wpcomsh\jetpack_vendor\automattic\jetpack-mu-wpcom\languages\jetpack-mu-wpcom-ru-a5304e026be69aadf46a7f836163d82d.json
[2025-03-12 21:22:04] [INFO] Converting JSON to MD: C:\Users\Chris\cFish.io\wp-content\mu-plugins\wpcomsh\jetpack_vendor\automattic\jetpack-mu-wpcom\languages\jetpack-mu-wpcom-ru_RU-14e8287aa601c8c430c4d159f4ed7a88.json
[2025-03-12 21:22:04] [SUCCESS] Successfully converted: C:\Users\Chris\cFish.io\wp-content\mu-plugins\wpcomsh\jetpack_vendor\automattic\jetpack-mu-wpcom\languages\jetpack-mu-wpcom-ru_RU-14e8287aa601c8c430c4d159f4ed7a88.json
[2025-03-12 21:22:04] [INFO] Converting JSON to MD: C:\Users\Chris\cFish.io\wp-content\mu-plugins\wpcomsh\jetpack_vendor\automattic\jetpack-mu-wpcom\languages\jetpack-mu-wpcom-ru_RU-577b5ad69087302358e2592382bd7c78.json
[2025-03-12 21:22:04] [SUCCESS] Successfully converted: C:\Users\Chris\cFish.io\wp-content\mu-plugins\wpcomsh\jetpack_vendor\automattic\jetpack-mu-wpcom\languages\jetpack-mu-wpcom-ru_RU-577b5ad69087302358e2592382bd7c78.json
[2025-03-12 21:22:05] [INFO] Converting JSON to MD: C:\Users\Chris\cFish.io\wp-content\mu-plugins\wpcomsh\jetpack_vendor\automattic\jetpack-mu-wpcom\languages\jetpack-mu-wpcom-ru_RU-7ec6ff68ce4ad71b4c2b1cc54994a0a7.json
[2025-03-12 21:22:05] [SUCCESS] Successfully converted: C:\Users\Chris\cFish.io\wp-content\mu-plugins\wpcomsh\jetpack_vendor\automattic\jetpack-mu-wpcom\languages\jetpack-mu-wpcom-ru_RU-7ec6ff68ce4ad71b4c2b1cc54994a0a7.json
[2025-03-12 21:22:05] [INFO] Converting JSON to MD: C:\Users\Chris\cFish.io\wp-content\mu-plugins\wpcomsh\jetpack_vendor\automattic\jetpack-mu-wpcom\languages\jetpack-mu-wpcom-ru_RU-a5304e026be69aadf46a7f836163d82d.json
[2025-03-12 21:22:05] [SUCCESS] Successfully converted: C:\Users\Chris\cFish.io\wp-content\mu-plugins\wpcomsh\jetpack_vendor\automattic\jetpack-mu-wpcom\languages\jetpack-mu-wpcom-ru_RU-a5304e026be69aadf46a7f836163d82d.json
[2025-03-12 21:22:05] [INFO] Converting JSON to MD: C:\Users\Chris\cFish.io\wp-content\mu-plugins\wpcomsh\jetpack_vendor\automattic\jetpack-mu-wpcom\languages\jetpack-mu-wpcom-sv-14e8287aa601c8c430c4d159f4ed7a88.json
[2025-03-12 21:22:05] [SUCCESS] Successfully converted: C:\Users\Chris\cFish.io\wp-content\mu-plugins\wpcomsh\jetpack_vendor\automattic\jetpack-mu-wpcom\languages\jetpack-mu-wpcom-sv-14e8287aa601c8c430c4d159f4ed7a88.json
[2025-03-12 21:22:05] [INFO] Converting JSON to MD: C:\Users\Chris\cFish.io\wp-content\mu-plugins\wpcomsh\jetpack_vendor\automattic\jetpack-mu-wpcom\languages\jetpack-mu-wpcom-sv-577b5ad69087302358e2592382bd7c78.json
[2025-03-12 21:22:05] [SUCCESS] Successfully converted: C:\Users\Chris\cFish.io\wp-content\mu-plugins\wpcomsh\jetpack_vendor\automattic\jetpack-mu-wpcom\languages\jetpack-mu-wpcom-sv-577b5ad69087302358e2592382bd7c78.json
[2025-03-12 21:22:05] [INFO] Converting JSON to MD: C:\Users\Chris\cFish.io\wp-content\mu-plugins\wpcomsh\jetpack_vendor\automattic\jetpack-mu-wpcom\languages\jetpack-mu-wpcom-sv-7ec6ff68ce4ad71b4c2b1cc54994a0a7.json
[2025-03-12 21:22:06] [SUCCESS] Successfully converted: C:\Users\Chris\cFish.io\wp-content\mu-plugins\wpcomsh\jetpack_vendor\automattic\jetpack-mu-wpcom\languages\jetpack-mu-wpcom-sv-7ec6ff68ce4ad71b4c2b1cc54994a0a7.json
[2025-03-12 21:22:06] [INFO] Converting JSON to MD: C:\Users\Chris\cFish.io\wp-content\mu-plugins\wpcomsh\jetpack_vendor\automattic\jetpack-mu-wpcom\languages\jetpack-mu-wpcom-sv-a5304e026be69aadf46a7f836163d82d.json
[2025-03-12 21:22:06] [SUCCESS] Successfully converted: C:\Users\Chris\cFish.io\wp-content\mu-plugins\wpcomsh\jetpack_vendor\automattic\jetpack-mu-wpcom\languages\jetpack-mu-wpcom-sv-a5304e026be69aadf46a7f836163d82d.json
[2025-03-12 21:22:06] [INFO] Converting JSON to MD: C:\Users\Chris\cFish.io\wp-content\mu-plugins\wpcomsh\jetpack_vendor\automattic\jetpack-mu-wpcom\languages\jetpack-mu-wpcom-sv_SE-14e8287aa601c8c430c4d159f4ed7a88.json
[2025-03-12 21:22:06] [SUCCESS] Successfully converted: C:\Users\Chris\cFish.io\wp-content\mu-plugins\wpcomsh\jetpack_vendor\automattic\jetpack-mu-wpcom\languages\jetpack-mu-wpcom-sv_SE-14e8287aa601c8c430c4d159f4ed7a88.json
[2025-03-12 21:22:06] [INFO] Converting JSON to MD: C:\Users\Chris\cFish.io\wp-content\mu-plugins\wpcomsh\jetpack_vendor\automattic\jetpack-mu-wpcom\languages\jetpack-mu-wpcom-sv_SE-577b5ad69087302358e2592382bd7c78.json
[2025-03-12 21:22:06] [SUCCESS] Successfully converted: C:\Users\Chris\cFish.io\wp-content\mu-plugins\wpcomsh\jetpack_vendor\automattic\jetpack-mu-wpcom\languages\jetpack-mu-wpcom-sv_SE-577b5ad69087302358e2592382bd7c78.json
[2025-03-12 21:22:06] [INFO] Converting JSON to MD: C:\Users\Chris\cFish.io\wp-content\mu-plugins\wpcomsh\jetpack_vendor\automattic\jetpack-mu-wpcom\languages\jetpack-mu-wpcom-sv_SE-7ec6ff68ce4ad71b4c2b1cc54994a0a7.json
[2025-03-12 21:22:06] [SUCCESS] Successfully converted: C:\Users\Chris\cFish.io\wp-content\mu-plugins\wpcomsh\jetpack_vendor\automattic\jetpack-mu-wpcom\languages\jetpack-mu-wpcom-sv_SE-7ec6ff68ce4ad71b4c2b1cc54994a0a7.json
[2025-03-12 21:22:06] [INFO] Converting JSON to MD: C:\Users\Chris\cFish.io\wp-content\mu-plugins\wpcomsh\jetpack_vendor\automattic\jetpack-mu-wpcom\languages\jetpack-mu-wpcom-sv_SE-a5304e026be69aadf46a7f836163d82d.json
[2025-03-12 21:22:07] [SUCCESS] Successfully converted: C:\Users\Chris\cFish.io\wp-content\mu-plugins\wpcomsh\jetpack_vendor\automattic\jetpack-mu-wpcom\languages\jetpack-mu-wpcom-sv_SE-a5304e026be69aadf46a7f836163d82d.json
[2025-03-12 21:22:07] [INFO] Converting JSON to MD: C:\Users\Chris\cFish.io\wp-content\mu-plugins\wpcomsh\jetpack_vendor\automattic\jetpack-mu-wpcom\languages\jetpack-mu-wpcom-tr-14e8287aa601c8c430c4d159f4ed7a88.json
[2025-03-12 21:22:07] [SUCCESS] Successfully converted: C:\Users\Chris\cFish.io\wp-content\mu-plugins\wpcomsh\jetpack_vendor\automattic\jetpack-mu-wpcom\languages\jetpack-mu-wpcom-tr-14e8287aa601c8c430c4d159f4ed7a88.json
[2025-03-12 21:22:07] [INFO] Converting JSON to MD: C:\Users\Chris\cFish.io\wp-content\mu-plugins\wpcomsh\jetpack_vendor\automattic\jetpack-mu-wpcom\languages\jetpack-mu-wpcom-tr-577b5ad69087302358e2592382bd7c78.json
[2025-03-12 21:22:07] [SUCCESS] Successfully converted: C:\Users\Chris\cFish.io\wp-content\mu-plugins\wpcomsh\jetpack_vendor\automattic\jetpack-mu-wpcom\languages\jetpack-mu-wpcom-tr-577b5ad69087302358e2592382bd7c78.json
[2025-03-12 21:22:07] [INFO] Converting JSON to MD: C:\Users\Chris\cFish.io\wp-content\mu-plugins\wpcomsh\jetpack_vendor\automattic\jetpack-mu-wpcom\languages\jetpack-mu-wpcom-tr-7ec6ff68ce4ad71b4c2b1cc54994a0a7.json
[2025-03-12 21:22:07] [SUCCESS] Successfully converted: C:\Users\Chris\cFish.io\wp-content\mu-plugins\wpcomsh\jetpack_vendor\automattic\jetpack-mu-wpcom\languages\jetpack-mu-wpcom-tr-7ec6ff68ce4ad71b4c2b1cc54994a0a7.json
[2025-03-12 21:22:07] [INFO] Converting JSON to MD: C:\Users\Chris\cFish.io\wp-content\mu-plugins\wpcomsh\jetpack_vendor\automattic\jetpack-mu-wpcom\languages\jetpack-mu-wpcom-tr-a5304e026be69aadf46a7f836163d82d.json
[2025-03-12 21:22:07] [SUCCESS] Successfully converted: C:\Users\Chris\cFish.io\wp-content\mu-plugins\wpcomsh\jetpack_vendor\automattic\jetpack-mu-wpcom\languages\jetpack-mu-wpcom-tr-a5304e026be69aadf46a7f836163d82d.json
[2025-03-12 21:22:07] [INFO] Converting JSON to MD: C:\Users\Chris\cFish.io\wp-content\mu-plugins\wpcomsh\jetpack_vendor\automattic\jetpack-mu-wpcom\languages\jetpack-mu-wpcom-tr_TR-14e8287aa601c8c430c4d159f4ed7a88.json
[2025-03-12 21:22:08] [SUCCESS] Successfully converted: C:\Users\Chris\cFish.io\wp-content\mu-plugins\wpcomsh\jetpack_vendor\automattic\jetpack-mu-wpcom\languages\jetpack-mu-wpcom-tr_TR-14e8287aa601c8c430c4d159f4ed7a88.json
[2025-03-12 21:22:08] [INFO] Converting JSON to MD: C:\Users\Chris\cFish.io\wp-content\mu-plugins\wpcomsh\jetpack_vendor\automattic\jetpack-mu-wpcom\languages\jetpack-mu-wpcom-tr_TR-577b5ad69087302358e2592382bd7c78.json
[2025-03-12 21:22:08] [SUCCESS] Successfully converted: C:\Users\Chris\cFish.io\wp-content\mu-plugins\wpcomsh\jetpack_vendor\automattic\jetpack-mu-wpcom\languages\jetpack-mu-wpcom-tr_TR-577b5ad69087302358e2592382bd7c78.json
[2025-03-12 21:22:08] [INFO] Converting JSON to MD: C:\Users\Chris\cFish.io\wp-content\mu-plugins\wpcomsh\jetpack_vendor\automattic\jetpack-mu-wpcom\languages\jetpack-mu-wpcom-tr_TR-7ec6ff68ce4ad71b4c2b1cc54994a0a7.json
[2025-03-12 21:22:08] [SUCCESS] Successfully converted: C:\Users\Chris\cFish.io\wp-content\mu-plugins\wpcomsh\jetpack_vendor\automattic\jetpack-mu-wpcom\languages\jetpack-mu-wpcom-tr_TR-7ec6ff68ce4ad71b4c2b1cc54994a0a7.json
[2025-03-12 21:22:08] [INFO] Converting JSON to MD: C:\Users\Chris\cFish.io\wp-content\mu-plugins\wpcomsh\jetpack_vendor\automattic\jetpack-mu-wpcom\languages\jetpack-mu-wpcom-tr_TR-a5304e026be69aadf46a7f836163d82d.json
[2025-03-12 21:22:08] [SUCCESS] Successfully converted: C:\Users\Chris\cFish.io\wp-content\mu-plugins\wpcomsh\jetpack_vendor\automattic\jetpack-mu-wpcom\languages\jetpack-mu-wpcom-tr_TR-a5304e026be69aadf46a7f836163d82d.json
[2025-03-12 21:22:08] [INFO] Converting JSON to MD: C:\Users\Chris\cFish.io\wp-content\mu-plugins\wpcomsh\jetpack_vendor\automattic\jetpack-mu-wpcom\languages\jetpack-mu-wpcom-zh-cn-14e8287aa601c8c430c4d159f4ed7a88.json
[2025-03-12 21:22:08] [SUCCESS] Successfully converted: C:\Users\Chris\cFish.io\wp-content\mu-plugins\wpcomsh\jetpack_vendor\automattic\jetpack-mu-wpcom\languages\jetpack-mu-wpcom-zh-cn-14e8287aa601c8c430c4d159f4ed7a88.json
[2025-03-12 21:22:08] [INFO] Converting JSON to MD: C:\Users\Chris\cFish.io\wp-content\mu-plugins\wpcomsh\jetpack_vendor\automattic\jetpack-mu-wpcom\languages\jetpack-mu-wpcom-zh-cn-577b5ad69087302358e2592382bd7c78.json
[2025-03-12 21:22:09] [SUCCESS] Successfully converted: C:\Users\Chris\cFish.io\wp-content\mu-plugins\wpcomsh\jetpack_vendor\automattic\jetpack-mu-wpcom\languages\jetpack-mu-wpcom-zh-cn-577b5ad69087302358e2592382bd7c78.json
[2025-03-12 21:22:09] [INFO] Converting JSON to MD: C:\Users\Chris\cFish.io\wp-content\mu-plugins\wpcomsh\jetpack_vendor\automattic\jetpack-mu-wpcom\languages\jetpack-mu-wpcom-zh-cn-7ec6ff68ce4ad71b4c2b1cc54994a0a7.json
[2025-03-12 21:22:09] [SUCCESS] Successfully converted: C:\Users\Chris\cFish.io\wp-content\mu-plugins\wpcomsh\jetpack_vendor\automattic\jetpack-mu-wpcom\languages\jetpack-mu-wpcom-zh-cn-7ec6ff68ce4ad71b4c2b1cc54994a0a7.json
[2025-03-12 21:22:09] [INFO] Converting JSON to MD: C:\Users\Chris\cFish.io\wp-content\mu-plugins\wpcomsh\jetpack_vendor\automattic\jetpack-mu-wpcom\languages\jetpack-mu-wpcom-zh-cn-a5304e026be69aadf46a7f836163d82d.json
[2025-03-12 21:22:09] [SUCCESS] Successfully converted: C:\Users\Chris\cFish.io\wp-content\mu-plugins\wpcomsh\jetpack_vendor\automattic\jetpack-mu-wpcom\languages\jetpack-mu-wpcom-zh-cn-a5304e026be69aadf46a7f836163d82d.json
[2025-03-12 21:22:09] [INFO] Converting JSON to MD: C:\Users\Chris\cFish.io\wp-content\mu-plugins\wpcomsh\jetpack_vendor\automattic\jetpack-mu-wpcom\languages\jetpack-mu-wpcom-zh-tw-14e8287aa601c8c430c4d159f4ed7a88.json
[2025-03-12 21:22:09] [SUCCESS] Successfully converted: C:\Users\Chris\cFish.io\wp-content\mu-plugins\wpcomsh\jetpack_vendor\automattic\jetpack-mu-wpcom\languages\jetpack-mu-wpcom-zh-tw-14e8287aa601c8c430c4d159f4ed7a88.json
[2025-03-12 21:22:09] [INFO] Converting JSON to MD: C:\Users\Chris\cFish.io\wp-content\mu-plugins\wpcomsh\jetpack_vendor\automattic\jetpack-mu-wpcom\languages\jetpack-mu-wpcom-zh-tw-577b5ad69087302358e2592382bd7c78.json
[2025-03-12 21:22:09] [SUCCESS] Successfully converted: C:\Users\Chris\cFish.io\wp-content\mu-plugins\wpcomsh\jetpack_vendor\automattic\jetpack-mu-wpcom\languages\jetpack-mu-wpcom-zh-tw-577b5ad69087302358e2592382bd7c78.json
[2025-03-12 21:22:10] [INFO] Converting JSON to MD: C:\Users\Chris\cFish.io\wp-content\mu-plugins\wpcomsh\jetpack_vendor\automattic\jetpack-mu-wpcom\languages\jetpack-mu-wpcom-zh-tw-7ec6ff68ce4ad71b4c2b1cc54994a0a7.json
[2025-03-12 21:22:10] [SUCCESS] Successfully converted: C:\Users\Chris\cFish.io\wp-content\mu-plugins\wpcomsh\jetpack_vendor\automattic\jetpack-mu-wpcom\languages\jetpack-mu-wpcom-zh-tw-7ec6ff68ce4ad71b4c2b1cc54994a0a7.json
[2025-03-12 21:22:10] [INFO] Converting JSON to MD: C:\Users\Chris\cFish.io\wp-content\mu-plugins\wpcomsh\jetpack_vendor\automattic\jetpack-mu-wpcom\languages\jetpack-mu-wpcom-zh-tw-a5304e026be69aadf46a7f836163d82d.json
[2025-03-12 21:22:10] [SUCCESS] Successfully converted: C:\Users\Chris\cFish.io\wp-content\mu-plugins\wpcomsh\jetpack_vendor\automattic\jetpack-mu-wpcom\languages\jetpack-mu-wpcom-zh-tw-a5304e026be69aadf46a7f836163d82d.json
[2025-03-12 21:22:10] [INFO] Converting JSON to MD: C:\Users\Chris\cFish.io\wp-content\mu-plugins\wpcomsh\jetpack_vendor\automattic\jetpack-mu-wpcom\languages\jetpack-mu-wpcom-zh_CN-14e8287aa601c8c430c4d159f4ed7a88.json
[2025-03-12 21:22:10] [SUCCESS] Successfully converted: C:\Users\Chris\cFish.io\wp-content\mu-plugins\wpcomsh\jetpack_vendor\automattic\jetpack-mu-wpcom\languages\jetpack-mu-wpcom-zh_CN-14e8287aa601c8c430c4d159f4ed7a88.json
[2025-03-12 21:22:10] [INFO] Converting JSON to MD: C:\Users\Chris\cFish.io\wp-content\mu-plugins\wpcomsh\jetpack_vendor\automattic\jetpack-mu-wpcom\languages\jetpack-mu-wpcom-zh_CN-577b5ad69087302358e2592382bd7c78.json
[2025-03-12 21:22:10] [SUCCESS] Successfully converted: C:\Users\Chris\cFish.io\wp-content\mu-plugins\wpcomsh\jetpack_vendor\automattic\jetpack-mu-wpcom\languages\jetpack-mu-wpcom-zh_CN-577b5ad69087302358e2592382bd7c78.json
[2025-03-12 21:22:10] [INFO] Converting JSON to MD: C:\Users\Chris\cFish.io\wp-content\mu-plugins\wpcomsh\jetpack_vendor\automattic\jetpack-mu-wpcom\languages\jetpack-mu-wpcom-zh_CN-7ec6ff68ce4ad71b4c2b1cc54994a0a7.json
[2025-03-12 21:22:10] [SUCCESS] Successfully converted: C:\Users\Chris\cFish.io\wp-content\mu-plugins\wpcomsh\jetpack_vendor\automattic\jetpack-mu-wpcom\languages\jetpack-mu-wpcom-zh_CN-7ec6ff68ce4ad71b4c2b1cc54994a0a7.json
[2025-03-12 21:22:11] [INFO] Converting JSON to MD: C:\Users\Chris\cFish.io\wp-content\mu-plugins\wpcomsh\jetpack_vendor\automattic\jetpack-mu-wpcom\languages\jetpack-mu-wpcom-zh_CN-a5304e026be69aadf46a7f836163d82d.json
[2025-03-12 21:22:11] [SUCCESS] Successfully converted: C:\Users\Chris\cFish.io\wp-content\mu-plugins\wpcomsh\jetpack_vendor\automattic\jetpack-mu-wpcom\languages\jetpack-mu-wpcom-zh_CN-a5304e026be69aadf46a7f836163d82d.json
[2025-03-12 21:22:11] [INFO] Converting JSON to MD: C:\Users\Chris\cFish.io\wp-content\mu-plugins\wpcomsh\jetpack_vendor\automattic\jetpack-mu-wpcom\languages\jetpack-mu-wpcom-zh_TW-14e8287aa601c8c430c4d159f4ed7a88.json
[2025-03-12 21:22:11] [SUCCESS] Successfully converted: C:\Users\Chris\cFish.io\wp-content\mu-plugins\wpcomsh\jetpack_vendor\automattic\jetpack-mu-wpcom\languages\jetpack-mu-wpcom-zh_TW-14e8287aa601c8c430c4d159f4ed7a88.json
[2025-03-12 21:22:11] [INFO] Converting JSON to MD: C:\Users\Chris\cFish.io\wp-content\mu-plugins\wpcomsh\jetpack_vendor\automattic\jetpack-mu-wpcom\languages\jetpack-mu-wpcom-zh_TW-577b5ad69087302358e2592382bd7c78.json
[2025-03-12 21:22:11] [SUCCESS] Successfully converted: C:\Users\Chris\cFish.io\wp-content\mu-plugins\wpcomsh\jetpack_vendor\automattic\jetpack-mu-wpcom\languages\jetpack-mu-wpcom-zh_TW-577b5ad69087302358e2592382bd7c78.json
[2025-03-12 21:22:11] [INFO] Converting JSON to MD: C:\Users\Chris\cFish.io\wp-content\mu-plugins\wpcomsh\jetpack_vendor\automattic\jetpack-mu-wpcom\languages\jetpack-mu-wpcom-zh_TW-7ec6ff68ce4ad71b4c2b1cc54994a0a7.json
[2025-03-12 21:22:11] [SUCCESS] Successfully converted: C:\Users\Chris\cFish.io\wp-content\mu-plugins\wpcomsh\jetpack_vendor\automattic\jetpack-mu-wpcom\languages\jetpack-mu-wpcom-zh_TW-7ec6ff68ce4ad71b4c2b1cc54994a0a7.json
[2025-03-12 21:22:11] [INFO] Converting JSON to MD: C:\Users\Chris\cFish.io\wp-content\mu-plugins\wpcomsh\jetpack_vendor\automattic\jetpack-mu-wpcom\languages\jetpack-mu-wpcom-zh_TW-a5304e026be69aadf46a7f836163d82d.json
[2025-03-12 21:22:11] [SUCCESS] Successfully converted: C:\Users\Chris\cFish.io\wp-content\mu-plugins\wpcomsh\jetpack_vendor\automattic\jetpack-mu-wpcom\languages\jetpack-mu-wpcom-zh_TW-a5304e026be69aadf46a7f836163d82d.json
[2025-03-12 21:22:12] [INFO] Converting JSON to MD: C:\Users\Chris\cFish.io\wp-content\mu-plugins\wpcomsh\jetpack_vendor\automattic\jetpack-mu-wpcom\src\features\newspack-blocks\synced-newspack-blocks\blocks\carousel\block.json
[2025-03-12 21:22:12] [SUCCESS] Successfully converted: C:\Users\Chris\cFish.io\wp-content\mu-plugins\wpcomsh\jetpack_vendor\automattic\jetpack-mu-wpcom\src\features\newspack-blocks\synced-newspack-blocks\blocks\carousel\block.json
[2025-03-12 21:22:12] [INFO] Converting JSON to MD: C:\Users\Chris\cFish.io\wp-content\mu-plugins\wpcomsh\jetpack_vendor\automattic\jetpack-mu-wpcom\src\features\newspack-blocks\synced-newspack-blocks\blocks\homepage-articles\block.json
[2025-03-12 21:22:12] [SUCCESS] Successfully converted: C:\Users\Chris\cFish.io\wp-content\mu-plugins\wpcomsh\jetpack_vendor\automattic\jetpack-mu-wpcom\src\features\newspack-blocks\synced-newspack-blocks\blocks\homepage-articles\block.json
[2025-03-12 21:22:12] [INFO] Converting JSON to MD: C:\Users\Chris\cFish.io\wp-content\mu-plugins\wpcomsh\jetpack_vendor\automattic\jetpack-mu-wpcom\src\features\wpcom-blocks\event-countdown\block.json
[2025-03-12 21:22:12] [SUCCESS] Successfully converted: C:\Users\Chris\cFish.io\wp-content\mu-plugins\wpcomsh\jetpack_vendor\automattic\jetpack-mu-wpcom\src\features\wpcom-blocks\event-countdown\block.json
[2025-03-12 21:22:12] [INFO] Converting JSON to MD: C:\Users\Chris\cFish.io\wp-content\mu-plugins\wpcomsh\jetpack_vendor\automattic\jetpack-mu-wpcom\src\features\wpcom-blocks\timeline\block.json
[2025-03-12 21:22:12] [SUCCESS] Successfully converted: C:\Users\Chris\cFish.io\wp-content\mu-plugins\wpcomsh\jetpack_vendor\automattic\jetpack-mu-wpcom\src\features\wpcom-blocks\timeline\block.json
[2025-03-12 21:22:12] [INFO] Converting JSON to MD: C:\Users\Chris\cFish.io\wp-content\mu-plugins\wpcomsh\vendor\automattic\custom-fonts\dummy.json
[2025-03-12 21:22:12] [SUCCESS] Successfully converted: C:\Users\Chris\cFish.io\wp-content\mu-plugins\wpcomsh\vendor\automattic\custom-fonts\dummy.json
[2025-03-12 21:22:13] [INFO] Converting JSON to MD: C:\Users\Chris\cFish.io\wp-content\mu-plugins\wpcomsh\vendor\automattic\custom-fonts\package-lock.json
[2025-03-12 21:22:13] [INFO] Skipping excluded file: C:\Users\Chris\cFish.io\wp-content\mu-plugins\wpcomsh\vendor\automattic\custom-fonts\package-lock.json
[2025-03-12 21:22:13] [INFO] Converting JSON to MD: C:\Users\Chris\cFish.io\wp-content\mu-plugins\wpcomsh\vendor\automattic\custom-fonts\providers\google.json
[2025-03-12 21:22:13] [SUCCESS] Successfully converted: C:\Users\Chris\cFish.io\wp-content\mu-plugins\wpcomsh\vendor\automattic\custom-fonts\providers\google.json
[2025-03-12 21:22:13] [INFO] Converting JSON to MD: C:\Users\Chris\cFish.io\wp-content\mu-plugins\wpcomsh\vendor\automattic\custom-fonts\providers\typekit.json
[2025-03-12 21:22:13] [SUCCESS] Successfully converted: C:\Users\Chris\cFish.io\wp-content\mu-plugins\wpcomsh\vendor\automattic\custom-fonts\providers\typekit.json
[2025-03-12 21:22:13] [INFO] Converting JSON to MD: C:\Users\Chris\cFish.io\wp-content\mu-plugins\wpcomsh\vendor\automattic\custom-fonts-typekit\google.json
[2025-03-12 21:22:13] [SUCCESS] Successfully converted: C:\Users\Chris\cFish.io\wp-content\mu-plugins\wpcomsh\vendor\automattic\custom-fonts-typekit\google.json
[2025-03-12 21:22:13] [INFO] Converting JSON to MD: C:\Users\Chris\cFish.io\wp-content\mu-plugins\wpcomsh\vendor\automattic\wc-calypso-bridge\package-lock.json
[2025-03-12 21:22:13] [INFO] Skipping excluded file: C:\Users\Chris\cFish.io\wp-content\mu-plugins\wpcomsh\vendor\automattic\wc-calypso-bridge\package-lock.json
[2025-03-12 21:22:14] [INFO] Converting JSON to MD: C:\Users\Chris\cFish.io\wp-content\mu-plugins\wpcomsh\vendor\automattic\wc-calypso-bridge\languages\wc-calypso-bridge-ar-09bb012e7dde92df64cb62b6649b1279.json
[2025-03-12 21:22:14] [SUCCESS] Successfully converted: C:\Users\Chris\cFish.io\wp-content\mu-plugins\wpcomsh\vendor\automattic\wc-calypso-bridge\languages\wc-calypso-bridge-ar-09bb012e7dde92df64cb62b6649b1279.json
[2025-03-12 21:22:14] [INFO] Converting JSON to MD: C:\Users\Chris\cFish.io\wp-content\mu-plugins\wpcomsh\vendor\automattic\wc-calypso-bridge\languages\wc-calypso-bridge-ar-9a24f2fa7a9667f948a7250d074c3a30.json
[2025-03-12 21:22:14] [SUCCESS] Successfully converted: C:\Users\Chris\cFish.io\wp-content\mu-plugins\wpcomsh\vendor\automattic\wc-calypso-bridge\languages\wc-calypso-bridge-ar-9a24f2fa7a9667f948a7250d074c3a30.json
[2025-03-12 21:22:14] [INFO] Converting JSON to MD: C:\Users\Chris\cFish.io\wp-content\mu-plugins\wpcomsh\vendor\automattic\wc-calypso-bridge\languages\wc-calypso-bridge-ar-b465a58df1aa4e563112b65e45dffa1c.json
[2025-03-12 21:22:14] [SUCCESS] Successfully converted: C:\Users\Chris\cFish.io\wp-content\mu-plugins\wpcomsh\vendor\automattic\wc-calypso-bridge\languages\wc-calypso-bridge-ar-b465a58df1aa4e563112b65e45dffa1c.json
[2025-03-12 21:22:14] [INFO] Converting JSON to MD: C:\Users\Chris\cFish.io\wp-content\mu-plugins\wpcomsh\vendor\automattic\wc-calypso-bridge\languages\wc-calypso-bridge-ar-beb9e19fb5e7cb316b39d09ff6ca8bdf.json
[2025-03-12 21:22:14] [SUCCESS] Successfully converted: C:\Users\Chris\cFish.io\wp-content\mu-plugins\wpcomsh\vendor\automattic\wc-calypso-bridge\languages\wc-calypso-bridge-ar-beb9e19fb5e7cb316b39d09ff6ca8bdf.json
[2025-03-12 21:22:14] [INFO] Converting JSON to MD: C:\Users\Chris\cFish.io\wp-content\mu-plugins\wpcomsh\vendor\automattic\wc-calypso-bridge\languages\wc-calypso-bridge-ar-ce1126179ccf98c51c6a61cf74680416.json
[2025-03-12 21:22:15] [SUCCESS] Successfully converted: C:\Users\Chris\cFish.io\wp-content\mu-plugins\wpcomsh\vendor\automattic\wc-calypso-bridge\languages\wc-calypso-bridge-ar-ce1126179ccf98c51c6a61cf74680416.json
[2025-03-12 21:22:15] [INFO] Converting JSON to MD: C:\Users\Chris\cFish.io\wp-content\mu-plugins\wpcomsh\vendor\automattic\wc-calypso-bridge\languages\wc-calypso-bridge-ar-d306b16f43f72fde801a43dea46bfd64.json
[2025-03-12 21:22:15] [SUCCESS] Successfully converted: C:\Users\Chris\cFish.io\wp-content\mu-plugins\wpcomsh\vendor\automattic\wc-calypso-bridge\languages\wc-calypso-bridge-ar-d306b16f43f72fde801a43dea46bfd64.json
[2025-03-12 21:22:15] [INFO] Converting JSON to MD: C:\Users\Chris\cFish.io\wp-content\mu-plugins\wpcomsh\vendor\automattic\wc-calypso-bridge\languages\wc-calypso-bridge-ar-dfbff627e6c248bcb3b61d7d06da9ca9.json
[2025-03-12 21:22:15] [SUCCESS] Successfully converted: C:\Users\Chris\cFish.io\wp-content\mu-plugins\wpcomsh\vendor\automattic\wc-calypso-bridge\languages\wc-calypso-bridge-ar-dfbff627e6c248bcb3b61d7d06da9ca9.json
[2025-03-12 21:22:15] [INFO] Converting JSON to MD: C:\Users\Chris\cFish.io\wp-content\mu-plugins\wpcomsh\vendor\automattic\wc-calypso-bridge\languages\wc-calypso-bridge-de_DE-09bb012e7dde92df64cb62b6649b1279.json
[2025-03-12 21:22:15] [SUCCESS] Successfully converted: C:\Users\Chris\cFish.io\wp-content\mu-plugins\wpcomsh\vendor\automattic\wc-calypso-bridge\languages\wc-calypso-bridge-de_DE-09bb012e7dde92df64cb62b6649b1279.json
[2025-03-12 21:22:15] [INFO] Converting JSON to MD: C:\Users\Chris\cFish.io\wp-content\mu-plugins\wpcomsh\vendor\automattic\wc-calypso-bridge\languages\wc-calypso-bridge-de_DE-9a24f2fa7a9667f948a7250d074c3a30.json
[2025-03-12 21:22:15] [SUCCESS] Successfully converted: C:\Users\Chris\cFish.io\wp-content\mu-plugins\wpcomsh\vendor\automattic\wc-calypso-bridge\languages\wc-calypso-bridge-de_DE-9a24f2fa7a9667f948a7250d074c3a30.json
[2025-03-12 21:22:16] [INFO] Converting JSON to MD: C:\Users\Chris\cFish.io\wp-content\mu-plugins\wpcomsh\vendor\automattic\wc-calypso-bridge\languages\wc-calypso-bridge-de_DE-b465a58df1aa4e563112b65e45dffa1c.json
[2025-03-12 21:22:16] [SUCCESS] Successfully converted: C:\Users\Chris\cFish.io\wp-content\mu-plugins\wpcomsh\vendor\automattic\wc-calypso-bridge\languages\wc-calypso-bridge-de_DE-b465a58df1aa4e563112b65e45dffa1c.json
[2025-03-12 21:22:16] [INFO] Converting JSON to MD: C:\Users\Chris\cFish.io\wp-content\mu-plugins\wpcomsh\vendor\automattic\wc-calypso-bridge\languages\wc-calypso-bridge-de_DE-beb9e19fb5e7cb316b39d09ff6ca8bdf.json
[2025-03-12 21:22:16] [SUCCESS] Successfully converted: C:\Users\Chris\cFish.io\wp-content\mu-plugins\wpcomsh\vendor\automattic\wc-calypso-bridge\languages\wc-calypso-bridge-de_DE-beb9e19fb5e7cb316b39d09ff6ca8bdf.json
[2025-03-12 21:22:16] [INFO] Converting JSON to MD: C:\Users\Chris\cFish.io\wp-content\mu-plugins\wpcomsh\vendor\automattic\wc-calypso-bridge\languages\wc-calypso-bridge-de_DE-ce1126179ccf98c51c6a61cf74680416.json
[2025-03-12 21:22:16] [SUCCESS] Successfully converted: C:\Users\Chris\cFish.io\wp-content\mu-plugins\wpcomsh\vendor\automattic\wc-calypso-bridge\languages\wc-calypso-bridge-de_DE-ce1126179ccf98c51c6a61cf74680416.json
[2025-03-12 21:22:16] [INFO] Converting JSON to MD: C:\Users\Chris\cFish.io\wp-content\mu-plugins\wpcomsh\vendor\automattic\wc-calypso-bridge\languages\wc-calypso-bridge-de_DE-d306b16f43f72fde801a43dea46bfd64.json
[2025-03-12 21:22:16] [SUCCESS] Successfully converted: C:\Users\Chris\cFish.io\wp-content\mu-plugins\wpcomsh\vendor\automattic\wc-calypso-bridge\languages\wc-calypso-bridge-de_DE-d306b16f43f72fde801a43dea46bfd64.json
[2025-03-12 21:22:16] [INFO] Converting JSON to MD: C:\Users\Chris\cFish.io\wp-content\mu-plugins\wpcomsh\vendor\automattic\wc-calypso-bridge\languages\wc-calypso-bridge-de_DE-dfbff627e6c248bcb3b61d7d06da9ca9.json
[2025-03-12 21:22:17] [SUCCESS] Successfully converted: C:\Users\Chris\cFish.io\wp-content\mu-plugins\wpcomsh\vendor\automattic\wc-calypso-bridge\languages\wc-calypso-bridge-de_DE-dfbff627e6c248bcb3b61d7d06da9ca9.json
[2025-03-12 21:22:17] [INFO] Converting JSON to MD: C:\Users\Chris\cFish.io\wp-content\mu-plugins\wpcomsh\vendor\automattic\wc-calypso-bridge\languages\wc-calypso-bridge-es_CL-09bb012e7dde92df64cb62b6649b1279.json
[2025-03-12 21:22:17] [SUCCESS] Successfully converted: C:\Users\Chris\cFish.io\wp-content\mu-plugins\wpcomsh\vendor\automattic\wc-calypso-bridge\languages\wc-calypso-bridge-es_CL-09bb012e7dde92df64cb62b6649b1279.json
[2025-03-12 21:22:17] [INFO] Converting JSON to MD: C:\Users\Chris\cFish.io\wp-content\mu-plugins\wpcomsh\vendor\automattic\wc-calypso-bridge\languages\wc-calypso-bridge-es_CL-9a24f2fa7a9667f948a7250d074c3a30.json
[2025-03-12 21:22:17] [SUCCESS] Successfully converted: C:\Users\Chris\cFish.io\wp-content\mu-plugins\wpcomsh\vendor\automattic\wc-calypso-bridge\languages\wc-calypso-bridge-es_CL-9a24f2fa7a9667f948a7250d074c3a30.json
[2025-03-12 21:22:17] [INFO] Converting JSON to MD: C:\Users\Chris\cFish.io\wp-content\mu-plugins\wpcomsh\vendor\automattic\wc-calypso-bridge\languages\wc-calypso-bridge-es_CL-b465a58df1aa4e563112b65e45dffa1c.json
[2025-03-12 21:22:17] [SUCCESS] Successfully converted: C:\Users\Chris\cFish.io\wp-content\mu-plugins\wpcomsh\vendor\automattic\wc-calypso-bridge\languages\wc-calypso-bridge-es_CL-b465a58df1aa4e563112b65e45dffa1c.json
[2025-03-12 21:22:17] [INFO] Converting JSON to MD: C:\Users\Chris\cFish.io\wp-content\mu-plugins\wpcomsh\vendor\automattic\wc-calypso-bridge\languages\wc-calypso-bridge-es_CL-beb9e19fb5e7cb316b39d09ff6ca8bdf.json
[2025-03-12 21:22:18] [SUCCESS] Successfully converted: C:\Users\Chris\cFish.io\wp-content\mu-plugins\wpcomsh\vendor\automattic\wc-calypso-bridge\languages\wc-calypso-bridge-es_CL-beb9e19fb5e7cb316b39d09ff6ca8bdf.json
[2025-03-12 21:22:18] [INFO] Converting JSON to MD: C:\Users\Chris\cFish.io\wp-content\mu-plugins\wpcomsh\vendor\automattic\wc-calypso-bridge\languages\wc-calypso-bridge-es_CL-ce1126179ccf98c51c6a61cf74680416.json
[2025-03-12 21:22:18] [SUCCESS] Successfully converted: C:\Users\Chris\cFish.io\wp-content\mu-plugins\wpcomsh\vendor\automattic\wc-calypso-bridge\languages\wc-calypso-bridge-es_CL-ce1126179ccf98c51c6a61cf74680416.json
[2025-03-12 21:22:18] [INFO] Converting JSON to MD: C:\Users\Chris\cFish.io\wp-content\mu-plugins\wpcomsh\vendor\automattic\wc-calypso-bridge\languages\wc-calypso-bridge-es_CL-d306b16f43f72fde801a43dea46bfd64.json
[2025-03-12 21:22:18] [SUCCESS] Successfully converted: C:\Users\Chris\cFish.io\wp-content\mu-plugins\wpcomsh\vendor\automattic\wc-calypso-bridge\languages\wc-calypso-bridge-es_CL-d306b16f43f72fde801a43dea46bfd64.json
[2025-03-12 21:22:18] [INFO] Converting JSON to MD: C:\Users\Chris\cFish.io\wp-content\mu-plugins\wpcomsh\vendor\automattic\wc-calypso-bridge\languages\wc-calypso-bridge-es_CL-dfbff627e6c248bcb3b61d7d06da9ca9.json
[2025-03-12 21:22:18] [SUCCESS] Successfully converted: C:\Users\Chris\cFish.io\wp-content\mu-plugins\wpcomsh\vendor\automattic\wc-calypso-bridge\languages\wc-calypso-bridge-es_CL-dfbff627e6c248bcb3b61d7d06da9ca9.json
[2025-03-12 21:22:18] [INFO] Converting JSON to MD: C:\Users\Chris\cFish.io\wp-content\mu-plugins\wpcomsh\vendor\automattic\wc-calypso-bridge\languages\wc-calypso-bridge-es_ES-09bb012e7dde92df64cb62b6649b1279.json
[2025-03-12 21:22:18] [SUCCESS] Successfully converted: C:\Users\Chris\cFish.io\wp-content\mu-plugins\wpcomsh\vendor\automattic\wc-calypso-bridge\languages\wc-calypso-bridge-es_ES-09bb012e7dde92df64cb62b6649b1279.json
[2025-03-12 21:22:19] [INFO] Converting JSON to MD: C:\Users\Chris\cFish.io\wp-content\mu-plugins\wpcomsh\vendor\automattic\wc-calypso-bridge\languages\wc-calypso-bridge-es_ES-9a24f2fa7a9667f948a7250d074c3a30.json
[2025-03-12 21:22:19] [SUCCESS] Successfully converted: C:\Users\Chris\cFish.io\wp-content\mu-plugins\wpcomsh\vendor\automattic\wc-calypso-bridge\languages\wc-calypso-bridge-es_ES-9a24f2fa7a9667f948a7250d074c3a30.json
[2025-03-12 21:22:19] [INFO] Converting JSON to MD: C:\Users\Chris\cFish.io\wp-content\mu-plugins\wpcomsh\vendor\automattic\wc-calypso-bridge\languages\wc-calypso-bridge-es_ES-b465a58df1aa4e563112b65e45dffa1c.json
[2025-03-12 21:22:19] [SUCCESS] Successfully converted: C:\Users\Chris\cFish.io\wp-content\mu-plugins\wpcomsh\vendor\automattic\wc-calypso-bridge\languages\wc-calypso-bridge-es_ES-b465a58df1aa4e563112b65e45dffa1c.json
[2025-03-12 21:22:19] [INFO] Converting JSON to MD: C:\Users\Chris\cFish.io\wp-content\mu-plugins\wpcomsh\vendor\automattic\wc-calypso-bridge\languages\wc-calypso-bridge-es_ES-beb9e19fb5e7cb316b39d09ff6ca8bdf.json
[2025-03-12 21:22:19] [SUCCESS] Successfully converted: C:\Users\Chris\cFish.io\wp-content\mu-plugins\wpcomsh\vendor\automattic\wc-calypso-bridge\languages\wc-calypso-bridge-es_ES-beb9e19fb5e7cb316b39d09ff6ca8bdf.json
[2025-03-12 21:22:19] [INFO] Converting JSON to MD: C:\Users\Chris\cFish.io\wp-content\mu-plugins\wpcomsh\vendor\automattic\wc-calypso-bridge\languages\wc-calypso-bridge-es_ES-ce1126179ccf98c51c6a61cf74680416.json
[2025-03-12 21:22:19] [SUCCESS] Successfully converted: C:\Users\Chris\cFish.io\wp-content\mu-plugins\wpcomsh\vendor\automattic\wc-calypso-bridge\languages\wc-calypso-bridge-es_ES-ce1126179ccf98c51c6a61cf74680416.json
[2025-03-12 21:22:19] [INFO] Converting JSON to MD: C:\Users\Chris\cFish.io\wp-content\mu-plugins\wpcomsh\vendor\automattic\wc-calypso-bridge\languages\wc-calypso-bridge-es_ES-d306b16f43f72fde801a43dea46bfd64.json
[2025-03-12 21:22:20] [SUCCESS] Successfully converted: C:\Users\Chris\cFish.io\wp-content\mu-plugins\wpcomsh\vendor\automattic\wc-calypso-bridge\languages\wc-calypso-bridge-es_ES-d306b16f43f72fde801a43dea46bfd64.json
[2025-03-12 21:22:20] [INFO] Converting JSON to MD: C:\Users\Chris\cFish.io\wp-content\mu-plugins\wpcomsh\vendor\automattic\wc-calypso-bridge\languages\wc-calypso-bridge-es_ES-dfbff627e6c248bcb3b61d7d06da9ca9.json
[2025-03-12 21:22:20] [SUCCESS] Successfully converted: C:\Users\Chris\cFish.io\wp-content\mu-plugins\wpcomsh\vendor\automattic\wc-calypso-bridge\languages\wc-calypso-bridge-es_ES-dfbff627e6c248bcb3b61d7d06da9ca9.json
[2025-03-12 21:22:20] [INFO] Converting JSON to MD: C:\Users\Chris\cFish.io\wp-content\mu-plugins\wpcomsh\vendor\automattic\wc-calypso-bridge\languages\wc-calypso-bridge-es_MX-09bb012e7dde92df64cb62b6649b1279.json
[2025-03-12 21:22:20] [SUCCESS] Successfully converted: C:\Users\Chris\cFish.io\wp-content\mu-plugins\wpcomsh\vendor\automattic\wc-calypso-bridge\languages\wc-calypso-bridge-es_MX-09bb012e7dde92df64cb62b6649b1279.json
[2025-03-12 21:22:20] [INFO] Converting JSON to MD: C:\Users\Chris\cFish.io\wp-content\mu-plugins\wpcomsh\vendor\automattic\wc-calypso-bridge\languages\wc-calypso-bridge-es_MX-9a24f2fa7a9667f948a7250d074c3a30.json
[2025-03-12 21:22:20] [SUCCESS] Successfully converted: C:\Users\Chris\cFish.io\wp-content\mu-plugins\wpcomsh\vendor\automattic\wc-calypso-bridge\languages\wc-calypso-bridge-es_MX-9a24f2fa7a9667f948a7250d074c3a30.json
[2025-03-12 21:22:20] [INFO] Converting JSON to MD: C:\Users\Chris\cFish.io\wp-content\mu-plugins\wpcomsh\vendor\automattic\wc-calypso-bridge\languages\wc-calypso-bridge-es_MX-b465a58df1aa4e563112b65e45dffa1c.json
[2025-03-12 21:22:20] [SUCCESS] Successfully converted: C:\Users\Chris\cFish.io\wp-content\mu-plugins\wpcomsh\vendor\automattic\wc-calypso-bridge\languages\wc-calypso-bridge-es_MX-b465a58df1aa4e563112b65e45dffa1c.json
[2025-03-12 21:22:21] [INFO] Converting JSON to MD: C:\Users\Chris\cFish.io\wp-content\mu-plugins\wpcomsh\vendor\automattic\wc-calypso-bridge\languages\wc-calypso-bridge-es_MX-beb9e19fb5e7cb316b39d09ff6ca8bdf.json
[2025-03-12 21:22:21] [SUCCESS] Successfully converted: C:\Users\Chris\cFish.io\wp-content\mu-plugins\wpcomsh\vendor\automattic\wc-calypso-bridge\languages\wc-calypso-bridge-es_MX-beb9e19fb5e7cb316b39d09ff6ca8bdf.json
[2025-03-12 21:22:21] [INFO] Converting JSON to MD: C:\Users\Chris\cFish.io\wp-content\mu-plugins\wpcomsh\vendor\automattic\wc-calypso-bridge\languages\wc-calypso-bridge-es_MX-ce1126179ccf98c51c6a61cf74680416.json
[2025-03-12 21:22:21] [SUCCESS] Successfully converted: C:\Users\Chris\cFish.io\wp-content\mu-plugins\wpcomsh\vendor\automattic\wc-calypso-bridge\languages\wc-calypso-bridge-es_MX-ce1126179ccf98c51c6a61cf74680416.json
[2025-03-12 21:22:21] [INFO] Converting JSON to MD: C:\Users\Chris\cFish.io\wp-content\mu-plugins\wpcomsh\vendor\automattic\wc-calypso-bridge\languages\wc-calypso-bridge-es_MX-d306b16f43f72fde801a43dea46bfd64.json
[2025-03-12 21:22:21] [SUCCESS] Successfully converted: C:\Users\Chris\cFish.io\wp-content\mu-plugins\wpcomsh\vendor\automattic\wc-calypso-bridge\languages\wc-calypso-bridge-es_MX-d306b16f43f72fde801a43dea46bfd64.json
[2025-03-12 21:22:21] [INFO] Converting JSON to MD: C:\Users\Chris\cFish.io\wp-content\mu-plugins\wpcomsh\vendor\automattic\wc-calypso-bridge\languages\wc-calypso-bridge-es_MX-dfbff627e6c248bcb3b61d7d06da9ca9.json
[2025-03-12 21:22:21] [SUCCESS] Successfully converted: C:\Users\Chris\cFish.io\wp-content\mu-plugins\wpcomsh\vendor\automattic\wc-calypso-bridge\languages\wc-calypso-bridge-es_MX-dfbff627e6c248bcb3b61d7d06da9ca9.json
[2025-03-12 21:22:21] [INFO] Converting JSON to MD: C:\Users\Chris\cFish.io\wp-content\mu-plugins\wpcomsh\vendor\automattic\wc-calypso-bridge\languages\wc-calypso-bridge-fr_BE-09bb012e7dde92df64cb62b6649b1279.json
[2025-03-12 21:22:22] [SUCCESS] Successfully converted: C:\Users\Chris\cFish.io\wp-content\mu-plugins\wpcomsh\vendor\automattic\wc-calypso-bridge\languages\wc-calypso-bridge-fr_BE-09bb012e7dde92df64cb62b6649b1279.json
[2025-03-12 21:22:22] [INFO] Converting JSON to MD: C:\Users\Chris\cFish.io\wp-content\mu-plugins\wpcomsh\vendor\automattic\wc-calypso-bridge\languages\wc-calypso-bridge-fr_BE-9a24f2fa7a9667f948a7250d074c3a30.json
[2025-03-12 21:22:22] [SUCCESS] Successfully converted: C:\Users\Chris\cFish.io\wp-content\mu-plugins\wpcomsh\vendor\automattic\wc-calypso-bridge\languages\wc-calypso-bridge-fr_BE-9a24f2fa7a9667f948a7250d074c3a30.json
[2025-03-12 21:22:22] [INFO] Converting JSON to MD: C:\Users\Chris\cFish.io\wp-content\mu-plugins\wpcomsh\vendor\automattic\wc-calypso-bridge\languages\wc-calypso-bridge-fr_BE-b465a58df1aa4e563112b65e45dffa1c.json
[2025-03-12 21:22:22] [SUCCESS] Successfully converted: C:\Users\Chris\cFish.io\wp-content\mu-plugins\wpcomsh\vendor\automattic\wc-calypso-bridge\languages\wc-calypso-bridge-fr_BE-b465a58df1aa4e563112b65e45dffa1c.json
[2025-03-12 21:22:22] [INFO] Converting JSON to MD: C:\Users\Chris\cFish.io\wp-content\mu-plugins\wpcomsh\vendor\automattic\wc-calypso-bridge\languages\wc-calypso-bridge-fr_BE-beb9e19fb5e7cb316b39d09ff6ca8bdf.json
[2025-03-12 21:22:22] [SUCCESS] Successfully converted: C:\Users\Chris\cFish.io\wp-content\mu-plugins\wpcomsh\vendor\automattic\wc-calypso-bridge\languages\wc-calypso-bridge-fr_BE-beb9e19fb5e7cb316b39d09ff6ca8bdf.json
[2025-03-12 21:22:22] [INFO] Converting JSON to MD: C:\Users\Chris\cFish.io\wp-content\mu-plugins\wpcomsh\vendor\automattic\wc-calypso-bridge\languages\wc-calypso-bridge-fr_BE-ce1126179ccf98c51c6a61cf74680416.json
[2025-03-12 21:22:22] [SUCCESS] Successfully converted: C:\Users\Chris\cFish.io\wp-content\mu-plugins\wpcomsh\vendor\automattic\wc-calypso-bridge\languages\wc-calypso-bridge-fr_BE-ce1126179ccf98c51c6a61cf74680416.json
[2025-03-12 21:22:23] [INFO] Converting JSON to MD: C:\Users\Chris\cFish.io\wp-content\mu-plugins\wpcomsh\vendor\automattic\wc-calypso-bridge\languages\wc-calypso-bridge-fr_BE-d306b16f43f72fde801a43dea46bfd64.json
[2025-03-12 21:22:23] [SUCCESS] Successfully converted: C:\Users\Chris\cFish.io\wp-content\mu-plugins\wpcomsh\vendor\automattic\wc-calypso-bridge\languages\wc-calypso-bridge-fr_BE-d306b16f43f72fde801a43dea46bfd64.json
[2025-03-12 21:22:23] [INFO] Converting JSON to MD: C:\Users\Chris\cFish.io\wp-content\mu-plugins\wpcomsh\vendor\automattic\wc-calypso-bridge\languages\wc-calypso-bridge-fr_BE-dfbff627e6c248bcb3b61d7d06da9ca9.json
[2025-03-12 21:22:23] [SUCCESS] Successfully converted: C:\Users\Chris\cFish.io\wp-content\mu-plugins\wpcomsh\vendor\automattic\wc-calypso-bridge\languages\wc-calypso-bridge-fr_BE-dfbff627e6c248bcb3b61d7d06da9ca9.json
[2025-03-12 21:22:23] [INFO] Converting JSON to MD: C:\Users\Chris\cFish.io\wp-content\mu-plugins\wpcomsh\vendor\automattic\wc-calypso-bridge\languages\wc-calypso-bridge-fr_CA-09bb012e7dde92df64cb62b6649b1279.json
[2025-03-12 21:22:23] [SUCCESS] Successfully converted: C:\Users\Chris\cFish.io\wp-content\mu-plugins\wpcomsh\vendor\automattic\wc-calypso-bridge\languages\wc-calypso-bridge-fr_CA-09bb012e7dde92df64cb62b6649b1279.json
[2025-03-12 21:22:23] [INFO] Converting JSON to MD: C:\Users\Chris\cFish.io\wp-content\mu-plugins\wpcomsh\vendor\automattic\wc-calypso-bridge\languages\wc-calypso-bridge-fr_CA-9a24f2fa7a9667f948a7250d074c3a30.json
[2025-03-12 21:22:23] [SUCCESS] Successfully converted: C:\Users\Chris\cFish.io\wp-content\mu-plugins\wpcomsh\vendor\automattic\wc-calypso-bridge\languages\wc-calypso-bridge-fr_CA-9a24f2fa7a9667f948a7250d074c3a30.json
[2025-03-12 21:22:23] [INFO] Converting JSON to MD: C:\Users\Chris\cFish.io\wp-content\mu-plugins\wpcomsh\vendor\automattic\wc-calypso-bridge\languages\wc-calypso-bridge-fr_CA-b465a58df1aa4e563112b65e45dffa1c.json
[2025-03-12 21:22:24] [SUCCESS] Successfully converted: C:\Users\Chris\cFish.io\wp-content\mu-plugins\wpcomsh\vendor\automattic\wc-calypso-bridge\languages\wc-calypso-bridge-fr_CA-b465a58df1aa4e563112b65e45dffa1c.json
[2025-03-12 21:22:24] [INFO] Converting JSON to MD: C:\Users\Chris\cFish.io\wp-content\mu-plugins\wpcomsh\vendor\automattic\wc-calypso-bridge\languages\wc-calypso-bridge-fr_CA-beb9e19fb5e7cb316b39d09ff6ca8bdf.json
[2025-03-12 21:22:24] [SUCCESS] Successfully converted: C:\Users\Chris\cFish.io\wp-content\mu-plugins\wpcomsh\vendor\automattic\wc-calypso-bridge\languages\wc-calypso-bridge-fr_CA-beb9e19fb5e7cb316b39d09ff6ca8bdf.json
[2025-03-12 21:22:24] [INFO] Converting JSON to MD: C:\Users\Chris\cFish.io\wp-content\mu-plugins\wpcomsh\vendor\automattic\wc-calypso-bridge\languages\wc-calypso-bridge-fr_CA-ce1126179ccf98c51c6a61cf74680416.json
[2025-03-12 21:22:24] [SUCCESS] Successfully converted: C:\Users\Chris\cFish.io\wp-content\mu-plugins\wpcomsh\vendor\automattic\wc-calypso-bridge\languages\wc-calypso-bridge-fr_CA-ce1126179ccf98c51c6a61cf74680416.json
[2025-03-12 21:22:24] [INFO] Converting JSON to MD: C:\Users\Chris\cFish.io\wp-content\mu-plugins\wpcomsh\vendor\automattic\wc-calypso-bridge\languages\wc-calypso-bridge-fr_CA-d306b16f43f72fde801a43dea46bfd64.json
[2025-03-12 21:22:24] [SUCCESS] Successfully converted: C:\Users\Chris\cFish.io\wp-content\mu-plugins\wpcomsh\vendor\automattic\wc-calypso-bridge\languages\wc-calypso-bridge-fr_CA-d306b16f43f72fde801a43dea46bfd64.json
[2025-03-12 21:22:24] [INFO] Converting JSON to MD: C:\Users\Chris\cFish.io\wp-content\mu-plugins\wpcomsh\vendor\automattic\wc-calypso-bridge\languages\wc-calypso-bridge-fr_CA-dfbff627e6c248bcb3b61d7d06da9ca9.json
[2025-03-12 21:22:25] [SUCCESS] Successfully converted: C:\Users\Chris\cFish.io\wp-content\mu-plugins\wpcomsh\vendor\automattic\wc-calypso-bridge\languages\wc-calypso-bridge-fr_CA-dfbff627e6c248bcb3b61d7d06da9ca9.json
[2025-03-12 21:22:25] [INFO] Converting JSON to MD: C:\Users\Chris\cFish.io\wp-content\mu-plugins\wpcomsh\vendor\automattic\wc-calypso-bridge\languages\wc-calypso-bridge-fr_FR-09bb012e7dde92df64cb62b6649b1279.json
[2025-03-12 21:22:25] [SUCCESS] Successfully converted: C:\Users\Chris\cFish.io\wp-content\mu-plugins\wpcomsh\vendor\automattic\wc-calypso-bridge\languages\wc-calypso-bridge-fr_FR-09bb012e7dde92df64cb62b6649b1279.json
[2025-03-12 21:22:25] [INFO] Converting JSON to MD: C:\Users\Chris\cFish.io\wp-content\mu-plugins\wpcomsh\vendor\automattic\wc-calypso-bridge\languages\wc-calypso-bridge-fr_FR-9a24f2fa7a9667f948a7250d074c3a30.json
[2025-03-12 21:22:25] [SUCCESS] Successfully converted: C:\Users\Chris\cFish.io\wp-content\mu-plugins\wpcomsh\vendor\automattic\wc-calypso-bridge\languages\wc-calypso-bridge-fr_FR-9a24f2fa7a9667f948a7250d074c3a30.json
[2025-03-12 21:22:25] [INFO] Converting JSON to MD: C:\Users\Chris\cFish.io\wp-content\mu-plugins\wpcomsh\vendor\automattic\wc-calypso-bridge\languages\wc-calypso-bridge-fr_FR-b465a58df1aa4e563112b65e45dffa1c.json
[2025-03-12 21:22:25] [SUCCESS] Successfully converted: C:\Users\Chris\cFish.io\wp-content\mu-plugins\wpcomsh\vendor\automattic\wc-calypso-bridge\languages\wc-calypso-bridge-fr_FR-b465a58df1aa4e563112b65e45dffa1c.json
[2025-03-12 21:22:25] [INFO] Converting JSON to MD: C:\Users\Chris\cFish.io\wp-content\mu-plugins\wpcomsh\vendor\automattic\wc-calypso-bridge\languages\wc-calypso-bridge-fr_FR-beb9e19fb5e7cb316b39d09ff6ca8bdf.json
[2025-03-12 21:22:25] [SUCCESS] Successfully converted: C:\Users\Chris\cFish.io\wp-content\mu-plugins\wpcomsh\vendor\automattic\wc-calypso-bridge\languages\wc-calypso-bridge-fr_FR-beb9e19fb5e7cb316b39d09ff6ca8bdf.json
[2025-03-12 21:22:25] [INFO] Converting JSON to MD: C:\Users\Chris\cFish.io\wp-content\mu-plugins\wpcomsh\vendor\automattic\wc-calypso-bridge\languages\wc-calypso-bridge-fr_FR-ce1126179ccf98c51c6a61cf74680416.json
[2025-03-12 21:22:26] [SUCCESS] Successfully converted: C:\Users\Chris\cFish.io\wp-content\mu-plugins\wpcomsh\vendor\automattic\wc-calypso-bridge\languages\wc-calypso-bridge-fr_FR-ce1126179ccf98c51c6a61cf74680416.json
[2025-03-12 21:22:26] [INFO] Converting JSON to MD: C:\Users\Chris\cFish.io\wp-content\mu-plugins\wpcomsh\vendor\automattic\wc-calypso-bridge\languages\wc-calypso-bridge-fr_FR-d306b16f43f72fde801a43dea46bfd64.json
[2025-03-12 21:22:26] [SUCCESS] Successfully converted: C:\Users\Chris\cFish.io\wp-content\mu-plugins\wpcomsh\vendor\automattic\wc-calypso-bridge\languages\wc-calypso-bridge-fr_FR-d306b16f43f72fde801a43dea46bfd64.json
[2025-03-12 21:22:26] [INFO] Converting JSON to MD: C:\Users\Chris\cFish.io\wp-content\mu-plugins\wpcomsh\vendor\automattic\wc-calypso-bridge\languages\wc-calypso-bridge-fr_FR-dfbff627e6c248bcb3b61d7d06da9ca9.json
[2025-03-12 21:22:26] [SUCCESS] Successfully converted: C:\Users\Chris\cFish.io\wp-content\mu-plugins\wpcomsh\vendor\automattic\wc-calypso-bridge\languages\wc-calypso-bridge-fr_FR-dfbff627e6c248bcb3b61d7d06da9ca9.json
[2025-03-12 21:22:26] [INFO] Converting JSON to MD: C:\Users\Chris\cFish.io\wp-content\mu-plugins\wpcomsh\vendor\automattic\wc-calypso-bridge\languages\wc-calypso-bridge-he_IL-09bb012e7dde92df64cb62b6649b1279.json
[2025-03-12 21:22:26] [SUCCESS] Successfully converted: C:\Users\Chris\cFish.io\wp-content\mu-plugins\wpcomsh\vendor\automattic\wc-calypso-bridge\languages\wc-calypso-bridge-he_IL-09bb012e7dde92df64cb62b6649b1279.json
[2025-03-12 21:22:26] [INFO] Converting JSON to MD: C:\Users\Chris\cFish.io\wp-content\mu-plugins\wpcomsh\vendor\automattic\wc-calypso-bridge\languages\wc-calypso-bridge-he_IL-9a24f2fa7a9667f948a7250d074c3a30.json
[2025-03-12 21:22:26] [SUCCESS] Successfully converted: C:\Users\Chris\cFish.io\wp-content\mu-plugins\wpcomsh\vendor\automattic\wc-calypso-bridge\languages\wc-calypso-bridge-he_IL-9a24f2fa7a9667f948a7250d074c3a30.json
[2025-03-12 21:22:26] [INFO] Converting JSON to MD: C:\Users\Chris\cFish.io\wp-content\mu-plugins\wpcomsh\vendor\automattic\wc-calypso-bridge\languages\wc-calypso-bridge-he_IL-b465a58df1aa4e563112b65e45dffa1c.json
[2025-03-12 21:22:27] [SUCCESS] Successfully converted: C:\Users\Chris\cFish.io\wp-content\mu-plugins\wpcomsh\vendor\automattic\wc-calypso-bridge\languages\wc-calypso-bridge-he_IL-b465a58df1aa4e563112b65e45dffa1c.json
[2025-03-12 21:22:27] [INFO] Converting JSON to MD: C:\Users\Chris\cFish.io\wp-content\mu-plugins\wpcomsh\vendor\automattic\wc-calypso-bridge\languages\wc-calypso-bridge-he_IL-beb9e19fb5e7cb316b39d09ff6ca8bdf.json
[2025-03-12 21:22:27] [SUCCESS] Successfully converted: C:\Users\Chris\cFish.io\wp-content\mu-plugins\wpcomsh\vendor\automattic\wc-calypso-bridge\languages\wc-calypso-bridge-he_IL-beb9e19fb5e7cb316b39d09ff6ca8bdf.json
[2025-03-12 21:22:27] [INFO] Converting JSON to MD: C:\Users\Chris\cFish.io\wp-content\mu-plugins\wpcomsh\vendor\automattic\wc-calypso-bridge\languages\wc-calypso-bridge-he_IL-ce1126179ccf98c51c6a61cf74680416.json
[2025-03-12 21:22:27] [SUCCESS] Successfully converted: C:\Users\Chris\cFish.io\wp-content\mu-plugins\wpcomsh\vendor\automattic\wc-calypso-bridge\languages\wc-calypso-bridge-he_IL-ce1126179ccf98c51c6a61cf74680416.json
[2025-03-12 21:22:27] [INFO] Converting JSON to MD: C:\Users\Chris\cFish.io\wp-content\mu-plugins\wpcomsh\vendor\automattic\wc-calypso-bridge\languages\wc-calypso-bridge-he_IL-d306b16f43f72fde801a43dea46bfd64.json
[2025-03-12 21:22:27] [SUCCESS] Successfully converted: C:\Users\Chris\cFish.io\wp-content\mu-plugins\wpcomsh\vendor\automattic\wc-calypso-bridge\languages\wc-calypso-bridge-he_IL-d306b16f43f72fde801a43dea46bfd64.json
[2025-03-12 21:22:27] [INFO] Converting JSON to MD: C:\Users\Chris\cFish.io\wp-content\mu-plugins\wpcomsh\vendor\automattic\wc-calypso-bridge\languages\wc-calypso-bridge-he_IL-dfbff627e6c248bcb3b61d7d06da9ca9.json
[2025-03-12 21:22:27] [SUCCESS] Successfully converted: C:\Users\Chris\cFish.io\wp-content\mu-plugins\wpcomsh\vendor\automattic\wc-calypso-bridge\languages\wc-calypso-bridge-he_IL-dfbff627e6c248bcb3b61d7d06da9ca9.json
[2025-03-12 21:22:27] [INFO] Converting JSON to MD: C:\Users\Chris\cFish.io\wp-content\mu-plugins\wpcomsh\vendor\automattic\wc-calypso-bridge\languages\wc-calypso-bridge-id_ID-09bb012e7dde92df64cb62b6649b1279.json
[2025-03-12 21:22:27] [SUCCESS] Successfully converted: C:\Users\Chris\cFish.io\wp-content\mu-plugins\wpcomsh\vendor\automattic\wc-calypso-bridge\languages\wc-calypso-bridge-id_ID-09bb012e7dde92df64cb62b6649b1279.json
[2025-03-12 21:22:28] [INFO] Converting JSON to MD: C:\Users\Chris\cFish.io\wp-content\mu-plugins\wpcomsh\vendor\automattic\wc-calypso-bridge\languages\wc-calypso-bridge-id_ID-9a24f2fa7a9667f948a7250d074c3a30.json
[2025-03-12 21:22:28] [SUCCESS] Successfully converted: C:\Users\Chris\cFish.io\wp-content\mu-plugins\wpcomsh\vendor\automattic\wc-calypso-bridge\languages\wc-calypso-bridge-id_ID-9a24f2fa7a9667f948a7250d074c3a30.json
[2025-03-12 21:22:28] [INFO] Converting JSON to MD: C:\Users\Chris\cFish.io\wp-content\mu-plugins\wpcomsh\vendor\automattic\wc-calypso-bridge\languages\wc-calypso-bridge-id_ID-b465a58df1aa4e563112b65e45dffa1c.json
[2025-03-12 21:22:28] [SUCCESS] Successfully converted: C:\Users\Chris\cFish.io\wp-content\mu-plugins\wpcomsh\vendor\automattic\wc-calypso-bridge\languages\wc-calypso-bridge-id_ID-b465a58df1aa4e563112b65e45dffa1c.json
[2025-03-12 21:22:28] [INFO] Converting JSON to MD: C:\Users\Chris\cFish.io\wp-content\mu-plugins\wpcomsh\vendor\automattic\wc-calypso-bridge\languages\wc-calypso-bridge-id_ID-beb9e19fb5e7cb316b39d09ff6ca8bdf.json
[2025-03-12 21:22:28] [SUCCESS] Successfully converted: C:\Users\Chris\cFish.io\wp-content\mu-plugins\wpcomsh\vendor\automattic\wc-calypso-bridge\languages\wc-calypso-bridge-id_ID-beb9e19fb5e7cb316b39d09ff6ca8bdf.json
[2025-03-12 21:22:28] [INFO] Converting JSON to MD: C:\Users\Chris\cFish.io\wp-content\mu-plugins\wpcomsh\vendor\automattic\wc-calypso-bridge\languages\wc-calypso-bridge-id_ID-ce1126179ccf98c51c6a61cf74680416.json
[2025-03-12 21:22:28] [SUCCESS] Successfully converted: C:\Users\Chris\cFish.io\wp-content\mu-plugins\wpcomsh\vendor\automattic\wc-calypso-bridge\languages\wc-calypso-bridge-id_ID-ce1126179ccf98c51c6a61cf74680416.json
[2025-03-12 21:22:28] [INFO] Converting JSON to MD: C:\Users\Chris\cFish.io\wp-content\mu-plugins\wpcomsh\vendor\automattic\wc-calypso-bridge\languages\wc-calypso-bridge-id_ID-d306b16f43f72fde801a43dea46bfd64.json
[2025-03-12 21:22:28] [SUCCESS] Successfully converted: C:\Users\Chris\cFish.io\wp-content\mu-plugins\wpcomsh\vendor\automattic\wc-calypso-bridge\languages\wc-calypso-bridge-id_ID-d306b16f43f72fde801a43dea46bfd64.json
[2025-03-12 21:22:29] [INFO] Converting JSON to MD: C:\Users\Chris\cFish.io\wp-content\mu-plugins\wpcomsh\vendor\automattic\wc-calypso-bridge\languages\wc-calypso-bridge-id_ID-dfbff627e6c248bcb3b61d7d06da9ca9.json
[2025-03-12 21:22:29] [SUCCESS] Successfully converted: C:\Users\Chris\cFish.io\wp-content\mu-plugins\wpcomsh\vendor\automattic\wc-calypso-bridge\languages\wc-calypso-bridge-id_ID-dfbff627e6c248bcb3b61d7d06da9ca9.json
[2025-03-12 21:22:29] [INFO] Converting JSON to MD: C:\Users\Chris\cFish.io\wp-content\mu-plugins\wpcomsh\vendor\automattic\wc-calypso-bridge\languages\wc-calypso-bridge-it_IT-09bb012e7dde92df64cb62b6649b1279.json
[2025-03-12 21:22:29] [SUCCESS] Successfully converted: C:\Users\Chris\cFish.io\wp-content\mu-plugins\wpcomsh\vendor\automattic\wc-calypso-bridge\languages\wc-calypso-bridge-it_IT-09bb012e7dde92df64cb62b6649b1279.json
[2025-03-12 21:22:29] [INFO] Converting JSON to MD: C:\Users\Chris\cFish.io\wp-content\mu-plugins\wpcomsh\vendor\automattic\wc-calypso-bridge\languages\wc-calypso-bridge-it_IT-9a24f2fa7a9667f948a7250d074c3a30.json
[2025-03-12 21:22:29] [SUCCESS] Successfully converted: C:\Users\Chris\cFish.io\wp-content\mu-plugins\wpcomsh\vendor\automattic\wc-calypso-bridge\languages\wc-calypso-bridge-it_IT-9a24f2fa7a9667f948a7250d074c3a30.json
[2025-03-12 21:22:29] [INFO] Converting JSON to MD: C:\Users\Chris\cFish.io\wp-content\mu-plugins\wpcomsh\vendor\automattic\wc-calypso-bridge\languages\wc-calypso-bridge-it_IT-b465a58df1aa4e563112b65e45dffa1c.json
[2025-03-12 21:22:29] [SUCCESS] Successfully converted: C:\Users\Chris\cFish.io\wp-content\mu-plugins\wpcomsh\vendor\automattic\wc-calypso-bridge\languages\wc-calypso-bridge-it_IT-b465a58df1aa4e563112b65e45dffa1c.json
[2025-03-12 21:22:29] [INFO] Converting JSON to MD: C:\Users\Chris\cFish.io\wp-content\mu-plugins\wpcomsh\vendor\automattic\wc-calypso-bridge\languages\wc-calypso-bridge-it_IT-beb9e19fb5e7cb316b39d09ff6ca8bdf.json
[2025-03-12 21:22:29] [SUCCESS] Successfully converted: C:\Users\Chris\cFish.io\wp-content\mu-plugins\wpcomsh\vendor\automattic\wc-calypso-bridge\languages\wc-calypso-bridge-it_IT-beb9e19fb5e7cb316b39d09ff6ca8bdf.json
[2025-03-12 21:22:30] [INFO] Converting JSON to MD: C:\Users\Chris\cFish.io\wp-content\mu-plugins\wpcomsh\vendor\automattic\wc-calypso-bridge\languages\wc-calypso-bridge-it_IT-ce1126179ccf98c51c6a61cf74680416.json
[2025-03-12 21:22:30] [SUCCESS] Successfully converted: C:\Users\Chris\cFish.io\wp-content\mu-plugins\wpcomsh\vendor\automattic\wc-calypso-bridge\languages\wc-calypso-bridge-it_IT-ce1126179ccf98c51c6a61cf74680416.json
[2025-03-12 21:22:30] [INFO] Converting JSON to MD: C:\Users\Chris\cFish.io\wp-content\mu-plugins\wpcomsh\vendor\automattic\wc-calypso-bridge\languages\wc-calypso-bridge-it_IT-d306b16f43f72fde801a43dea46bfd64.json
[2025-03-12 21:22:30] [SUCCESS] Successfully converted: C:\Users\Chris\cFish.io\wp-content\mu-plugins\wpcomsh\vendor\automattic\wc-calypso-bridge\languages\wc-calypso-bridge-it_IT-d306b16f43f72fde801a43dea46bfd64.json
[2025-03-12 21:22:30] [INFO] Converting JSON to MD: C:\Users\Chris\cFish.io\wp-content\mu-plugins\wpcomsh\vendor\automattic\wc-calypso-bridge\languages\wc-calypso-bridge-it_IT-dfbff627e6c248bcb3b61d7d06da9ca9.json
[2025-03-12 21:22:30] [SUCCESS] Successfully converted: C:\Users\Chris\cFish.io\wp-content\mu-plugins\wpcomsh\vendor\automattic\wc-calypso-bridge\languages\wc-calypso-bridge-it_IT-dfbff627e6c248bcb3b61d7d06da9ca9.json
[2025-03-12 21:22:30] [INFO] Converting JSON to MD: C:\Users\Chris\cFish.io\wp-content\mu-plugins\wpcomsh\vendor\automattic\wc-calypso-bridge\languages\wc-calypso-bridge-ja-09bb012e7dde92df64cb62b6649b1279.json
[2025-03-12 21:22:30] [SUCCESS] Successfully converted: C:\Users\Chris\cFish.io\wp-content\mu-plugins\wpcomsh\vendor\automattic\wc-calypso-bridge\languages\wc-calypso-bridge-ja-09bb012e7dde92df64cb62b6649b1279.json
[2025-03-12 21:22:30] [INFO] Converting JSON to MD: C:\Users\Chris\cFish.io\wp-content\mu-plugins\wpcomsh\vendor\automattic\wc-calypso-bridge\languages\wc-calypso-bridge-ja-9a24f2fa7a9667f948a7250d074c3a30.json
[2025-03-12 21:22:30] [SUCCESS] Successfully converted: C:\Users\Chris\cFish.io\wp-content\mu-plugins\wpcomsh\vendor\automattic\wc-calypso-bridge\languages\wc-calypso-bridge-ja-9a24f2fa7a9667f948a7250d074c3a30.json
[2025-03-12 21:22:31] [INFO] Converting JSON to MD: C:\Users\Chris\cFish.io\wp-content\mu-plugins\wpcomsh\vendor\automattic\wc-calypso-bridge\languages\wc-calypso-bridge-ja-b465a58df1aa4e563112b65e45dffa1c.json
[2025-03-12 21:22:31] [SUCCESS] Successfully converted: C:\Users\Chris\cFish.io\wp-content\mu-plugins\wpcomsh\vendor\automattic\wc-calypso-bridge\languages\wc-calypso-bridge-ja-b465a58df1aa4e563112b65e45dffa1c.json
[2025-03-12 21:22:31] [INFO] Converting JSON to MD: C:\Users\Chris\cFish.io\wp-content\mu-plugins\wpcomsh\vendor\automattic\wc-calypso-bridge\languages\wc-calypso-bridge-ja-beb9e19fb5e7cb316b39d09ff6ca8bdf.json
[2025-03-12 21:22:31] [SUCCESS] Successfully converted: C:\Users\Chris\cFish.io\wp-content\mu-plugins\wpcomsh\vendor\automattic\wc-calypso-bridge\languages\wc-calypso-bridge-ja-beb9e19fb5e7cb316b39d09ff6ca8bdf.json
[2025-03-12 21:22:31] [INFO] Converting JSON to MD: C:\Users\Chris\cFish.io\wp-content\mu-plugins\wpcomsh\vendor\automattic\wc-calypso-bridge\languages\wc-calypso-bridge-ja-ce1126179ccf98c51c6a61cf74680416.json
[2025-03-12 21:22:31] [SUCCESS] Successfully converted: C:\Users\Chris\cFish.io\wp-content\mu-plugins\wpcomsh\vendor\automattic\wc-calypso-bridge\languages\wc-calypso-bridge-ja-ce1126179ccf98c51c6a61cf74680416.json
[2025-03-12 21:22:31] [INFO] Converting JSON to MD: C:\Users\Chris\cFish.io\wp-content\mu-plugins\wpcomsh\vendor\automattic\wc-calypso-bridge\languages\wc-calypso-bridge-ja-d306b16f43f72fde801a43dea46bfd64.json
[2025-03-12 21:22:31] [SUCCESS] Successfully converted: C:\Users\Chris\cFish.io\wp-content\mu-plugins\wpcomsh\vendor\automattic\wc-calypso-bridge\languages\wc-calypso-bridge-ja-d306b16f43f72fde801a43dea46bfd64.json
[2025-03-12 21:22:31] [INFO] Converting JSON to MD: C:\Users\Chris\cFish.io\wp-content\mu-plugins\wpcomsh\vendor\automattic\wc-calypso-bridge\languages\wc-calypso-bridge-ja-dfbff627e6c248bcb3b61d7d06da9ca9.json
[2025-03-12 21:22:31] [SUCCESS] Successfully converted: C:\Users\Chris\cFish.io\wp-content\mu-plugins\wpcomsh\vendor\automattic\wc-calypso-bridge\languages\wc-calypso-bridge-ja-dfbff627e6c248bcb3b61d7d06da9ca9.json
[2025-03-12 21:22:32] [INFO] Converting JSON to MD: C:\Users\Chris\cFish.io\wp-content\mu-plugins\wpcomsh\vendor\automattic\wc-calypso-bridge\languages\wc-calypso-bridge-ko_KR-09bb012e7dde92df64cb62b6649b1279.json
[2025-03-12 21:22:32] [SUCCESS] Successfully converted: C:\Users\Chris\cFish.io\wp-content\mu-plugins\wpcomsh\vendor\automattic\wc-calypso-bridge\languages\wc-calypso-bridge-ko_KR-09bb012e7dde92df64cb62b6649b1279.json
[2025-03-12 21:22:32] [INFO] Converting JSON to MD: C:\Users\Chris\cFish.io\wp-content\mu-plugins\wpcomsh\vendor\automattic\wc-calypso-bridge\languages\wc-calypso-bridge-ko_KR-9a24f2fa7a9667f948a7250d074c3a30.json
[2025-03-12 21:22:32] [SUCCESS] Successfully converted: C:\Users\Chris\cFish.io\wp-content\mu-plugins\wpcomsh\vendor\automattic\wc-calypso-bridge\languages\wc-calypso-bridge-ko_KR-9a24f2fa7a9667f948a7250d074c3a30.json
[2025-03-12 21:22:32] [INFO] Converting JSON to MD: C:\Users\Chris\cFish.io\wp-content\mu-plugins\wpcomsh\vendor\automattic\wc-calypso-bridge\languages\wc-calypso-bridge-ko_KR-b465a58df1aa4e563112b65e45dffa1c.json
[2025-03-12 21:22:32] [SUCCESS] Successfully converted: C:\Users\Chris\cFish.io\wp-content\mu-plugins\wpcomsh\vendor\automattic\wc-calypso-bridge\languages\wc-calypso-bridge-ko_KR-b465a58df1aa4e563112b65e45dffa1c.json
[2025-03-12 21:22:32] [INFO] Converting JSON to MD: C:\Users\Chris\cFish.io\wp-content\mu-plugins\wpcomsh\vendor\automattic\wc-calypso-bridge\languages\wc-calypso-bridge-ko_KR-beb9e19fb5e7cb316b39d09ff6ca8bdf.json
[2025-03-12 21:22:32] [SUCCESS] Successfully converted: C:\Users\Chris\cFish.io\wp-content\mu-plugins\wpcomsh\vendor\automattic\wc-calypso-bridge\languages\wc-calypso-bridge-ko_KR-beb9e19fb5e7cb316b39d09ff6ca8bdf.json
[2025-03-12 21:22:32] [INFO] Converting JSON to MD: C:\Users\Chris\cFish.io\wp-content\mu-plugins\wpcomsh\vendor\automattic\wc-calypso-bridge\languages\wc-calypso-bridge-ko_KR-ce1126179ccf98c51c6a61cf74680416.json
[2025-03-12 21:22:32] [SUCCESS] Successfully converted: C:\Users\Chris\cFish.io\wp-content\mu-plugins\wpcomsh\vendor\automattic\wc-calypso-bridge\languages\wc-calypso-bridge-ko_KR-ce1126179ccf98c51c6a61cf74680416.json
[2025-03-12 21:22:33] [INFO] Converting JSON to MD: C:\Users\Chris\cFish.io\wp-content\mu-plugins\wpcomsh\vendor\automattic\wc-calypso-bridge\languages\wc-calypso-bridge-ko_KR-d306b16f43f72fde801a43dea46bfd64.json
[2025-03-12 21:22:33] [SUCCESS] Successfully converted: C:\Users\Chris\cFish.io\wp-content\mu-plugins\wpcomsh\vendor\automattic\wc-calypso-bridge\languages\wc-calypso-bridge-ko_KR-d306b16f43f72fde801a43dea46bfd64.json
[2025-03-12 21:22:33] [INFO] Converting JSON to MD: C:\Users\Chris\cFish.io\wp-content\mu-plugins\wpcomsh\vendor\automattic\wc-calypso-bridge\languages\wc-calypso-bridge-ko_KR-dfbff627e6c248bcb3b61d7d06da9ca9.json
[2025-03-12 21:22:33] [SUCCESS] Successfully converted: C:\Users\Chris\cFish.io\wp-content\mu-plugins\wpcomsh\vendor\automattic\wc-calypso-bridge\languages\wc-calypso-bridge-ko_KR-dfbff627e6c248bcb3b61d7d06da9ca9.json
[2025-03-12 21:22:33] [INFO] Converting JSON to MD: C:\Users\Chris\cFish.io\wp-content\mu-plugins\wpcomsh\vendor\automattic\wc-calypso-bridge\languages\wc-calypso-bridge-nl_NL-09bb012e7dde92df64cb62b6649b1279.json
[2025-03-12 21:22:33] [SUCCESS] Successfully converted: C:\Users\Chris\cFish.io\wp-content\mu-plugins\wpcomsh\vendor\automattic\wc-calypso-bridge\languages\wc-calypso-bridge-nl_NL-09bb012e7dde92df64cb62b6649b1279.json
[2025-03-12 21:22:33] [INFO] Converting JSON to MD: C:\Users\Chris\cFish.io\wp-content\mu-plugins\wpcomsh\vendor\automattic\wc-calypso-bridge\languages\wc-calypso-bridge-nl_NL-9a24f2fa7a9667f948a7250d074c3a30.json
[2025-03-12 21:22:33] [SUCCESS] Successfully converted: C:\Users\Chris\cFish.io\wp-content\mu-plugins\wpcomsh\vendor\automattic\wc-calypso-bridge\languages\wc-calypso-bridge-nl_NL-9a24f2fa7a9667f948a7250d074c3a30.json
[2025-03-12 21:22:33] [INFO] Converting JSON to MD: C:\Users\Chris\cFish.io\wp-content\mu-plugins\wpcomsh\vendor\automattic\wc-calypso-bridge\languages\wc-calypso-bridge-nl_NL-b465a58df1aa4e563112b65e45dffa1c.json
[2025-03-12 21:22:33] [SUCCESS] Successfully converted: C:\Users\Chris\cFish.io\wp-content\mu-plugins\wpcomsh\vendor\automattic\wc-calypso-bridge\languages\wc-calypso-bridge-nl_NL-b465a58df1aa4e563112b65e45dffa1c.json
[2025-03-12 21:22:34] [INFO] Converting JSON to MD: C:\Users\Chris\cFish.io\wp-content\mu-plugins\wpcomsh\vendor\automattic\wc-calypso-bridge\languages\wc-calypso-bridge-nl_NL-beb9e19fb5e7cb316b39d09ff6ca8bdf.json
[2025-03-12 21:22:34] [SUCCESS] Successfully converted: C:\Users\Chris\cFish.io\wp-content\mu-plugins\wpcomsh\vendor\automattic\wc-calypso-bridge\languages\wc-calypso-bridge-nl_NL-beb9e19fb5e7cb316b39d09ff6ca8bdf.json
[2025-03-12 21:22:34] [INFO] Converting JSON to MD: C:\Users\Chris\cFish.io\wp-content\mu-plugins\wpcomsh\vendor\automattic\wc-calypso-bridge\languages\wc-calypso-bridge-nl_NL-ce1126179ccf98c51c6a61cf74680416.json
[2025-03-12 21:22:34] [SUCCESS] Successfully converted: C:\Users\Chris\cFish.io\wp-content\mu-plugins\wpcomsh\vendor\automattic\wc-calypso-bridge\languages\wc-calypso-bridge-nl_NL-ce1126179ccf98c51c6a61cf74680416.json
[2025-03-12 21:22:34] [INFO] Converting JSON to MD: C:\Users\Chris\cFish.io\wp-content\mu-plugins\wpcomsh\vendor\automattic\wc-calypso-bridge\languages\wc-calypso-bridge-nl_NL-d306b16f43f72fde801a43dea46bfd64.json
[2025-03-12 21:22:34] [SUCCESS] Successfully converted: C:\Users\Chris\cFish.io\wp-content\mu-plugins\wpcomsh\vendor\automattic\wc-calypso-bridge\languages\wc-calypso-bridge-nl_NL-d306b16f43f72fde801a43dea46bfd64.json
[2025-03-12 21:22:34] [INFO] Converting JSON to MD: C:\Users\Chris\cFish.io\wp-content\mu-plugins\wpcomsh\vendor\automattic\wc-calypso-bridge\languages\wc-calypso-bridge-nl_NL-dfbff627e6c248bcb3b61d7d06da9ca9.json
[2025-03-12 21:22:34] [SUCCESS] Successfully converted: C:\Users\Chris\cFish.io\wp-content\mu-plugins\wpcomsh\vendor\automattic\wc-calypso-bridge\languages\wc-calypso-bridge-nl_NL-dfbff627e6c248bcb3b61d7d06da9ca9.json
[2025-03-12 21:22:34] [INFO] Converting JSON to MD: C:\Users\Chris\cFish.io\wp-content\mu-plugins\wpcomsh\vendor\automattic\wc-calypso-bridge\languages\wc-calypso-bridge-pt_BR-09bb012e7dde92df64cb62b6649b1279.json
[2025-03-12 21:22:34] [SUCCESS] Successfully converted: C:\Users\Chris\cFish.io\wp-content\mu-plugins\wpcomsh\vendor\automattic\wc-calypso-bridge\languages\wc-calypso-bridge-pt_BR-09bb012e7dde92df64cb62b6649b1279.json
[2025-03-12 21:22:35] [INFO] Converting JSON to MD: C:\Users\Chris\cFish.io\wp-content\mu-plugins\wpcomsh\vendor\automattic\wc-calypso-bridge\languages\wc-calypso-bridge-pt_BR-9a24f2fa7a9667f948a7250d074c3a30.json
[2025-03-12 21:22:35] [SUCCESS] Successfully converted: C:\Users\Chris\cFish.io\wp-content\mu-plugins\wpcomsh\vendor\automattic\wc-calypso-bridge\languages\wc-calypso-bridge-pt_BR-9a24f2fa7a9667f948a7250d074c3a30.json
[2025-03-12 21:22:35] [INFO] Converting JSON to MD: C:\Users\Chris\cFish.io\wp-content\mu-plugins\wpcomsh\vendor\automattic\wc-calypso-bridge\languages\wc-calypso-bridge-pt_BR-b465a58df1aa4e563112b65e45dffa1c.json
[2025-03-12 21:22:35] [SUCCESS] Successfully converted: C:\Users\Chris\cFish.io\wp-content\mu-plugins\wpcomsh\vendor\automattic\wc-calypso-bridge\languages\wc-calypso-bridge-pt_BR-b465a58df1aa4e563112b65e45dffa1c.json
[2025-03-12 21:22:35] [INFO] Converting JSON to MD: C:\Users\Chris\cFish.io\wp-content\mu-plugins\wpcomsh\vendor\automattic\wc-calypso-bridge\languages\wc-calypso-bridge-pt_BR-beb9e19fb5e7cb316b39d09ff6ca8bdf.json
[2025-03-12 21:22:35] [SUCCESS] Successfully converted: C:\Users\Chris\cFish.io\wp-content\mu-plugins\wpcomsh\vendor\automattic\wc-calypso-bridge\languages\wc-calypso-bridge-pt_BR-beb9e19fb5e7cb316b39d09ff6ca8bdf.json
[2025-03-12 21:22:35] [INFO] Converting JSON to MD: C:\Users\Chris\cFish.io\wp-content\mu-plugins\wpcomsh\vendor\automattic\wc-calypso-bridge\languages\wc-calypso-bridge-pt_BR-ce1126179ccf98c51c6a61cf74680416.json
[2025-03-12 21:22:35] [SUCCESS] Successfully converted: C:\Users\Chris\cFish.io\wp-content\mu-plugins\wpcomsh\vendor\automattic\wc-calypso-bridge\languages\wc-calypso-bridge-pt_BR-ce1126179ccf98c51c6a61cf74680416.json
[2025-03-12 21:22:35] [INFO] Converting JSON to MD: C:\Users\Chris\cFish.io\wp-content\mu-plugins\wpcomsh\vendor\automattic\wc-calypso-bridge\languages\wc-calypso-bridge-pt_BR-d306b16f43f72fde801a43dea46bfd64.json
[2025-03-12 21:22:35] [SUCCESS] Successfully converted: C:\Users\Chris\cFish.io\wp-content\mu-plugins\wpcomsh\vendor\automattic\wc-calypso-bridge\languages\wc-calypso-bridge-pt_BR-d306b16f43f72fde801a43dea46bfd64.json
[2025-03-12 21:22:36] [INFO] Converting JSON to MD: C:\Users\Chris\cFish.io\wp-content\mu-plugins\wpcomsh\vendor\automattic\wc-calypso-bridge\languages\wc-calypso-bridge-pt_BR-dfbff627e6c248bcb3b61d7d06da9ca9.json
[2025-03-12 21:22:36] [SUCCESS] Successfully converted: C:\Users\Chris\cFish.io\wp-content\mu-plugins\wpcomsh\vendor\automattic\wc-calypso-bridge\languages\wc-calypso-bridge-pt_BR-dfbff627e6c248bcb3b61d7d06da9ca9.json
[2025-03-12 21:22:36] [INFO] Converting JSON to MD: C:\Users\Chris\cFish.io\wp-content\mu-plugins\wpcomsh\vendor\automattic\wc-calypso-bridge\languages\wc-calypso-bridge-ru_RU-09bb012e7dde92df64cb62b6649b1279.json
[2025-03-12 21:22:36] [SUCCESS] Successfully converted: C:\Users\Chris\cFish.io\wp-content\mu-plugins\wpcomsh\vendor\automattic\wc-calypso-bridge\languages\wc-calypso-bridge-ru_RU-09bb012e7dde92df64cb62b6649b1279.json
[2025-03-12 21:22:36] [INFO] Converting JSON to MD: C:\Users\Chris\cFish.io\wp-content\mu-plugins\wpcomsh\vendor\automattic\wc-calypso-bridge\languages\wc-calypso-bridge-ru_RU-9a24f2fa7a9667f948a7250d074c3a30.json
[2025-03-12 21:22:36] [SUCCESS] Successfully converted: C:\Users\Chris\cFish.io\wp-content\mu-plugins\wpcomsh\vendor\automattic\wc-calypso-bridge\languages\wc-calypso-bridge-ru_RU-9a24f2fa7a9667f948a7250d074c3a30.json
[2025-03-12 21:22:36] [INFO] Converting JSON to MD: C:\Users\Chris\cFish.io\wp-content\mu-plugins\wpcomsh\vendor\automattic\wc-calypso-bridge\languages\wc-calypso-bridge-ru_RU-b465a58df1aa4e563112b65e45dffa1c.json
[2025-03-12 21:22:36] [SUCCESS] Successfully converted: C:\Users\Chris\cFish.io\wp-content\mu-plugins\wpcomsh\vendor\automattic\wc-calypso-bridge\languages\wc-calypso-bridge-ru_RU-b465a58df1aa4e563112b65e45dffa1c.json
[2025-03-12 21:22:36] [INFO] Converting JSON to MD: C:\Users\Chris\cFish.io\wp-content\mu-plugins\wpcomsh\vendor\automattic\wc-calypso-bridge\languages\wc-calypso-bridge-ru_RU-beb9e19fb5e7cb316b39d09ff6ca8bdf.json
[2025-03-12 21:22:36] [SUCCESS] Successfully converted: C:\Users\Chris\cFish.io\wp-content\mu-plugins\wpcomsh\vendor\automattic\wc-calypso-bridge\languages\wc-calypso-bridge-ru_RU-beb9e19fb5e7cb316b39d09ff6ca8bdf.json
[2025-03-12 21:22:36] [INFO] Converting JSON to MD: C:\Users\Chris\cFish.io\wp-content\mu-plugins\wpcomsh\vendor\automattic\wc-calypso-bridge\languages\wc-calypso-bridge-ru_RU-ce1126179ccf98c51c6a61cf74680416.json
[2025-03-12 21:22:37] [SUCCESS] Successfully converted: C:\Users\Chris\cFish.io\wp-content\mu-plugins\wpcomsh\vendor\automattic\wc-calypso-bridge\languages\wc-calypso-bridge-ru_RU-ce1126179ccf98c51c6a61cf74680416.json
[2025-03-12 21:22:37] [INFO] Converting JSON to MD: C:\Users\Chris\cFish.io\wp-content\mu-plugins\wpcomsh\vendor\automattic\wc-calypso-bridge\languages\wc-calypso-bridge-ru_RU-d306b16f43f72fde801a43dea46bfd64.json
[2025-03-12 21:22:37] [SUCCESS] Successfully converted: C:\Users\Chris\cFish.io\wp-content\mu-plugins\wpcomsh\vendor\automattic\wc-calypso-bridge\languages\wc-calypso-bridge-ru_RU-d306b16f43f72fde801a43dea46bfd64.json
[2025-03-12 21:22:37] [INFO] Converting JSON to MD: C:\Users\Chris\cFish.io\wp-content\mu-plugins\wpcomsh\vendor\automattic\wc-calypso-bridge\languages\wc-calypso-bridge-ru_RU-dfbff627e6c248bcb3b61d7d06da9ca9.json
[2025-03-12 21:22:37] [SUCCESS] Successfully converted: C:\Users\Chris\cFish.io\wp-content\mu-plugins\wpcomsh\vendor\automattic\wc-calypso-bridge\languages\wc-calypso-bridge-ru_RU-dfbff627e6c248bcb3b61d7d06da9ca9.json
[2025-03-12 21:22:37] [INFO] Converting JSON to MD: C:\Users\Chris\cFish.io\wp-content\mu-plugins\wpcomsh\vendor\automattic\wc-calypso-bridge\languages\wc-calypso-bridge-sv_SE-09bb012e7dde92df64cb62b6649b1279.json
[2025-03-12 21:22:37] [SUCCESS] Successfully converted: C:\Users\Chris\cFish.io\wp-content\mu-plugins\wpcomsh\vendor\automattic\wc-calypso-bridge\languages\wc-calypso-bridge-sv_SE-09bb012e7dde92df64cb62b6649b1279.json
[2025-03-12 21:22:37] [INFO] Converting JSON to MD: C:\Users\Chris\cFish.io\wp-content\mu-plugins\wpcomsh\vendor\automattic\wc-calypso-bridge\languages\wc-calypso-bridge-sv_SE-9a24f2fa7a9667f948a7250d074c3a30.json
[2025-03-12 21:22:37] [SUCCESS] Successfully converted: C:\Users\Chris\cFish.io\wp-content\mu-plugins\wpcomsh\vendor\automattic\wc-calypso-bridge\languages\wc-calypso-bridge-sv_SE-9a24f2fa7a9667f948a7250d074c3a30.json
[2025-03-12 21:22:37] [INFO] Converting JSON to MD: C:\Users\Chris\cFish.io\wp-content\mu-plugins\wpcomsh\vendor\automattic\wc-calypso-bridge\languages\wc-calypso-bridge-sv_SE-b465a58df1aa4e563112b65e45dffa1c.json
[2025-03-12 21:22:38] [SUCCESS] Successfully converted: C:\Users\Chris\cFish.io\wp-content\mu-plugins\wpcomsh\vendor\automattic\wc-calypso-bridge\languages\wc-calypso-bridge-sv_SE-b465a58df1aa4e563112b65e45dffa1c.json
[2025-03-12 21:22:38] [INFO] Converting JSON to MD: C:\Users\Chris\cFish.io\wp-content\mu-plugins\wpcomsh\vendor\automattic\wc-calypso-bridge\languages\wc-calypso-bridge-sv_SE-beb9e19fb5e7cb316b39d09ff6ca8bdf.json
[2025-03-12 21:22:38] [SUCCESS] Successfully converted: C:\Users\Chris\cFish.io\wp-content\mu-plugins\wpcomsh\vendor\automattic\wc-calypso-bridge\languages\wc-calypso-bridge-sv_SE-beb9e19fb5e7cb316b39d09ff6ca8bdf.json
[2025-03-12 21:22:38] [INFO] Converting JSON to MD: C:\Users\Chris\cFish.io\wp-content\mu-plugins\wpcomsh\vendor\automattic\wc-calypso-bridge\languages\wc-calypso-bridge-sv_SE-ce1126179ccf98c51c6a61cf74680416.json
[2025-03-12 21:22:38] [SUCCESS] Successfully converted: C:\Users\Chris\cFish.io\wp-content\mu-plugins\wpcomsh\vendor\automattic\wc-calypso-bridge\languages\wc-calypso-bridge-sv_SE-ce1126179ccf98c51c6a61cf74680416.json
[2025-03-12 21:22:38] [INFO] Converting JSON to MD: C:\Users\Chris\cFish.io\wp-content\mu-plugins\wpcomsh\vendor\automattic\wc-calypso-bridge\languages\wc-calypso-bridge-sv_SE-d306b16f43f72fde801a43dea46bfd64.json
[2025-03-12 21:22:38] [SUCCESS] Successfully converted: C:\Users\Chris\cFish.io\wp-content\mu-plugins\wpcomsh\vendor\automattic\wc-calypso-bridge\languages\wc-calypso-bridge-sv_SE-d306b16f43f72fde801a43dea46bfd64.json
[2025-03-12 21:22:38] [INFO] Converting JSON to MD: C:\Users\Chris\cFish.io\wp-content\mu-plugins\wpcomsh\vendor\automattic\wc-calypso-bridge\languages\wc-calypso-bridge-sv_SE-dfbff627e6c248bcb3b61d7d06da9ca9.json
[2025-03-12 21:22:38] [SUCCESS] Successfully converted: C:\Users\Chris\cFish.io\wp-content\mu-plugins\wpcomsh\vendor\automattic\wc-calypso-bridge\languages\wc-calypso-bridge-sv_SE-dfbff627e6c248bcb3b61d7d06da9ca9.json
[2025-03-12 21:22:38] [INFO] Converting JSON to MD: C:\Users\Chris\cFish.io\wp-content\mu-plugins\wpcomsh\vendor\automattic\wc-calypso-bridge\languages\wc-calypso-bridge-tr_TR-09bb012e7dde92df64cb62b6649b1279.json
[2025-03-12 21:22:39] [SUCCESS] Successfully converted: C:\Users\Chris\cFish.io\wp-content\mu-plugins\wpcomsh\vendor\automattic\wc-calypso-bridge\languages\wc-calypso-bridge-tr_TR-09bb012e7dde92df64cb62b6649b1279.json
[2025-03-12 21:22:39] [INFO] Converting JSON to MD: C:\Users\Chris\cFish.io\wp-content\mu-plugins\wpcomsh\vendor\automattic\wc-calypso-bridge\languages\wc-calypso-bridge-tr_TR-9a24f2fa7a9667f948a7250d074c3a30.json
[2025-03-12 21:22:39] [SUCCESS] Successfully converted: C:\Users\Chris\cFish.io\wp-content\mu-plugins\wpcomsh\vendor\automattic\wc-calypso-bridge\languages\wc-calypso-bridge-tr_TR-9a24f2fa7a9667f948a7250d074c3a30.json
[2025-03-12 21:22:39] [INFO] Converting JSON to MD: C:\Users\Chris\cFish.io\wp-content\mu-plugins\wpcomsh\vendor\automattic\wc-calypso-bridge\languages\wc-calypso-bridge-tr_TR-b465a58df1aa4e563112b65e45dffa1c.json
[2025-03-12 21:22:39] [SUCCESS] Successfully converted: C:\Users\Chris\cFish.io\wp-content\mu-plugins\wpcomsh\vendor\automattic\wc-calypso-bridge\languages\wc-calypso-bridge-tr_TR-b465a58df1aa4e563112b65e45dffa1c.json
[2025-03-12 21:22:39] [INFO] Converting JSON to MD: C:\Users\Chris\cFish.io\wp-content\mu-plugins\wpcomsh\vendor\automattic\wc-calypso-bridge\languages\wc-calypso-bridge-tr_TR-beb9e19fb5e7cb316b39d09ff6ca8bdf.json
[2025-03-12 21:22:39] [SUCCESS] Successfully converted: C:\Users\Chris\cFish.io\wp-content\mu-plugins\wpcomsh\vendor\automattic\wc-calypso-bridge\languages\wc-calypso-bridge-tr_TR-beb9e19fb5e7cb316b39d09ff6ca8bdf.json
[2025-03-12 21:22:39] [INFO] Converting JSON to MD: C:\Users\Chris\cFish.io\wp-content\mu-plugins\wpcomsh\vendor\automattic\wc-calypso-bridge\languages\wc-calypso-bridge-tr_TR-ce1126179ccf98c51c6a61cf74680416.json
[2025-03-12 21:22:39] [SUCCESS] Successfully converted: C:\Users\Chris\cFish.io\wp-content\mu-plugins\wpcomsh\vendor\automattic\wc-calypso-bridge\languages\wc-calypso-bridge-tr_TR-ce1126179ccf98c51c6a61cf74680416.json
[2025-03-12 21:22:39] [INFO] Converting JSON to MD: C:\Users\Chris\cFish.io\wp-content\mu-plugins\wpcomsh\vendor\automattic\wc-calypso-bridge\languages\wc-calypso-bridge-tr_TR-d306b16f43f72fde801a43dea46bfd64.json
[2025-03-12 21:22:40] [SUCCESS] Successfully converted: C:\Users\Chris\cFish.io\wp-content\mu-plugins\wpcomsh\vendor\automattic\wc-calypso-bridge\languages\wc-calypso-bridge-tr_TR-d306b16f43f72fde801a43dea46bfd64.json
[2025-03-12 21:22:40] [INFO] Converting JSON to MD: C:\Users\Chris\cFish.io\wp-content\mu-plugins\wpcomsh\vendor\automattic\wc-calypso-bridge\languages\wc-calypso-bridge-tr_TR-dfbff627e6c248bcb3b61d7d06da9ca9.json
[2025-03-12 21:22:40] [SUCCESS] Successfully converted: C:\Users\Chris\cFish.io\wp-content\mu-plugins\wpcomsh\vendor\automattic\wc-calypso-bridge\languages\wc-calypso-bridge-tr_TR-dfbff627e6c248bcb3b61d7d06da9ca9.json
[2025-03-12 21:22:40] [INFO] Converting JSON to MD: C:\Users\Chris\cFish.io\wp-content\mu-plugins\wpcomsh\vendor\automattic\wc-calypso-bridge\languages\wc-calypso-bridge-zh_CN-09bb012e7dde92df64cb62b6649b1279.json
[2025-03-12 21:22:40] [SUCCESS] Successfully converted: C:\Users\Chris\cFish.io\wp-content\mu-plugins\wpcomsh\vendor\automattic\wc-calypso-bridge\languages\wc-calypso-bridge-zh_CN-09bb012e7dde92df64cb62b6649b1279.json
[2025-03-12 21:22:40] [INFO] Converting JSON to MD: C:\Users\Chris\cFish.io\wp-content\mu-plugins\wpcomsh\vendor\automattic\wc-calypso-bridge\languages\wc-calypso-bridge-zh_CN-9a24f2fa7a9667f948a7250d074c3a30.json
[2025-03-12 21:22:40] [SUCCESS] Successfully converted: C:\Users\Chris\cFish.io\wp-content\mu-plugins\wpcomsh\vendor\automattic\wc-calypso-bridge\languages\wc-calypso-bridge-zh_CN-9a24f2fa7a9667f948a7250d074c3a30.json
[2025-03-12 21:22:40] [INFO] Converting JSON to MD: C:\Users\Chris\cFish.io\wp-content\mu-plugins\wpcomsh\vendor\automattic\wc-calypso-bridge\languages\wc-calypso-bridge-zh_CN-b465a58df1aa4e563112b65e45dffa1c.json
[2025-03-12 21:22:40] [SUCCESS] Successfully converted: C:\Users\Chris\cFish.io\wp-content\mu-plugins\wpcomsh\vendor\automattic\wc-calypso-bridge\languages\wc-calypso-bridge-zh_CN-b465a58df1aa4e563112b65e45dffa1c.json
[2025-03-12 21:22:40] [INFO] Converting JSON to MD: C:\Users\Chris\cFish.io\wp-content\mu-plugins\wpcomsh\vendor\automattic\wc-calypso-bridge\languages\wc-calypso-bridge-zh_CN-beb9e19fb5e7cb316b39d09ff6ca8bdf.json
[2025-03-12 21:22:41] [SUCCESS] Successfully converted: C:\Users\Chris\cFish.io\wp-content\mu-plugins\wpcomsh\vendor\automattic\wc-calypso-bridge\languages\wc-calypso-bridge-zh_CN-beb9e19fb5e7cb316b39d09ff6ca8bdf.json
[2025-03-12 21:22:41] [INFO] Converting JSON to MD: C:\Users\Chris\cFish.io\wp-content\mu-plugins\wpcomsh\vendor\automattic\wc-calypso-bridge\languages\wc-calypso-bridge-zh_CN-ce1126179ccf98c51c6a61cf74680416.json
[2025-03-12 21:22:41] [SUCCESS] Successfully converted: C:\Users\Chris\cFish.io\wp-content\mu-plugins\wpcomsh\vendor\automattic\wc-calypso-bridge\languages\wc-calypso-bridge-zh_CN-ce1126179ccf98c51c6a61cf74680416.json
[2025-03-12 21:22:41] [INFO] Converting JSON to MD: C:\Users\Chris\cFish.io\wp-content\mu-plugins\wpcomsh\vendor\automattic\wc-calypso-bridge\languages\wc-calypso-bridge-zh_CN-d306b16f43f72fde801a43dea46bfd64.json
[2025-03-12 21:22:41] [SUCCESS] Successfully converted: C:\Users\Chris\cFish.io\wp-content\mu-plugins\wpcomsh\vendor\automattic\wc-calypso-bridge\languages\wc-calypso-bridge-zh_CN-d306b16f43f72fde801a43dea46bfd64.json
[2025-03-12 21:22:41] [INFO] Converting JSON to MD: C:\Users\Chris\cFish.io\wp-content\mu-plugins\wpcomsh\vendor\automattic\wc-calypso-bridge\languages\wc-calypso-bridge-zh_CN-dfbff627e6c248bcb3b61d7d06da9ca9.json
[2025-03-12 21:22:41] [SUCCESS] Successfully converted: C:\Users\Chris\cFish.io\wp-content\mu-plugins\wpcomsh\vendor\automattic\wc-calypso-bridge\languages\wc-calypso-bridge-zh_CN-dfbff627e6c248bcb3b61d7d06da9ca9.json
[2025-03-12 21:22:41] [INFO] Converting JSON to MD: C:\Users\Chris\cFish.io\wp-content\mu-plugins\wpcomsh\vendor\automattic\wc-calypso-bridge\languages\wc-calypso-bridge-zh_SG-09bb012e7dde92df64cb62b6649b1279.json
[2025-03-12 21:22:41] [SUCCESS] Successfully converted: C:\Users\Chris\cFish.io\wp-content\mu-plugins\wpcomsh\vendor\automattic\wc-calypso-bridge\languages\wc-calypso-bridge-zh_SG-09bb012e7dde92df64cb62b6649b1279.json
[2025-03-12 21:22:41] [INFO] Converting JSON to MD: C:\Users\Chris\cFish.io\wp-content\mu-plugins\wpcomsh\vendor\automattic\wc-calypso-bridge\languages\wc-calypso-bridge-zh_SG-9a24f2fa7a9667f948a7250d074c3a30.json
[2025-03-12 21:22:42] [SUCCESS] Successfully converted: C:\Users\Chris\cFish.io\wp-content\mu-plugins\wpcomsh\vendor\automattic\wc-calypso-bridge\languages\wc-calypso-bridge-zh_SG-9a24f2fa7a9667f948a7250d074c3a30.json
[2025-03-12 21:22:42] [INFO] Converting JSON to MD: C:\Users\Chris\cFish.io\wp-content\mu-plugins\wpcomsh\vendor\automattic\wc-calypso-bridge\languages\wc-calypso-bridge-zh_SG-b465a58df1aa4e563112b65e45dffa1c.json
[2025-03-12 21:22:42] [SUCCESS] Successfully converted: C:\Users\Chris\cFish.io\wp-content\mu-plugins\wpcomsh\vendor\automattic\wc-calypso-bridge\languages\wc-calypso-bridge-zh_SG-b465a58df1aa4e563112b65e45dffa1c.json
[2025-03-12 21:22:42] [INFO] Converting JSON to MD: C:\Users\Chris\cFish.io\wp-content\mu-plugins\wpcomsh\vendor\automattic\wc-calypso-bridge\languages\wc-calypso-bridge-zh_SG-beb9e19fb5e7cb316b39d09ff6ca8bdf.json
[2025-03-12 21:22:42] [SUCCESS] Successfully converted: C:\Users\Chris\cFish.io\wp-content\mu-plugins\wpcomsh\vendor\automattic\wc-calypso-bridge\languages\wc-calypso-bridge-zh_SG-beb9e19fb5e7cb316b39d09ff6ca8bdf.json
[2025-03-12 21:22:42] [INFO] Converting JSON to MD: C:\Users\Chris\cFish.io\wp-content\mu-plugins\wpcomsh\vendor\automattic\wc-calypso-bridge\languages\wc-calypso-bridge-zh_SG-ce1126179ccf98c51c6a61cf74680416.json
[2025-03-12 21:22:42] [SUCCESS] Successfully converted: C:\Users\Chris\cFish.io\wp-content\mu-plugins\wpcomsh\vendor\automattic\wc-calypso-bridge\languages\wc-calypso-bridge-zh_SG-ce1126179ccf98c51c6a61cf74680416.json
[2025-03-12 21:22:42] [INFO] Converting JSON to MD: C:\Users\Chris\cFish.io\wp-content\mu-plugins\wpcomsh\vendor\automattic\wc-calypso-bridge\languages\wc-calypso-bridge-zh_SG-d306b16f43f72fde801a43dea46bfd64.json
[2025-03-12 21:22:42] [SUCCESS] Successfully converted: C:\Users\Chris\cFish.io\wp-content\mu-plugins\wpcomsh\vendor\automattic\wc-calypso-bridge\languages\wc-calypso-bridge-zh_SG-d306b16f43f72fde801a43dea46bfd64.json
[2025-03-12 21:22:42] [INFO] Converting JSON to MD: C:\Users\Chris\cFish.io\wp-content\mu-plugins\wpcomsh\vendor\automattic\wc-calypso-bridge\languages\wc-calypso-bridge-zh_SG-dfbff627e6c248bcb3b61d7d06da9ca9.json
[2025-03-12 21:22:43] [SUCCESS] Successfully converted: C:\Users\Chris\cFish.io\wp-content\mu-plugins\wpcomsh\vendor\automattic\wc-calypso-bridge\languages\wc-calypso-bridge-zh_SG-dfbff627e6c248bcb3b61d7d06da9ca9.json
[2025-03-12 21:22:43] [INFO] Converting JSON to MD: C:\Users\Chris\cFish.io\wp-content\mu-plugins\wpcomsh\vendor\automattic\wc-calypso-bridge\languages\wc-calypso-bridge-zh_TW-09bb012e7dde92df64cb62b6649b1279.json
[2025-03-12 21:22:43] [SUCCESS] Successfully converted: C:\Users\Chris\cFish.io\wp-content\mu-plugins\wpcomsh\vendor\automattic\wc-calypso-bridge\languages\wc-calypso-bridge-zh_TW-09bb012e7dde92df64cb62b6649b1279.json
[2025-03-12 21:22:43] [INFO] Converting JSON to MD: C:\Users\Chris\cFish.io\wp-content\mu-plugins\wpcomsh\vendor\automattic\wc-calypso-bridge\languages\wc-calypso-bridge-zh_TW-9a24f2fa7a9667f948a7250d074c3a30.json
[2025-03-12 21:22:43] [SUCCESS] Successfully converted: C:\Users\Chris\cFish.io\wp-content\mu-plugins\wpcomsh\vendor\automattic\wc-calypso-bridge\languages\wc-calypso-bridge-zh_TW-9a24f2fa7a9667f948a7250d074c3a30.json
[2025-03-12 21:22:43] [INFO] Converting JSON to MD: C:\Users\Chris\cFish.io\wp-content\mu-plugins\wpcomsh\vendor\automattic\wc-calypso-bridge\languages\wc-calypso-bridge-zh_TW-b465a58df1aa4e563112b65e45dffa1c.json
[2025-03-12 21:22:43] [SUCCESS] Successfully converted: C:\Users\Chris\cFish.io\wp-content\mu-plugins\wpcomsh\vendor\automattic\wc-calypso-bridge\languages\wc-calypso-bridge-zh_TW-b465a58df1aa4e563112b65e45dffa1c.json
[2025-03-12 21:22:43] [INFO] Converting JSON to MD: C:\Users\Chris\cFish.io\wp-content\mu-plugins\wpcomsh\vendor\automattic\wc-calypso-bridge\languages\wc-calypso-bridge-zh_TW-beb9e19fb5e7cb316b39d09ff6ca8bdf.json
[2025-03-12 21:22:43] [SUCCESS] Successfully converted: C:\Users\Chris\cFish.io\wp-content\mu-plugins\wpcomsh\vendor\automattic\wc-calypso-bridge\languages\wc-calypso-bridge-zh_TW-beb9e19fb5e7cb316b39d09ff6ca8bdf.json
[2025-03-12 21:22:43] [INFO] Converting JSON to MD: C:\Users\Chris\cFish.io\wp-content\mu-plugins\wpcomsh\vendor\automattic\wc-calypso-bridge\languages\wc-calypso-bridge-zh_TW-ce1126179ccf98c51c6a61cf74680416.json
[2025-03-12 21:22:44] [SUCCESS] Successfully converted: C:\Users\Chris\cFish.io\wp-content\mu-plugins\wpcomsh\vendor\automattic\wc-calypso-bridge\languages\wc-calypso-bridge-zh_TW-ce1126179ccf98c51c6a61cf74680416.json
[2025-03-12 21:22:44] [INFO] Converting JSON to MD: C:\Users\Chris\cFish.io\wp-content\mu-plugins\wpcomsh\vendor\automattic\wc-calypso-bridge\languages\wc-calypso-bridge-zh_TW-d306b16f43f72fde801a43dea46bfd64.json
[2025-03-12 21:22:44] [SUCCESS] Successfully converted: C:\Users\Chris\cFish.io\wp-content\mu-plugins\wpcomsh\vendor\automattic\wc-calypso-bridge\languages\wc-calypso-bridge-zh_TW-d306b16f43f72fde801a43dea46bfd64.json
[2025-03-12 21:22:44] [INFO] Converting JSON to MD: C:\Users\Chris\cFish.io\wp-content\mu-plugins\wpcomsh\vendor\automattic\wc-calypso-bridge\languages\wc-calypso-bridge-zh_TW-dfbff627e6c248bcb3b61d7d06da9ca9.json
[2025-03-12 21:22:44] [SUCCESS] Successfully converted: C:\Users\Chris\cFish.io\wp-content\mu-plugins\wpcomsh\vendor\automattic\wc-calypso-bridge\languages\wc-calypso-bridge-zh_TW-dfbff627e6c248bcb3b61d7d06da9ca9.json
[2025-03-12 21:22:44] [INFO] Converting JSON to MD: C:\Users\Chris\cFish.io\wp-content\mu-plugins\wpcomsh\vendor\composer\installed.json
[2025-03-12 21:22:44] [SUCCESS] Successfully converted: C:\Users\Chris\cFish.io\wp-content\mu-plugins\wpcomsh\vendor\composer\installed.json
[2025-03-12 21:22:44] [INFO] Converting JSON to MD: C:\Users\Chris\cFish.io\wp-content\mu-plugins\wpcomsh\vendor\scssphp\scssphp\composer.json
[2025-03-12 21:22:44] [SUCCESS] Successfully converted: C:\Users\Chris\cFish.io\wp-content\mu-plugins\wpcomsh\vendor\scssphp\scssphp\composer.json
[2025-03-12 21:22:44] [INFO] Converting JSON to MD: C:\Users\Chris\cFish.io\wp-content\mu-plugins\wpcomsh\vendor\tubalmartin\cssmin\composer.json
[2025-03-12 21:22:44] [SUCCESS] Successfully converted: C:\Users\Chris\cFish.io\wp-content\mu-plugins\wpcomsh\vendor\tubalmartin\cssmin\composer.json
[2025-03-12 21:22:45] [INFO] Converting JSON to MD: C:\Users\Chris\cFish.io\wp-content\plugins\buttonizer-multifunctional-button\assets\app\manifest.json
[2025-03-12 21:22:45] [SUCCESS] Successfully converted: C:\Users\Chris\cFish.io\wp-content\plugins\buttonizer-multifunctional-button\assets\app\manifest.json
[2025-03-12 21:22:45] [INFO] Converting JSON to MD: C:\Users\Chris\cFish.io\wp-content\plugins\buttonizer-multifunctional-button\assets\legacy\templates.json
[2025-03-12 21:22:45] [SUCCESS] Successfully converted: C:\Users\Chris\cFish.io\wp-content\plugins\buttonizer-multifunctional-button\assets\legacy\templates.json
[2025-03-12 21:22:45] [INFO] Converting JSON to MD: C:\Users\Chris\cFish.io\wp-content\plugins\buttonizer-multifunctional-button\assets\legacy\icon_definitions\fontawesome.4.7.0.json
[2025-03-12 21:22:45] [SUCCESS] Successfully converted: C:\Users\Chris\cFish.io\wp-content\plugins\buttonizer-multifunctional-button\assets\legacy\icon_definitions\fontawesome.4.7.0.json
[2025-03-12 21:22:45] [INFO] Converting JSON to MD: C:\Users\Chris\cFish.io\wp-content\plugins\buttonizer-multifunctional-button\assets\legacy\icon_definitions\fontawesome.5.free.json
[2025-03-12 21:22:45] [SUCCESS] Successfully converted: C:\Users\Chris\cFish.io\wp-content\plugins\buttonizer-multifunctional-button\assets\legacy\icon_definitions\fontawesome.5.free.json
[2025-03-12 21:22:45] [INFO] Converting JSON to MD: C:\Users\Chris\cFish.io\wp-content\plugins\buttonizer-multifunctional-button\assets\legacy\icon_definitions\fontawesome.5.paid.json
[2025-03-12 21:22:45] [SUCCESS] Successfully converted: C:\Users\Chris\cFish.io\wp-content\plugins\buttonizer-multifunctional-button\assets\legacy\icon_definitions\fontawesome.5.paid.json
[2025-03-12 21:22:46] [INFO] Converting JSON to MD: C:\Users\Chris\cFish.io\wp-content\plugins\buttonizer-multifunctional-button\assets\legacy\locale\en.json
[2025-03-12 21:22:46] [SUCCESS] Successfully converted: C:\Users\Chris\cFish.io\wp-content\plugins\buttonizer-multifunctional-button\assets\legacy\locale\en.json
[2025-03-12 21:22:46] [INFO] Converting JSON to MD: C:\Users\Chris\cFish.io\wp-content\plugins\buttonizer-multifunctional-button\assets\legacy\locale\it.json
[2025-03-12 21:22:46] [SUCCESS] Successfully converted: C:\Users\Chris\cFish.io\wp-content\plugins\buttonizer-multifunctional-button\assets\legacy\locale\it.json
[2025-03-12 21:22:46] [INFO] Converting JSON to MD: C:\Users\Chris\cFish.io\wp-content\plugins\buttonizer-multifunctional-button\assets\legacy\locale\nl.json
[2025-03-12 21:22:46] [SUCCESS] Successfully converted: C:\Users\Chris\cFish.io\wp-content\plugins\buttonizer-multifunctional-button\assets\legacy\locale\nl.json
[2025-03-12 21:22:46] [INFO] Converting JSON to MD: C:\Users\Chris\cFish.io\wp-content\plugins\buttonizer-multifunctional-button\assets\legacy\locale\pt_br.json
[2025-03-12 21:22:46] [SUCCESS] Successfully converted: C:\Users\Chris\cFish.io\wp-content\plugins\buttonizer-multifunctional-button\assets\legacy\locale\pt_br.json
[2025-03-12 21:22:46] [INFO] Converting JSON to MD: C:\Users\Chris\cFish.io\wp-content\plugins\buttonizer-multifunctional-button\assets\legacy\locale\ro_ro.json
[2025-03-12 21:22:46] [SUCCESS] Successfully converted: C:\Users\Chris\cFish.io\wp-content\plugins\buttonizer-multifunctional-button\assets\legacy\locale\ro_ro.json
[2025-03-12 21:22:47] [INFO] Converting JSON to MD: C:\Users\Chris\cFish.io\wp-content\plugins\buttonizer-multifunctional-button\assets\legacy\locale\tr_tr.json
[2025-03-12 21:22:47] [SUCCESS] Successfully converted: C:\Users\Chris\cFish.io\wp-content\plugins\buttonizer-multifunctional-button\assets\legacy\locale\tr_tr.json
[2025-03-12 21:22:47] [INFO] Converting JSON to MD: C:\Users\Chris\cFish.io\wp-content\plugins\buttonizer-multifunctional-button\assets\legacy\templates\templates.json
[2025-03-12 21:22:47] [SUCCESS] Successfully converted: C:\Users\Chris\cFish.io\wp-content\plugins\buttonizer-multifunctional-button\assets\legacy\templates\templates.json
[2025-03-12 21:22:47] [INFO] Converting JSON to MD: C:\Users\Chris\cFish.io\wp-content\plugins\chaty-pro\mix-manifest.json
[2025-03-12 21:22:47] [SUCCESS] Successfully converted: C:\Users\Chris\cFish.io\wp-content\plugins\chaty-pro\mix-manifest.json
[2025-03-12 21:22:47] [INFO] Converting JSON to MD: C:\Users\Chris\cFish.io\wp-content\plugins\chaty-pro\package-lock.json
[2025-03-12 21:22:47] [INFO] Skipping excluded file: C:\Users\Chris\cFish.io\wp-content\plugins\chaty-pro\package-lock.json
[2025-03-12 21:22:47] [INFO] Converting JSON to MD: C:\Users\Chris\cFish.io\wp-content\plugins\chaty-pro\package.json
[2025-03-12 21:22:47] [SUCCESS] Successfully converted: C:\Users\Chris\cFish.io\wp-content\plugins\chaty-pro\package.json
[2025-03-12 21:22:48] [INFO] Converting JSON to MD: C:\Users\Chris\cFish.io\wp-content\plugins\classic-editor\languages\classic-editor-af-c1bbe2bfe9e42fa4cb2b2af27b321ad3.json
[2025-03-12 21:22:48] [SUCCESS] Successfully converted: C:\Users\Chris\cFish.io\wp-content\plugins\classic-editor\languages\classic-editor-af-c1bbe2bfe9e42fa4cb2b2af27b321ad3.json
[2025-03-12 21:22:48] [INFO] Converting JSON to MD: C:\Users\Chris\cFish.io\wp-content\plugins\classic-editor\languages\classic-editor-ar-c1bbe2bfe9e42fa4cb2b2af27b321ad3.json
[2025-03-12 21:22:48] [SUCCESS] Successfully converted: C:\Users\Chris\cFish.io\wp-content\plugins\classic-editor\languages\classic-editor-ar-c1bbe2bfe9e42fa4cb2b2af27b321ad3.json
[2025-03-12 21:22:48] [INFO] Converting JSON to MD: C:\Users\Chris\cFish.io\wp-content\plugins\classic-editor\languages\classic-editor-ca-c1bbe2bfe9e42fa4cb2b2af27b321ad3.json
[2025-03-12 21:22:48] [SUCCESS] Successfully converted: C:\Users\Chris\cFish.io\wp-content\plugins\classic-editor\languages\classic-editor-ca-c1bbe2bfe9e42fa4cb2b2af27b321ad3.json
[2025-03-12 21:22:48] [INFO] Converting JSON to MD: C:\Users\Chris\cFish.io\wp-content\plugins\classic-editor\languages\classic-editor-cs_CZ-c1bbe2bfe9e42fa4cb2b2af27b321ad3.json
[2025-03-12 21:22:48] [SUCCESS] Successfully converted: C:\Users\Chris\cFish.io\wp-content\plugins\classic-editor\languages\classic-editor-cs_CZ-c1bbe2bfe9e42fa4cb2b2af27b321ad3.json
[2025-03-12 21:22:48] [INFO] Converting JSON to MD: C:\Users\Chris\cFish.io\wp-content\plugins\classic-editor\languages\classic-editor-cy-c1bbe2bfe9e42fa4cb2b2af27b321ad3.json
[2025-03-12 21:22:48] [SUCCESS] Successfully converted: C:\Users\Chris\cFish.io\wp-content\plugins\classic-editor\languages\classic-editor-cy-c1bbe2bfe9e42fa4cb2b2af27b321ad3.json
[2025-03-12 21:22:49] [INFO] Converting JSON to MD: C:\Users\Chris\cFish.io\wp-content\plugins\classic-editor\languages\classic-editor-da_DK-c1bbe2bfe9e42fa4cb2b2af27b321ad3.json
[2025-03-12 21:22:49] [SUCCESS] Successfully converted: C:\Users\Chris\cFish.io\wp-content\plugins\classic-editor\languages\classic-editor-da_DK-c1bbe2bfe9e42fa4cb2b2af27b321ad3.json
[2025-03-12 21:22:49] [INFO] Converting JSON to MD: C:\Users\Chris\cFish.io\wp-content\plugins\classic-editor\languages\classic-editor-de_DE-c1bbe2bfe9e42fa4cb2b2af27b321ad3.json
[2025-03-12 21:22:49] [SUCCESS] Successfully converted: C:\Users\Chris\cFish.io\wp-content\plugins\classic-editor\languages\classic-editor-de_DE-c1bbe2bfe9e42fa4cb2b2af27b321ad3.json
[2025-03-12 21:22:49] [INFO] Converting JSON to MD: C:\Users\Chris\cFish.io\wp-content\plugins\classic-editor\languages\classic-editor-de_DE_formal-c1bbe2bfe9e42fa4cb2b2af27b321ad3.json
[2025-03-12 21:22:49] [SUCCESS] Successfully converted: C:\Users\Chris\cFish.io\wp-content\plugins\classic-editor\languages\classic-editor-de_DE_formal-c1bbe2bfe9e42fa4cb2b2af27b321ad3.json
[2025-03-12 21:22:49] [INFO] Converting JSON to MD: C:\Users\Chris\cFish.io\wp-content\plugins\classic-editor\languages\classic-editor-el-c1bbe2bfe9e42fa4cb2b2af27b321ad3.json
[2025-03-12 21:22:49] [SUCCESS] Successfully converted: C:\Users\Chris\cFish.io\wp-content\plugins\classic-editor\languages\classic-editor-el-c1bbe2bfe9e42fa4cb2b2af27b321ad3.json
[2025-03-12 21:22:49] [INFO] Converting JSON to MD: C:\Users\Chris\cFish.io\wp-content\plugins\classic-editor\languages\classic-editor-en_AU-c1bbe2bfe9e42fa4cb2b2af27b321ad3.json
[2025-03-12 21:22:49] [SUCCESS] Successfully converted: C:\Users\Chris\cFish.io\wp-content\plugins\classic-editor\languages\classic-editor-en_AU-c1bbe2bfe9e42fa4cb2b2af27b321ad3.json
[2025-03-12 21:22:50] [INFO] Converting JSON to MD: C:\Users\Chris\cFish.io\wp-content\plugins\classic-editor\languages\classic-editor-en_CA-c1bbe2bfe9e42fa4cb2b2af27b321ad3.json
[2025-03-12 21:22:50] [SUCCESS] Successfully converted: C:\Users\Chris\cFish.io\wp-content\plugins\classic-editor\languages\classic-editor-en_CA-c1bbe2bfe9e42fa4cb2b2af27b321ad3.json
[2025-03-12 21:22:50] [INFO] Converting JSON to MD: C:\Users\Chris\cFish.io\wp-content\plugins\classic-editor\languages\classic-editor-en_GB-c1bbe2bfe9e42fa4cb2b2af27b321ad3.json
[2025-03-12 21:22:50] [SUCCESS] Successfully converted: C:\Users\Chris\cFish.io\wp-content\plugins\classic-editor\languages\classic-editor-en_GB-c1bbe2bfe9e42fa4cb2b2af27b321ad3.json
[2025-03-12 21:22:50] [INFO] Converting JSON to MD: C:\Users\Chris\cFish.io\wp-content\plugins\classic-editor\languages\classic-editor-en_NZ-c1bbe2bfe9e42fa4cb2b2af27b321ad3.json
[2025-03-12 21:22:50] [SUCCESS] Successfully converted: C:\Users\Chris\cFish.io\wp-content\plugins\classic-editor\languages\classic-editor-en_NZ-c1bbe2bfe9e42fa4cb2b2af27b321ad3.json
[2025-03-12 21:22:50] [INFO] Converting JSON to MD: C:\Users\Chris\cFish.io\wp-content\plugins\classic-editor\languages\classic-editor-en_ZA-c1bbe2bfe9e42fa4cb2b2af27b321ad3.json
[2025-03-12 21:22:50] [SUCCESS] Successfully converted: C:\Users\Chris\cFish.io\wp-content\plugins\classic-editor\languages\classic-editor-en_ZA-c1bbe2bfe9e42fa4cb2b2af27b321ad3.json
[2025-03-12 21:22:50] [INFO] Converting JSON to MD: C:\Users\Chris\cFish.io\wp-content\plugins\classic-editor\languages\classic-editor-es_CL-c1bbe2bfe9e42fa4cb2b2af27b321ad3.json
[2025-03-12 21:22:50] [SUCCESS] Successfully converted: C:\Users\Chris\cFish.io\wp-content\plugins\classic-editor\languages\classic-editor-es_CL-c1bbe2bfe9e42fa4cb2b2af27b321ad3.json
[2025-03-12 21:22:51] [INFO] Converting JSON to MD: C:\Users\Chris\cFish.io\wp-content\plugins\classic-editor\languages\classic-editor-es_CO-c1bbe2bfe9e42fa4cb2b2af27b321ad3.json
[2025-03-12 21:22:51] [SUCCESS] Successfully converted: C:\Users\Chris\cFish.io\wp-content\plugins\classic-editor\languages\classic-editor-es_CO-c1bbe2bfe9e42fa4cb2b2af27b321ad3.json
[2025-03-12 21:22:51] [INFO] Converting JSON to MD: C:\Users\Chris\cFish.io\wp-content\plugins\classic-editor\languages\classic-editor-es_ES-c1bbe2bfe9e42fa4cb2b2af27b321ad3.json
[2025-03-12 21:22:51] [SUCCESS] Successfully converted: C:\Users\Chris\cFish.io\wp-content\plugins\classic-editor\languages\classic-editor-es_ES-c1bbe2bfe9e42fa4cb2b2af27b321ad3.json
[2025-03-12 21:22:51] [INFO] Converting JSON to MD: C:\Users\Chris\cFish.io\wp-content\plugins\classic-editor\languages\classic-editor-es_MX-c1bbe2bfe9e42fa4cb2b2af27b321ad3.json
[2025-03-12 21:22:51] [SUCCESS] Successfully converted: C:\Users\Chris\cFish.io\wp-content\plugins\classic-editor\languages\classic-editor-es_MX-c1bbe2bfe9e42fa4cb2b2af27b321ad3.json
[2025-03-12 21:22:51] [INFO] Converting JSON to MD: C:\Users\Chris\cFish.io\wp-content\plugins\classic-editor\languages\classic-editor-fa_IR-c1bbe2bfe9e42fa4cb2b2af27b321ad3.json
[2025-03-12 21:22:51] [SUCCESS] Successfully converted: C:\Users\Chris\cFish.io\wp-content\plugins\classic-editor\languages\classic-editor-fa_IR-c1bbe2bfe9e42fa4cb2b2af27b321ad3.json
[2025-03-12 21:22:51] [INFO] Converting JSON to MD: C:\Users\Chris\cFish.io\wp-content\plugins\classic-editor\languages\classic-editor-fr_FR-c1bbe2bfe9e42fa4cb2b2af27b321ad3.json
[2025-03-12 21:22:51] [SUCCESS] Successfully converted: C:\Users\Chris\cFish.io\wp-content\plugins\classic-editor\languages\classic-editor-fr_FR-c1bbe2bfe9e42fa4cb2b2af27b321ad3.json
[2025-03-12 21:22:52] [INFO] Converting JSON to MD: C:\Users\Chris\cFish.io\wp-content\plugins\classic-editor\languages\classic-editor-gl_ES-c1bbe2bfe9e42fa4cb2b2af27b321ad3.json
[2025-03-12 21:22:52] [SUCCESS] Successfully converted: C:\Users\Chris\cFish.io\wp-content\plugins\classic-editor\languages\classic-editor-gl_ES-c1bbe2bfe9e42fa4cb2b2af27b321ad3.json
[2025-03-12 21:22:52] [INFO] Converting JSON to MD: C:\Users\Chris\cFish.io\wp-content\plugins\classic-editor\languages\classic-editor-hr-c1bbe2bfe9e42fa4cb2b2af27b321ad3.json
[2025-03-12 21:22:52] [SUCCESS] Successfully converted: C:\Users\Chris\cFish.io\wp-content\plugins\classic-editor\languages\classic-editor-hr-c1bbe2bfe9e42fa4cb2b2af27b321ad3.json
[2025-03-12 21:22:52] [INFO] Converting JSON to MD: C:\Users\Chris\cFish.io\wp-content\plugins\classic-editor\languages\classic-editor-it_IT-c1bbe2bfe9e42fa4cb2b2af27b321ad3.json
[2025-03-12 21:22:52] [SUCCESS] Successfully converted: C:\Users\Chris\cFish.io\wp-content\plugins\classic-editor\languages\classic-editor-it_IT-c1bbe2bfe9e42fa4cb2b2af27b321ad3.json
[2025-03-12 21:22:52] [INFO] Converting JSON to MD: C:\Users\Chris\cFish.io\wp-content\plugins\classic-editor\languages\classic-editor-ja-c1bbe2bfe9e42fa4cb2b2af27b321ad3.json
[2025-03-12 21:22:52] [SUCCESS] Successfully converted: C:\Users\Chris\cFish.io\wp-content\plugins\classic-editor\languages\classic-editor-ja-c1bbe2bfe9e42fa4cb2b2af27b321ad3.json
[2025-03-12 21:22:52] [INFO] Converting JSON to MD: C:\Users\Chris\cFish.io\wp-content\plugins\classic-editor\languages\classic-editor-ko_KR-c1bbe2bfe9e42fa4cb2b2af27b321ad3.json
[2025-03-12 21:22:52] [SUCCESS] Successfully converted: C:\Users\Chris\cFish.io\wp-content\plugins\classic-editor\languages\classic-editor-ko_KR-c1bbe2bfe9e42fa4cb2b2af27b321ad3.json
[2025-03-12 21:22:53] [INFO] Converting JSON to MD: C:\Users\Chris\cFish.io\wp-content\plugins\classic-editor\languages\classic-editor-nb_NO-c1bbe2bfe9e42fa4cb2b2af27b321ad3.json
[2025-03-12 21:22:53] [SUCCESS] Successfully converted: C:\Users\Chris\cFish.io\wp-content\plugins\classic-editor\languages\classic-editor-nb_NO-c1bbe2bfe9e42fa4cb2b2af27b321ad3.json
[2025-03-12 21:22:53] [INFO] Converting JSON to MD: C:\Users\Chris\cFish.io\wp-content\plugins\classic-editor\languages\classic-editor-nl_BE-c1bbe2bfe9e42fa4cb2b2af27b321ad3.json
[2025-03-12 21:22:53] [SUCCESS] Successfully converted: C:\Users\Chris\cFish.io\wp-content\plugins\classic-editor\languages\classic-editor-nl_BE-c1bbe2bfe9e42fa4cb2b2af27b321ad3.json
[2025-03-12 21:22:53] [INFO] Converting JSON to MD: C:\Users\Chris\cFish.io\wp-content\plugins\classic-editor\languages\classic-editor-nl_NL-c1bbe2bfe9e42fa4cb2b2af27b321ad3.json
[2025-03-12 21:22:53] [SUCCESS] Successfully converted: C:\Users\Chris\cFish.io\wp-content\plugins\classic-editor\languages\classic-editor-nl_NL-c1bbe2bfe9e42fa4cb2b2af27b321ad3.json
[2025-03-12 21:22:53] [INFO] Converting JSON to MD: C:\Users\Chris\cFish.io\wp-content\plugins\classic-editor\languages\classic-editor-nl_NL_formal-c1bbe2bfe9e42fa4cb2b2af27b321ad3.json
[2025-03-12 21:22:53] [SUCCESS] Successfully converted: C:\Users\Chris\cFish.io\wp-content\plugins\classic-editor\languages\classic-editor-nl_NL_formal-c1bbe2bfe9e42fa4cb2b2af27b321ad3.json
[2025-03-12 21:22:53] [INFO] Converting JSON to MD: C:\Users\Chris\cFish.io\wp-content\plugins\classic-editor\languages\classic-editor-pl_PL-c1bbe2bfe9e42fa4cb2b2af27b321ad3.json
[2025-03-12 21:22:53] [SUCCESS] Successfully converted: C:\Users\Chris\cFish.io\wp-content\plugins\classic-editor\languages\classic-editor-pl_PL-c1bbe2bfe9e42fa4cb2b2af27b321ad3.json
[2025-03-12 21:22:54] [INFO] Converting JSON to MD: C:\Users\Chris\cFish.io\wp-content\plugins\classic-editor\languages\classic-editor-pt_BR-c1bbe2bfe9e42fa4cb2b2af27b321ad3.json
[2025-03-12 21:22:54] [SUCCESS] Successfully converted: C:\Users\Chris\cFish.io\wp-content\plugins\classic-editor\languages\classic-editor-pt_BR-c1bbe2bfe9e42fa4cb2b2af27b321ad3.json
[2025-03-12 21:22:54] [INFO] Converting JSON to MD: C:\Users\Chris\cFish.io\wp-content\plugins\classic-editor\languages\classic-editor-pt_PT-c1bbe2bfe9e42fa4cb2b2af27b321ad3.json
[2025-03-12 21:22:54] [SUCCESS] Successfully converted: C:\Users\Chris\cFish.io\wp-content\plugins\classic-editor\languages\classic-editor-pt_PT-c1bbe2bfe9e42fa4cb2b2af27b321ad3.json
[2025-03-12 21:22:54] [INFO] Converting JSON to MD: C:\Users\Chris\cFish.io\wp-content\plugins\classic-editor\languages\classic-editor-ro_RO-c1bbe2bfe9e42fa4cb2b2af27b321ad3.json
[2025-03-12 21:22:54] [SUCCESS] Successfully converted: C:\Users\Chris\cFish.io\wp-content\plugins\classic-editor\languages\classic-editor-ro_RO-c1bbe2bfe9e42fa4cb2b2af27b321ad3.json
[2025-03-12 21:22:54] [INFO] Converting JSON to MD: C:\Users\Chris\cFish.io\wp-content\plugins\classic-editor\languages\classic-editor-ru_RU-c1bbe2bfe9e42fa4cb2b2af27b321ad3.json
[2025-03-12 21:22:54] [SUCCESS] Successfully converted: C:\Users\Chris\cFish.io\wp-content\plugins\classic-editor\languages\classic-editor-ru_RU-c1bbe2bfe9e42fa4cb2b2af27b321ad3.json
[2025-03-12 21:22:54] [INFO] Converting JSON to MD: C:\Users\Chris\cFish.io\wp-content\plugins\classic-editor\languages\classic-editor-sr_RS-c1bbe2bfe9e42fa4cb2b2af27b321ad3.json
[2025-03-12 21:22:54] [SUCCESS] Successfully converted: C:\Users\Chris\cFish.io\wp-content\plugins\classic-editor\languages\classic-editor-sr_RS-c1bbe2bfe9e42fa4cb2b2af27b321ad3.json
[2025-03-12 21:22:55] [INFO] Converting JSON to MD: C:\Users\Chris\cFish.io\wp-content\plugins\classic-editor\languages\classic-editor-sv_SE-c1bbe2bfe9e42fa4cb2b2af27b321ad3.json
[2025-03-12 21:22:55] [SUCCESS] Successfully converted: C:\Users\Chris\cFish.io\wp-content\plugins\classic-editor\languages\classic-editor-sv_SE-c1bbe2bfe9e42fa4cb2b2af27b321ad3.json
[2025-03-12 21:22:55] [INFO] Converting JSON to MD: C:\Users\Chris\cFish.io\wp-content\plugins\classic-editor\languages\classic-editor-tr_TR-c1bbe2bfe9e42fa4cb2b2af27b321ad3.json
[2025-03-12 21:22:55] [SUCCESS] Successfully converted: C:\Users\Chris\cFish.io\wp-content\plugins\classic-editor\languages\classic-editor-tr_TR-c1bbe2bfe9e42fa4cb2b2af27b321ad3.json
[2025-03-12 21:22:55] [INFO] Converting JSON to MD: C:\Users\Chris\cFish.io\wp-content\plugins\classic-editor\languages\classic-editor-uk-c1bbe2bfe9e42fa4cb2b2af27b321ad3.json
[2025-03-12 21:22:55] [SUCCESS] Successfully converted: C:\Users\Chris\cFish.io\wp-content\plugins\classic-editor\languages\classic-editor-uk-c1bbe2bfe9e42fa4cb2b2af27b321ad3.json
[2025-03-12 21:22:55] [INFO] Converting JSON to MD: C:\Users\Chris\cFish.io\wp-content\plugins\classic-editor\languages\classic-editor-zh_CN-c1bbe2bfe9e42fa4cb2b2af27b321ad3.json
[2025-03-12 21:22:55] [SUCCESS] Successfully converted: C:\Users\Chris\cFish.io\wp-content\plugins\classic-editor\languages\classic-editor-zh_CN-c1bbe2bfe9e42fa4cb2b2af27b321ad3.json
[2025-03-12 21:22:55] [INFO] Converting JSON to MD: C:\Users\Chris\cFish.io\wp-content\plugins\classic-editor\languages\classic-editor-zh_HK-c1bbe2bfe9e42fa4cb2b2af27b321ad3.json
[2025-03-12 21:22:55] [SUCCESS] Successfully converted: C:\Users\Chris\cFish.io\wp-content\plugins\classic-editor\languages\classic-editor-zh_HK-c1bbe2bfe9e42fa4cb2b2af27b321ad3.json
[2025-03-12 21:22:56] [INFO] Converting JSON to MD: C:\Users\Chris\cFish.io\wp-content\plugins\classic-editor\languages\classic-editor-zh_TW-c1bbe2bfe9e42fa4cb2b2af27b321ad3.json
[2025-03-12 21:22:56] [SUCCESS] Successfully converted: C:\Users\Chris\cFish.io\wp-content\plugins\classic-editor\languages\classic-editor-zh_TW-c1bbe2bfe9e42fa4cb2b2af27b321ad3.json
[2025-03-12 21:22:56] [INFO] Converting JSON to MD: C:\Users\Chris\cFish.io\wp-content\plugins\crowdsignal-forms\languages\crowdsignal-forms-ar-3eb8c3c333b5bd2aa55752fd1590cb50.json
[2025-03-12 21:22:56] [SUCCESS] Successfully converted: C:\Users\Chris\cFish.io\wp-content\plugins\crowdsignal-forms\languages\crowdsignal-forms-ar-3eb8c3c333b5bd2aa55752fd1590cb50.json
[2025-03-12 21:22:56] [INFO] Converting JSON to MD: C:\Users\Chris\cFish.io\wp-content\plugins\crowdsignal-forms\languages\crowdsignal-forms-ar-7429dc15a4e92ac5ef87a7c83f0bd5d6.json
[2025-03-12 21:22:56] [SUCCESS] Successfully converted: C:\Users\Chris\cFish.io\wp-content\plugins\crowdsignal-forms\languages\crowdsignal-forms-ar-7429dc15a4e92ac5ef87a7c83f0bd5d6.json
[2025-03-12 21:22:56] [INFO] Converting JSON to MD: C:\Users\Chris\cFish.io\wp-content\plugins\crowdsignal-forms\languages\crowdsignal-forms-ar-7b010e77029d3be8254e946ac6930a21.json
[2025-03-12 21:22:56] [SUCCESS] Successfully converted: C:\Users\Chris\cFish.io\wp-content\plugins\crowdsignal-forms\languages\crowdsignal-forms-ar-7b010e77029d3be8254e946ac6930a21.json
[2025-03-12 21:22:56] [INFO] Converting JSON to MD: C:\Users\Chris\cFish.io\wp-content\plugins\crowdsignal-forms\languages\crowdsignal-forms-ar-a74d8ffb2e7d635859cbaad86cef8778.json
[2025-03-12 21:22:56] [SUCCESS] Successfully converted: C:\Users\Chris\cFish.io\wp-content\plugins\crowdsignal-forms\languages\crowdsignal-forms-ar-a74d8ffb2e7d635859cbaad86cef8778.json
[2025-03-12 21:22:57] [INFO] Converting JSON to MD: C:\Users\Chris\cFish.io\wp-content\plugins\crowdsignal-forms\languages\crowdsignal-forms-ar-bd9d846c46a7db932132769a31899831.json
[2025-03-12 21:22:57] [SUCCESS] Successfully converted: C:\Users\Chris\cFish.io\wp-content\plugins\crowdsignal-forms\languages\crowdsignal-forms-ar-bd9d846c46a7db932132769a31899831.json
[2025-03-12 21:22:57] [INFO] Converting JSON to MD: C:\Users\Chris\cFish.io\wp-content\plugins\crowdsignal-forms\languages\crowdsignal-forms-ar-c1a59a14ff89b3c84b4c8dca6b2b50f4.json
[2025-03-12 21:22:57] [SUCCESS] Successfully converted: C:\Users\Chris\cFish.io\wp-content\plugins\crowdsignal-forms\languages\crowdsignal-forms-ar-c1a59a14ff89b3c84b4c8dca6b2b50f4.json
[2025-03-12 21:22:57] [INFO] Converting JSON to MD: C:\Users\Chris\cFish.io\wp-content\plugins\crowdsignal-forms\languages\crowdsignal-forms-de_DE-3eb8c3c333b5bd2aa55752fd1590cb50.json
[2025-03-12 21:22:57] [SUCCESS] Successfully converted: C:\Users\Chris\cFish.io\wp-content\plugins\crowdsignal-forms\languages\crowdsignal-forms-de_DE-3eb8c3c333b5bd2aa55752fd1590cb50.json
[2025-03-12 21:22:57] [INFO] Converting JSON to MD: C:\Users\Chris\cFish.io\wp-content\plugins\crowdsignal-forms\languages\crowdsignal-forms-de_DE-7429dc15a4e92ac5ef87a7c83f0bd5d6.json
[2025-03-12 21:22:57] [SUCCESS] Successfully converted: C:\Users\Chris\cFish.io\wp-content\plugins\crowdsignal-forms\languages\crowdsignal-forms-de_DE-7429dc15a4e92ac5ef87a7c83f0bd5d6.json
[2025-03-12 21:22:57] [INFO] Converting JSON to MD: C:\Users\Chris\cFish.io\wp-content\plugins\crowdsignal-forms\languages\crowdsignal-forms-de_DE-7b010e77029d3be8254e946ac6930a21.json
[2025-03-12 21:22:57] [SUCCESS] Successfully converted: C:\Users\Chris\cFish.io\wp-content\plugins\crowdsignal-forms\languages\crowdsignal-forms-de_DE-7b010e77029d3be8254e946ac6930a21.json
[2025-03-12 21:22:58] [INFO] Converting JSON to MD: C:\Users\Chris\cFish.io\wp-content\plugins\crowdsignal-forms\languages\crowdsignal-forms-de_DE-a74d8ffb2e7d635859cbaad86cef8778.json
[2025-03-12 21:22:58] [SUCCESS] Successfully converted: C:\Users\Chris\cFish.io\wp-content\plugins\crowdsignal-forms\languages\crowdsignal-forms-de_DE-a74d8ffb2e7d635859cbaad86cef8778.json
[2025-03-12 21:22:58] [INFO] Converting JSON to MD: C:\Users\Chris\cFish.io\wp-content\plugins\crowdsignal-forms\languages\crowdsignal-forms-de_DE-bd9d846c46a7db932132769a31899831.json
[2025-03-12 21:22:58] [SUCCESS] Successfully converted: C:\Users\Chris\cFish.io\wp-content\plugins\crowdsignal-forms\languages\crowdsignal-forms-de_DE-bd9d846c46a7db932132769a31899831.json
[2025-03-12 21:22:58] [INFO] Converting JSON to MD: C:\Users\Chris\cFish.io\wp-content\plugins\crowdsignal-forms\languages\crowdsignal-forms-de_DE-c1a59a14ff89b3c84b4c8dca6b2b50f4.json
[2025-03-12 21:22:58] [SUCCESS] Successfully converted: C:\Users\Chris\cFish.io\wp-content\plugins\crowdsignal-forms\languages\crowdsignal-forms-de_DE-c1a59a14ff89b3c84b4c8dca6b2b50f4.json
[2025-03-12 21:22:58] [INFO] Converting JSON to MD: C:\Users\Chris\cFish.io\wp-content\plugins\crowdsignal-forms\languages\crowdsignal-forms-es_ES-3eb8c3c333b5bd2aa55752fd1590cb50.json
[2025-03-12 21:22:58] [SUCCESS] Successfully converted: C:\Users\Chris\cFish.io\wp-content\plugins\crowdsignal-forms\languages\crowdsignal-forms-es_ES-3eb8c3c333b5bd2aa55752fd1590cb50.json
[2025-03-12 21:22:58] [INFO] Converting JSON to MD: C:\Users\Chris\cFish.io\wp-content\plugins\crowdsignal-forms\languages\crowdsignal-forms-es_ES-7429dc15a4e92ac5ef87a7c83f0bd5d6.json
[2025-03-12 21:22:58] [SUCCESS] Successfully converted: C:\Users\Chris\cFish.io\wp-content\plugins\crowdsignal-forms\languages\crowdsignal-forms-es_ES-7429dc15a4e92ac5ef87a7c83f0bd5d6.json
[2025-03-12 21:22:59] [INFO] Converting JSON to MD: C:\Users\Chris\cFish.io\wp-content\plugins\crowdsignal-forms\languages\crowdsignal-forms-es_ES-7b010e77029d3be8254e946ac6930a21.json
[2025-03-12 21:22:59] [SUCCESS] Successfully converted: C:\Users\Chris\cFish.io\wp-content\plugins\crowdsignal-forms\languages\crowdsignal-forms-es_ES-7b010e77029d3be8254e946ac6930a21.json
[2025-03-12 21:22:59] [INFO] Converting JSON to MD: C:\Users\Chris\cFish.io\wp-content\plugins\crowdsignal-forms\languages\crowdsignal-forms-es_ES-a74d8ffb2e7d635859cbaad86cef8778.json
[2025-03-12 21:22:59] [SUCCESS] Successfully converted: C:\Users\Chris\cFish.io\wp-content\plugins\crowdsignal-forms\languages\crowdsignal-forms-es_ES-a74d8ffb2e7d635859cbaad86cef8778.json
[2025-03-12 21:22:59] [INFO] Converting JSON to MD: C:\Users\Chris\cFish.io\wp-content\plugins\crowdsignal-forms\languages\crowdsignal-forms-es_ES-bd9d846c46a7db932132769a31899831.json
[2025-03-12 21:22:59] [SUCCESS] Successfully converted: C:\Users\Chris\cFish.io\wp-content\plugins\crowdsignal-forms\languages\crowdsignal-forms-es_ES-bd9d846c46a7db932132769a31899831.json
[2025-03-12 21:22:59] [INFO] Converting JSON to MD: C:\Users\Chris\cFish.io\wp-content\plugins\crowdsignal-forms\languages\crowdsignal-forms-es_ES-c1a59a14ff89b3c84b4c8dca6b2b50f4.json
[2025-03-12 21:22:59] [SUCCESS] Successfully converted: C:\Users\Chris\cFish.io\wp-content\plugins\crowdsignal-forms\languages\crowdsignal-forms-es_ES-c1a59a14ff89b3c84b4c8dca6b2b50f4.json
[2025-03-12 21:22:59] [INFO] Converting JSON to MD: C:\Users\Chris\cFish.io\wp-content\plugins\crowdsignal-forms\languages\crowdsignal-forms-fr_FR-3eb8c3c333b5bd2aa55752fd1590cb50.json
[2025-03-12 21:22:59] [SUCCESS] Successfully converted: C:\Users\Chris\cFish.io\wp-content\plugins\crowdsignal-forms\languages\crowdsignal-forms-fr_FR-3eb8c3c333b5bd2aa55752fd1590cb50.json
[2025-03-12 21:23:00] [INFO] Converting JSON to MD: C:\Users\Chris\cFish.io\wp-content\plugins\crowdsignal-forms\languages\crowdsignal-forms-fr_FR-7429dc15a4e92ac5ef87a7c83f0bd5d6.json
[2025-03-12 21:23:00] [SUCCESS] Successfully converted: C:\Users\Chris\cFish.io\wp-content\plugins\crowdsignal-forms\languages\crowdsignal-forms-fr_FR-7429dc15a4e92ac5ef87a7c83f0bd5d6.json
[2025-03-12 21:23:00] [INFO] Converting JSON to MD: C:\Users\Chris\cFish.io\wp-content\plugins\crowdsignal-forms\languages\crowdsignal-forms-fr_FR-7b010e77029d3be8254e946ac6930a21.json
[2025-03-12 21:23:00] [SUCCESS] Successfully converted: C:\Users\Chris\cFish.io\wp-content\plugins\crowdsignal-forms\languages\crowdsignal-forms-fr_FR-7b010e77029d3be8254e946ac6930a21.json
[2025-03-12 21:23:00] [INFO] Converting JSON to MD: C:\Users\Chris\cFish.io\wp-content\plugins\crowdsignal-forms\languages\crowdsignal-forms-fr_FR-a74d8ffb2e7d635859cbaad86cef8778.json
[2025-03-12 21:23:00] [SUCCESS] Successfully converted: C:\Users\Chris\cFish.io\wp-content\plugins\crowdsignal-forms\languages\crowdsignal-forms-fr_FR-a74d8ffb2e7d635859cbaad86cef8778.json
[2025-03-12 21:23:00] [INFO] Converting JSON to MD: C:\Users\Chris\cFish.io\wp-content\plugins\crowdsignal-forms\languages\crowdsignal-forms-fr_FR-bd9d846c46a7db932132769a31899831.json
[2025-03-12 21:23:00] [SUCCESS] Successfully converted: C:\Users\Chris\cFish.io\wp-content\plugins\crowdsignal-forms\languages\crowdsignal-forms-fr_FR-bd9d846c46a7db932132769a31899831.json
[2025-03-12 21:23:00] [INFO] Converting JSON to MD: C:\Users\Chris\cFish.io\wp-content\plugins\crowdsignal-forms\languages\crowdsignal-forms-fr_FR-c1a59a14ff89b3c84b4c8dca6b2b50f4.json
[2025-03-12 21:23:00] [SUCCESS] Successfully converted: C:\Users\Chris\cFish.io\wp-content\plugins\crowdsignal-forms\languages\crowdsignal-forms-fr_FR-c1a59a14ff89b3c84b4c8dca6b2b50f4.json
[2025-03-12 21:23:00] [INFO] Converting JSON to MD: C:\Users\Chris\cFish.io\wp-content\plugins\crowdsignal-forms\languages\crowdsignal-forms-he_IL-3eb8c3c333b5bd2aa55752fd1590cb50.json
[2025-03-12 21:23:01] [SUCCESS] Successfully converted: C:\Users\Chris\cFish.io\wp-content\plugins\crowdsignal-forms\languages\crowdsignal-forms-he_IL-3eb8c3c333b5bd2aa55752fd1590cb50.json
[2025-03-12 21:23:01] [INFO] Converting JSON to MD: C:\Users\Chris\cFish.io\wp-content\plugins\crowdsignal-forms\languages\crowdsignal-forms-he_IL-7429dc15a4e92ac5ef87a7c83f0bd5d6.json
[2025-03-12 21:23:01] [SUCCESS] Successfully converted: C:\Users\Chris\cFish.io\wp-content\plugins\crowdsignal-forms\languages\crowdsignal-forms-he_IL-7429dc15a4e92ac5ef87a7c83f0bd5d6.json
[2025-03-12 21:23:01] [INFO] Converting JSON to MD: C:\Users\Chris\cFish.io\wp-content\plugins\crowdsignal-forms\languages\crowdsignal-forms-he_IL-7b010e77029d3be8254e946ac6930a21.json
[2025-03-12 21:23:01] [SUCCESS] Successfully converted: C:\Users\Chris\cFish.io\wp-content\plugins\crowdsignal-forms\languages\crowdsignal-forms-he_IL-7b010e77029d3be8254e946ac6930a21.json
[2025-03-12 21:23:01] [INFO] Converting JSON to MD: C:\Users\Chris\cFish.io\wp-content\plugins\crowdsignal-forms\languages\crowdsignal-forms-he_IL-a74d8ffb2e7d635859cbaad86cef8778.json
[2025-03-12 21:23:01] [SUCCESS] Successfully converted: C:\Users\Chris\cFish.io\wp-content\plugins\crowdsignal-forms\languages\crowdsignal-forms-he_IL-a74d8ffb2e7d635859cbaad86cef8778.json
[2025-03-12 21:23:01] [INFO] Converting JSON to MD: C:\Users\Chris\cFish.io\wp-content\plugins\crowdsignal-forms\languages\crowdsignal-forms-he_IL-bd9d846c46a7db932132769a31899831.json
[2025-03-12 21:23:01] [SUCCESS] Successfully converted: C:\Users\Chris\cFish.io\wp-content\plugins\crowdsignal-forms\languages\crowdsignal-forms-he_IL-bd9d846c46a7db932132769a31899831.json
[2025-03-12 21:23:01] [INFO] Converting JSON to MD: C:\Users\Chris\cFish.io\wp-content\plugins\crowdsignal-forms\languages\crowdsignal-forms-he_IL-c1a59a14ff89b3c84b4c8dca6b2b50f4.json
[2025-03-12 21:23:02] [SUCCESS] Successfully converted: C:\Users\Chris\cFish.io\wp-content\plugins\crowdsignal-forms\languages\crowdsignal-forms-he_IL-c1a59a14ff89b3c84b4c8dca6b2b50f4.json
[2025-03-12 21:23:02] [INFO] Converting JSON to MD: C:\Users\Chris\cFish.io\wp-content\plugins\crowdsignal-forms\languages\crowdsignal-forms-id_ID-3eb8c3c333b5bd2aa55752fd1590cb50.json
[2025-03-12 21:23:02] [SUCCESS] Successfully converted: C:\Users\Chris\cFish.io\wp-content\plugins\crowdsignal-forms\languages\crowdsignal-forms-id_ID-3eb8c3c333b5bd2aa55752fd1590cb50.json
[2025-03-12 21:23:02] [INFO] Converting JSON to MD: C:\Users\Chris\cFish.io\wp-content\plugins\crowdsignal-forms\languages\crowdsignal-forms-id_ID-7429dc15a4e92ac5ef87a7c83f0bd5d6.json
[2025-03-12 21:23:02] [SUCCESS] Successfully converted: C:\Users\Chris\cFish.io\wp-content\plugins\crowdsignal-forms\languages\crowdsignal-forms-id_ID-7429dc15a4e92ac5ef87a7c83f0bd5d6.json
[2025-03-12 21:23:02] [INFO] Converting JSON to MD: C:\Users\Chris\cFish.io\wp-content\plugins\crowdsignal-forms\languages\crowdsignal-forms-id_ID-7b010e77029d3be8254e946ac6930a21.json
[2025-03-12 21:23:02] [SUCCESS] Successfully converted: C:\Users\Chris\cFish.io\wp-content\plugins\crowdsignal-forms\languages\crowdsignal-forms-id_ID-7b010e77029d3be8254e946ac6930a21.json
[2025-03-12 21:23:02] [INFO] Converting JSON to MD: C:\Users\Chris\cFish.io\wp-content\plugins\crowdsignal-forms\languages\crowdsignal-forms-id_ID-a74d8ffb2e7d635859cbaad86cef8778.json
[2025-03-12 21:23:02] [SUCCESS] Successfully converted: C:\Users\Chris\cFish.io\wp-content\plugins\crowdsignal-forms\languages\crowdsignal-forms-id_ID-a74d8ffb2e7d635859cbaad86cef8778.json
[2025-03-12 21:23:02] [INFO] Converting JSON to MD: C:\Users\Chris\cFish.io\wp-content\plugins\crowdsignal-forms\languages\crowdsignal-forms-id_ID-bd9d846c46a7db932132769a31899831.json
[2025-03-12 21:23:03] [SUCCESS] Successfully converted: C:\Users\Chris\cFish.io\wp-content\plugins\crowdsignal-forms\languages\crowdsignal-forms-id_ID-bd9d846c46a7db932132769a31899831.json
[2025-03-12 21:23:03] [INFO] Converting JSON to MD: C:\Users\Chris\cFish.io\wp-content\plugins\crowdsignal-forms\languages\crowdsignal-forms-id_ID-c1a59a14ff89b3c84b4c8dca6b2b50f4.json
[2025-03-12 21:23:03] [SUCCESS] Successfully converted: C:\Users\Chris\cFish.io\wp-content\plugins\crowdsignal-forms\languages\crowdsignal-forms-id_ID-c1a59a14ff89b3c84b4c8dca6b2b50f4.json
[2025-03-12 21:23:03] [INFO] Converting JSON to MD: C:\Users\Chris\cFish.io\wp-content\plugins\crowdsignal-forms\languages\crowdsignal-forms-it_IT-3eb8c3c333b5bd2aa55752fd1590cb50.json
[2025-03-12 21:23:03] [SUCCESS] Successfully converted: C:\Users\Chris\cFish.io\wp-content\plugins\crowdsignal-forms\languages\crowdsignal-forms-it_IT-3eb8c3c333b5bd2aa55752fd1590cb50.json
[2025-03-12 21:23:03] [INFO] Converting JSON to MD: C:\Users\Chris\cFish.io\wp-content\plugins\crowdsignal-forms\languages\crowdsignal-forms-it_IT-7429dc15a4e92ac5ef87a7c83f0bd5d6.json
[2025-03-12 21:23:03] [SUCCESS] Successfully converted: C:\Users\Chris\cFish.io\wp-content\plugins\crowdsignal-forms\languages\crowdsignal-forms-it_IT-7429dc15a4e92ac5ef87a7c83f0bd5d6.json
[2025-03-12 21:23:03] [INFO] Converting JSON to MD: C:\Users\Chris\cFish.io\wp-content\plugins\crowdsignal-forms\languages\crowdsignal-forms-it_IT-7b010e77029d3be8254e946ac6930a21.json
[2025-03-12 21:23:03] [SUCCESS] Successfully converted: C:\Users\Chris\cFish.io\wp-content\plugins\crowdsignal-forms\languages\crowdsignal-forms-it_IT-7b010e77029d3be8254e946ac6930a21.json
[2025-03-12 21:23:03] [INFO] Converting JSON to MD: C:\Users\Chris\cFish.io\wp-content\plugins\crowdsignal-forms\languages\crowdsignal-forms-it_IT-a74d8ffb2e7d635859cbaad86cef8778.json
[2025-03-12 21:23:04] [SUCCESS] Successfully converted: C:\Users\Chris\cFish.io\wp-content\plugins\crowdsignal-forms\languages\crowdsignal-forms-it_IT-a74d8ffb2e7d635859cbaad86cef8778.json
[2025-03-12 21:23:04] [INFO] Converting JSON to MD: C:\Users\Chris\cFish.io\wp-content\plugins\crowdsignal-forms\languages\crowdsignal-forms-it_IT-bd9d846c46a7db932132769a31899831.json
[2025-03-12 21:23:04] [SUCCESS] Successfully converted: C:\Users\Chris\cFish.io\wp-content\plugins\crowdsignal-forms\languages\crowdsignal-forms-it_IT-bd9d846c46a7db932132769a31899831.json
[2025-03-12 21:23:04] [INFO] Converting JSON to MD: C:\Users\Chris\cFish.io\wp-content\plugins\crowdsignal-forms\languages\crowdsignal-forms-it_IT-c1a59a14ff89b3c84b4c8dca6b2b50f4.json
[2025-03-12 21:23:04] [SUCCESS] Successfully converted: C:\Users\Chris\cFish.io\wp-content\plugins\crowdsignal-forms\languages\crowdsignal-forms-it_IT-c1a59a14ff89b3c84b4c8dca6b2b50f4.json
[2025-03-12 21:23:04] [INFO] Converting JSON to MD: C:\Users\Chris\cFish.io\wp-content\plugins\crowdsignal-forms\languages\crowdsignal-forms-ja-3eb8c3c333b5bd2aa55752fd1590cb50.json
[2025-03-12 21:23:04] [SUCCESS] Successfully converted: C:\Users\Chris\cFish.io\wp-content\plugins\crowdsignal-forms\languages\crowdsignal-forms-ja-3eb8c3c333b5bd2aa55752fd1590cb50.json
[2025-03-12 21:23:04] [INFO] Converting JSON to MD: C:\Users\Chris\cFish.io\wp-content\plugins\crowdsignal-forms\languages\crowdsignal-forms-ja-7429dc15a4e92ac5ef87a7c83f0bd5d6.json
[2025-03-12 21:23:04] [SUCCESS] Successfully converted: C:\Users\Chris\cFish.io\wp-content\plugins\crowdsignal-forms\languages\crowdsignal-forms-ja-7429dc15a4e92ac5ef87a7c83f0bd5d6.json
[2025-03-12 21:23:04] [INFO] Converting JSON to MD: C:\Users\Chris\cFish.io\wp-content\plugins\crowdsignal-forms\languages\crowdsignal-forms-ja-7b010e77029d3be8254e946ac6930a21.json
[2025-03-12 21:23:05] [SUCCESS] Successfully converted: C:\Users\Chris\cFish.io\wp-content\plugins\crowdsignal-forms\languages\crowdsignal-forms-ja-7b010e77029d3be8254e946ac6930a21.json
[2025-03-12 21:23:05] [INFO] Converting JSON to MD: C:\Users\Chris\cFish.io\wp-content\plugins\crowdsignal-forms\languages\crowdsignal-forms-ja-a74d8ffb2e7d635859cbaad86cef8778.json
[2025-03-12 21:23:05] [SUCCESS] Successfully converted: C:\Users\Chris\cFish.io\wp-content\plugins\crowdsignal-forms\languages\crowdsignal-forms-ja-a74d8ffb2e7d635859cbaad86cef8778.json
[2025-03-12 21:23:05] [INFO] Converting JSON to MD: C:\Users\Chris\cFish.io\wp-content\plugins\crowdsignal-forms\languages\crowdsignal-forms-ja-bd9d846c46a7db932132769a31899831.json
[2025-03-12 21:23:05] [SUCCESS] Successfully converted: C:\Users\Chris\cFish.io\wp-content\plugins\crowdsignal-forms\languages\crowdsignal-forms-ja-bd9d846c46a7db932132769a31899831.json
[2025-03-12 21:23:05] [INFO] Converting JSON to MD: C:\Users\Chris\cFish.io\wp-content\plugins\crowdsignal-forms\languages\crowdsignal-forms-ja-c1a59a14ff89b3c84b4c8dca6b2b50f4.json
[2025-03-12 21:23:05] [SUCCESS] Successfully converted: C:\Users\Chris\cFish.io\wp-content\plugins\crowdsignal-forms\languages\crowdsignal-forms-ja-c1a59a14ff89b3c84b4c8dca6b2b50f4.json
[2025-03-12 21:23:05] [INFO] Converting JSON to MD: C:\Users\Chris\cFish.io\wp-content\plugins\crowdsignal-forms\languages\crowdsignal-forms-ko_KR-3eb8c3c333b5bd2aa55752fd1590cb50.json
[2025-03-12 21:23:05] [SUCCESS] Successfully converted: C:\Users\Chris\cFish.io\wp-content\plugins\crowdsignal-forms\languages\crowdsignal-forms-ko_KR-3eb8c3c333b5bd2aa55752fd1590cb50.json
[2025-03-12 21:23:05] [INFO] Converting JSON to MD: C:\Users\Chris\cFish.io\wp-content\plugins\crowdsignal-forms\languages\crowdsignal-forms-ko_KR-7429dc15a4e92ac5ef87a7c83f0bd5d6.json
[2025-03-12 21:23:06] [SUCCESS] Successfully converted: C:\Users\Chris\cFish.io\wp-content\plugins\crowdsignal-forms\languages\crowdsignal-forms-ko_KR-7429dc15a4e92ac5ef87a7c83f0bd5d6.json
[2025-03-12 21:23:06] [INFO] Converting JSON to MD: C:\Users\Chris\cFish.io\wp-content\plugins\crowdsignal-forms\languages\crowdsignal-forms-ko_KR-7b010e77029d3be8254e946ac6930a21.json
[2025-03-12 21:23:06] [SUCCESS] Successfully converted: C:\Users\Chris\cFish.io\wp-content\plugins\crowdsignal-forms\languages\crowdsignal-forms-ko_KR-7b010e77029d3be8254e946ac6930a21.json
[2025-03-12 21:23:06] [INFO] Converting JSON to MD: C:\Users\Chris\cFish.io\wp-content\plugins\crowdsignal-forms\languages\crowdsignal-forms-ko_KR-a74d8ffb2e7d635859cbaad86cef8778.json
[2025-03-12 21:23:06] [SUCCESS] Successfully converted: C:\Users\Chris\cFish.io\wp-content\plugins\crowdsignal-forms\languages\crowdsignal-forms-ko_KR-a74d8ffb2e7d635859cbaad86cef8778.json
[2025-03-12 21:23:06] [INFO] Converting JSON to MD: C:\Users\Chris\cFish.io\wp-content\plugins\crowdsignal-forms\languages\crowdsignal-forms-ko_KR-bd9d846c46a7db932132769a31899831.json
[2025-03-12 21:23:06] [SUCCESS] Successfully converted: C:\Users\Chris\cFish.io\wp-content\plugins\crowdsignal-forms\languages\crowdsignal-forms-ko_KR-bd9d846c46a7db932132769a31899831.json
[2025-03-12 21:23:06] [INFO] Converting JSON to MD: C:\Users\Chris\cFish.io\wp-content\plugins\crowdsignal-forms\languages\crowdsignal-forms-ko_KR-c1a59a14ff89b3c84b4c8dca6b2b50f4.json
[2025-03-12 21:23:06] [SUCCESS] Successfully converted: C:\Users\Chris\cFish.io\wp-content\plugins\crowdsignal-forms\languages\crowdsignal-forms-ko_KR-c1a59a14ff89b3c84b4c8dca6b2b50f4.json
[2025-03-12 21:23:07] [INFO] Converting JSON to MD: C:\Users\Chris\cFish.io\wp-content\plugins\crowdsignal-forms\languages\crowdsignal-forms-nl_NL-3eb8c3c333b5bd2aa55752fd1590cb50.json
[2025-03-12 21:23:07] [SUCCESS] Successfully converted: C:\Users\Chris\cFish.io\wp-content\plugins\crowdsignal-forms\languages\crowdsignal-forms-nl_NL-3eb8c3c333b5bd2aa55752fd1590cb50.json
[2025-03-12 21:23:07] [INFO] Converting JSON to MD: C:\Users\Chris\cFish.io\wp-content\plugins\crowdsignal-forms\languages\crowdsignal-forms-nl_NL-7429dc15a4e92ac5ef87a7c83f0bd5d6.json
[2025-03-12 21:23:07] [SUCCESS] Successfully converted: C:\Users\Chris\cFish.io\wp-content\plugins\crowdsignal-forms\languages\crowdsignal-forms-nl_NL-7429dc15a4e92ac5ef87a7c83f0bd5d6.json
[2025-03-12 21:23:07] [INFO] Converting JSON to MD: C:\Users\Chris\cFish.io\wp-content\plugins\crowdsignal-forms\languages\crowdsignal-forms-nl_NL-7b010e77029d3be8254e946ac6930a21.json
[2025-03-12 21:23:07] [SUCCESS] Successfully converted: C:\Users\Chris\cFish.io\wp-content\plugins\crowdsignal-forms\languages\crowdsignal-forms-nl_NL-7b010e77029d3be8254e946ac6930a21.json
[2025-03-12 21:23:07] [INFO] Converting JSON to MD: C:\Users\Chris\cFish.io\wp-content\plugins\crowdsignal-forms\languages\crowdsignal-forms-nl_NL-a74d8ffb2e7d635859cbaad86cef8778.json
[2025-03-12 21:23:07] [SUCCESS] Successfully converted: C:\Users\Chris\cFish.io\wp-content\plugins\crowdsignal-forms\languages\crowdsignal-forms-nl_NL-a74d8ffb2e7d635859cbaad86cef8778.json
[2025-03-12 21:23:07] [INFO] Converting JSON to MD: C:\Users\Chris\cFish.io\wp-content\plugins\crowdsignal-forms\languages\crowdsignal-forms-nl_NL-bd9d846c46a7db932132769a31899831.json
[2025-03-12 21:23:07] [SUCCESS] Successfully converted: C:\Users\Chris\cFish.io\wp-content\plugins\crowdsignal-forms\languages\crowdsignal-forms-nl_NL-bd9d846c46a7db932132769a31899831.json
[2025-03-12 21:23:08] [INFO] Converting JSON to MD: C:\Users\Chris\cFish.io\wp-content\plugins\crowdsignal-forms\languages\crowdsignal-forms-nl_NL-c1a59a14ff89b3c84b4c8dca6b2b50f4.json
[2025-03-12 21:23:08] [SUCCESS] Successfully converted: C:\Users\Chris\cFish.io\wp-content\plugins\crowdsignal-forms\languages\crowdsignal-forms-nl_NL-c1a59a14ff89b3c84b4c8dca6b2b50f4.json
[2025-03-12 21:23:08] [INFO] Converting JSON to MD: C:\Users\Chris\cFish.io\wp-content\plugins\crowdsignal-forms\languages\crowdsignal-forms-nl_NL_formal-3eb8c3c333b5bd2aa55752fd1590cb50.json
[2025-03-12 21:23:08] [SUCCESS] Successfully converted: C:\Users\Chris\cFish.io\wp-content\plugins\crowdsignal-forms\languages\crowdsignal-forms-nl_NL_formal-3eb8c3c333b5bd2aa55752fd1590cb50.json
[2025-03-12 21:23:08] [INFO] Converting JSON to MD: C:\Users\Chris\cFish.io\wp-content\plugins\crowdsignal-forms\languages\crowdsignal-forms-nl_NL_formal-7429dc15a4e92ac5ef87a7c83f0bd5d6.json
[2025-03-12 21:23:08] [SUCCESS] Successfully converted: C:\Users\Chris\cFish.io\wp-content\plugins\crowdsignal-forms\languages\crowdsignal-forms-nl_NL_formal-7429dc15a4e92ac5ef87a7c83f0bd5d6.json
[2025-03-12 21:23:08] [INFO] Converting JSON to MD: C:\Users\Chris\cFish.io\wp-content\plugins\crowdsignal-forms\languages\crowdsignal-forms-nl_NL_formal-7b010e77029d3be8254e946ac6930a21.json
[2025-03-12 21:23:08] [SUCCESS] Successfully converted: C:\Users\Chris\cFish.io\wp-content\plugins\crowdsignal-forms\languages\crowdsignal-forms-nl_NL_formal-7b010e77029d3be8254e946ac6930a21.json
[2025-03-12 21:23:08] [INFO] Converting JSON to MD: C:\Users\Chris\cFish.io\wp-content\plugins\crowdsignal-forms\languages\crowdsignal-forms-nl_NL_formal-a74d8ffb2e7d635859cbaad86cef8778.json
[2025-03-12 21:23:09] [SUCCESS] Successfully converted: C:\Users\Chris\cFish.io\wp-content\plugins\crowdsignal-forms\languages\crowdsignal-forms-nl_NL_formal-a74d8ffb2e7d635859cbaad86cef8778.json
[2025-03-12 21:23:09] [INFO] Converting JSON to MD: C:\Users\Chris\cFish.io\wp-content\plugins\crowdsignal-forms\languages\crowdsignal-forms-nl_NL_formal-bd9d846c46a7db932132769a31899831.json
[2025-03-12 21:23:09] [SUCCESS] Successfully converted: C:\Users\Chris\cFish.io\wp-content\plugins\crowdsignal-forms\languages\crowdsignal-forms-nl_NL_formal-bd9d846c46a7db932132769a31899831.json
[2025-03-12 21:23:09] [INFO] Converting JSON to MD: C:\Users\Chris\cFish.io\wp-content\plugins\crowdsignal-forms\languages\crowdsignal-forms-nl_NL_formal-c1a59a14ff89b3c84b4c8dca6b2b50f4.json
[2025-03-12 21:23:09] [SUCCESS] Successfully converted: C:\Users\Chris\cFish.io\wp-content\plugins\crowdsignal-forms\languages\crowdsignal-forms-nl_NL_formal-c1a59a14ff89b3c84b4c8dca6b2b50f4.json
[2025-03-12 21:23:09] [INFO] Converting JSON to MD: C:\Users\Chris\cFish.io\wp-content\plugins\crowdsignal-forms\languages\crowdsignal-forms-pt_BR-3eb8c3c333b5bd2aa55752fd1590cb50.json
[2025-03-12 21:23:09] [SUCCESS] Successfully converted: C:\Users\Chris\cFish.io\wp-content\plugins\crowdsignal-forms\languages\crowdsignal-forms-pt_BR-3eb8c3c333b5bd2aa55752fd1590cb50.json
[2025-03-12 21:23:09] [INFO] Converting JSON to MD: C:\Users\Chris\cFish.io\wp-content\plugins\crowdsignal-forms\languages\crowdsignal-forms-pt_BR-7429dc15a4e92ac5ef87a7c83f0bd5d6.json
[2025-03-12 21:23:09] [SUCCESS] Successfully converted: C:\Users\Chris\cFish.io\wp-content\plugins\crowdsignal-forms\languages\crowdsignal-forms-pt_BR-7429dc15a4e92ac5ef87a7c83f0bd5d6.json
[2025-03-12 21:23:09] [INFO] Converting JSON to MD: C:\Users\Chris\cFish.io\wp-content\plugins\crowdsignal-forms\languages\crowdsignal-forms-pt_BR-7b010e77029d3be8254e946ac6930a21.json
[2025-03-12 21:23:10] [SUCCESS] Successfully converted: C:\Users\Chris\cFish.io\wp-content\plugins\crowdsignal-forms\languages\crowdsignal-forms-pt_BR-7b010e77029d3be8254e946ac6930a21.json
[2025-03-12 21:23:10] [INFO] Converting JSON to MD: C:\Users\Chris\cFish.io\wp-content\plugins\crowdsignal-forms\languages\crowdsignal-forms-pt_BR-a74d8ffb2e7d635859cbaad86cef8778.json
[2025-03-12 21:23:10] [SUCCESS] Successfully converted: C:\Users\Chris\cFish.io\wp-content\plugins\crowdsignal-forms\languages\crowdsignal-forms-pt_BR-a74d8ffb2e7d635859cbaad86cef8778.json
[2025-03-12 21:23:10] [INFO] Converting JSON to MD: C:\Users\Chris\cFish.io\wp-content\plugins\crowdsignal-forms\languages\crowdsignal-forms-pt_BR-bd9d846c46a7db932132769a31899831.json
[2025-03-12 21:23:10] [SUCCESS] Successfully converted: C:\Users\Chris\cFish.io\wp-content\plugins\crowdsignal-forms\languages\crowdsignal-forms-pt_BR-bd9d846c46a7db932132769a31899831.json
[2025-03-12 21:23:10] [INFO] Converting JSON to MD: C:\Users\Chris\cFish.io\wp-content\plugins\crowdsignal-forms\languages\crowdsignal-forms-pt_BR-c1a59a14ff89b3c84b4c8dca6b2b50f4.json
[2025-03-12 21:23:10] [SUCCESS] Successfully converted: C:\Users\Chris\cFish.io\wp-content\plugins\crowdsignal-forms\languages\crowdsignal-forms-pt_BR-c1a59a14ff89b3c84b4c8dca6b2b50f4.json
[2025-03-12 21:23:10] [INFO] Converting JSON to MD: C:\Users\Chris\cFish.io\wp-content\plugins\crowdsignal-forms\languages\crowdsignal-forms-ru_RU-3eb8c3c333b5bd2aa55752fd1590cb50.json
[2025-03-12 21:23:10] [SUCCESS] Successfully converted: C:\Users\Chris\cFish.io\wp-content\plugins\crowdsignal-forms\languages\crowdsignal-forms-ru_RU-3eb8c3c333b5bd2aa55752fd1590cb50.json
[2025-03-12 21:23:10] [INFO] Converting JSON to MD: C:\Users\Chris\cFish.io\wp-content\plugins\crowdsignal-forms\languages\crowdsignal-forms-ru_RU-7429dc15a4e92ac5ef87a7c83f0bd5d6.json
[2025-03-12 21:23:10] [SUCCESS] Successfully converted: C:\Users\Chris\cFish.io\wp-content\plugins\crowdsignal-forms\languages\crowdsignal-forms-ru_RU-7429dc15a4e92ac5ef87a7c83f0bd5d6.json
[2025-03-12 21:23:11] [INFO] Converting JSON to MD: C:\Users\Chris\cFish.io\wp-content\plugins\crowdsignal-forms\languages\crowdsignal-forms-ru_RU-7b010e77029d3be8254e946ac6930a21.json
[2025-03-12 21:23:11] [SUCCESS] Successfully converted: C:\Users\Chris\cFish.io\wp-content\plugins\crowdsignal-forms\languages\crowdsignal-forms-ru_RU-7b010e77029d3be8254e946ac6930a21.json
[2025-03-12 21:23:11] [INFO] Converting JSON to MD: C:\Users\Chris\cFish.io\wp-content\plugins\crowdsignal-forms\languages\crowdsignal-forms-ru_RU-a74d8ffb2e7d635859cbaad86cef8778.json
[2025-03-12 21:23:11] [SUCCESS] Successfully converted: C:\Users\Chris\cFish.io\wp-content\plugins\crowdsignal-forms\languages\crowdsignal-forms-ru_RU-a74d8ffb2e7d635859cbaad86cef8778.json
[2025-03-12 21:23:11] [INFO] Converting JSON to MD: C:\Users\Chris\cFish.io\wp-content\plugins\crowdsignal-forms\languages\crowdsignal-forms-ru_RU-bd9d846c46a7db932132769a31899831.json
[2025-03-12 21:23:11] [SUCCESS] Successfully converted: C:\Users\Chris\cFish.io\wp-content\plugins\crowdsignal-forms\languages\crowdsignal-forms-ru_RU-bd9d846c46a7db932132769a31899831.json
[2025-03-12 21:23:11] [INFO] Converting JSON to MD: C:\Users\Chris\cFish.io\wp-content\plugins\crowdsignal-forms\languages\crowdsignal-forms-ru_RU-c1a59a14ff89b3c84b4c8dca6b2b50f4.json
[2025-03-12 21:23:11] [SUCCESS] Successfully converted: C:\Users\Chris\cFish.io\wp-content\plugins\crowdsignal-forms\languages\crowdsignal-forms-ru_RU-c1a59a14ff89b3c84b4c8dca6b2b50f4.json
[2025-03-12 21:23:11] [INFO] Converting JSON to MD: C:\Users\Chris\cFish.io\wp-content\plugins\crowdsignal-forms\languages\crowdsignal-forms-sv_SE-3eb8c3c333b5bd2aa55752fd1590cb50.json
[2025-03-12 21:23:11] [SUCCESS] Successfully converted: C:\Users\Chris\cFish.io\wp-content\plugins\crowdsignal-forms\languages\crowdsignal-forms-sv_SE-3eb8c3c333b5bd2aa55752fd1590cb50.json
[2025-03-12 21:23:12] [INFO] Converting JSON to MD: C:\Users\Chris\cFish.io\wp-content\plugins\crowdsignal-forms\languages\crowdsignal-forms-sv_SE-7429dc15a4e92ac5ef87a7c83f0bd5d6.json
[2025-03-12 21:23:12] [SUCCESS] Successfully converted: C:\Users\Chris\cFish.io\wp-content\plugins\crowdsignal-forms\languages\crowdsignal-forms-sv_SE-7429dc15a4e92ac5ef87a7c83f0bd5d6.json
[2025-03-12 21:23:12] [INFO] Converting JSON to MD: C:\Users\Chris\cFish.io\wp-content\plugins\crowdsignal-forms\languages\crowdsignal-forms-sv_SE-7b010e77029d3be8254e946ac6930a21.json
[2025-03-12 21:23:12] [SUCCESS] Successfully converted: C:\Users\Chris\cFish.io\wp-content\plugins\crowdsignal-forms\languages\crowdsignal-forms-sv_SE-7b010e77029d3be8254e946ac6930a21.json
[2025-03-12 21:23:12] [INFO] Converting JSON to MD: C:\Users\Chris\cFish.io\wp-content\plugins\crowdsignal-forms\languages\crowdsignal-forms-sv_SE-a74d8ffb2e7d635859cbaad86cef8778.json
[2025-03-12 21:23:12] [SUCCESS] Successfully converted: C:\Users\Chris\cFish.io\wp-content\plugins\crowdsignal-forms\languages\crowdsignal-forms-sv_SE-a74d8ffb2e7d635859cbaad86cef8778.json
[2025-03-12 21:23:12] [INFO] Converting JSON to MD: C:\Users\Chris\cFish.io\wp-content\plugins\crowdsignal-forms\languages\crowdsignal-forms-sv_SE-bd9d846c46a7db932132769a31899831.json
[2025-03-12 21:23:12] [SUCCESS] Successfully converted: C:\Users\Chris\cFish.io\wp-content\plugins\crowdsignal-forms\languages\crowdsignal-forms-sv_SE-bd9d846c46a7db932132769a31899831.json
[2025-03-12 21:23:12] [INFO] Converting JSON to MD: C:\Users\Chris\cFish.io\wp-content\plugins\crowdsignal-forms\languages\crowdsignal-forms-sv_SE-c1a59a14ff89b3c84b4c8dca6b2b50f4.json
[2025-03-12 21:23:12] [SUCCESS] Successfully converted: C:\Users\Chris\cFish.io\wp-content\plugins\crowdsignal-forms\languages\crowdsignal-forms-sv_SE-c1a59a14ff89b3c84b4c8dca6b2b50f4.json
[2025-03-12 21:23:13] [INFO] Converting JSON to MD: C:\Users\Chris\cFish.io\wp-content\plugins\crowdsignal-forms\languages\crowdsignal-forms-tr_TR-3eb8c3c333b5bd2aa55752fd1590cb50.json
[2025-03-12 21:23:13] [SUCCESS] Successfully converted: C:\Users\Chris\cFish.io\wp-content\plugins\crowdsignal-forms\languages\crowdsignal-forms-tr_TR-3eb8c3c333b5bd2aa55752fd1590cb50.json
[2025-03-12 21:23:13] [INFO] Converting JSON to MD: C:\Users\Chris\cFish.io\wp-content\plugins\crowdsignal-forms\languages\crowdsignal-forms-tr_TR-7429dc15a4e92ac5ef87a7c83f0bd5d6.json
[2025-03-12 21:23:13] [SUCCESS] Successfully converted: C:\Users\Chris\cFish.io\wp-content\plugins\crowdsignal-forms\languages\crowdsignal-forms-tr_TR-7429dc15a4e92ac5ef87a7c83f0bd5d6.json
[2025-03-12 21:23:13] [INFO] Converting JSON to MD: C:\Users\Chris\cFish.io\wp-content\plugins\crowdsignal-forms\languages\crowdsignal-forms-tr_TR-7b010e77029d3be8254e946ac6930a21.json
[2025-03-12 21:23:13] [SUCCESS] Successfully converted: C:\Users\Chris\cFish.io\wp-content\plugins\crowdsignal-forms\languages\crowdsignal-forms-tr_TR-7b010e77029d3be8254e946ac6930a21.json
[2025-03-12 21:23:13] [INFO] Converting JSON to MD: C:\Users\Chris\cFish.io\wp-content\plugins\crowdsignal-forms\languages\crowdsignal-forms-tr_TR-a74d8ffb2e7d635859cbaad86cef8778.json
[2025-03-12 21:23:13] [SUCCESS] Successfully converted: C:\Users\Chris\cFish.io\wp-content\plugins\crowdsignal-forms\languages\crowdsignal-forms-tr_TR-a74d8ffb2e7d635859cbaad86cef8778.json
[2025-03-12 21:23:13] [INFO] Converting JSON to MD: C:\Users\Chris\cFish.io\wp-content\plugins\crowdsignal-forms\languages\crowdsignal-forms-tr_TR-bd9d846c46a7db932132769a31899831.json
[2025-03-12 21:23:14] [SUCCESS] Successfully converted: C:\Users\Chris\cFish.io\wp-content\plugins\crowdsignal-forms\languages\crowdsignal-forms-tr_TR-bd9d846c46a7db932132769a31899831.json
[2025-03-12 21:23:14] [INFO] Converting JSON to MD: C:\Users\Chris\cFish.io\wp-content\plugins\crowdsignal-forms\languages\crowdsignal-forms-tr_TR-c1a59a14ff89b3c84b4c8dca6b2b50f4.json
[2025-03-12 21:23:14] [SUCCESS] Successfully converted: C:\Users\Chris\cFish.io\wp-content\plugins\crowdsignal-forms\languages\crowdsignal-forms-tr_TR-c1a59a14ff89b3c84b4c8dca6b2b50f4.json
[2025-03-12 21:23:14] [INFO] Converting JSON to MD: C:\Users\Chris\cFish.io\wp-content\plugins\crowdsignal-forms\languages\crowdsignal-forms-zh_CN-3eb8c3c333b5bd2aa55752fd1590cb50.json
[2025-03-12 21:23:14] [SUCCESS] Successfully converted: C:\Users\Chris\cFish.io\wp-content\plugins\crowdsignal-forms\languages\crowdsignal-forms-zh_CN-3eb8c3c333b5bd2aa55752fd1590cb50.json
[2025-03-12 21:23:14] [INFO] Converting JSON to MD: C:\Users\Chris\cFish.io\wp-content\plugins\crowdsignal-forms\languages\crowdsignal-forms-zh_CN-7429dc15a4e92ac5ef87a7c83f0bd5d6.json
[2025-03-12 21:23:14] [SUCCESS] Successfully converted: C:\Users\Chris\cFish.io\wp-content\plugins\crowdsignal-forms\languages\crowdsignal-forms-zh_CN-7429dc15a4e92ac5ef87a7c83f0bd5d6.json
[2025-03-12 21:23:14] [INFO] Converting JSON to MD: C:\Users\Chris\cFish.io\wp-content\plugins\crowdsignal-forms\languages\crowdsignal-forms-zh_CN-7b010e77029d3be8254e946ac6930a21.json
[2025-03-12 21:23:14] [SUCCESS] Successfully converted: C:\Users\Chris\cFish.io\wp-content\plugins\crowdsignal-forms\languages\crowdsignal-forms-zh_CN-7b010e77029d3be8254e946ac6930a21.json
[2025-03-12 21:23:15] [INFO] Converting JSON to MD: C:\Users\Chris\cFish.io\wp-content\plugins\crowdsignal-forms\languages\crowdsignal-forms-zh_CN-a74d8ffb2e7d635859cbaad86cef8778.json
[2025-03-12 21:23:15] [SUCCESS] Successfully converted: C:\Users\Chris\cFish.io\wp-content\plugins\crowdsignal-forms\languages\crowdsignal-forms-zh_CN-a74d8ffb2e7d635859cbaad86cef8778.json
[2025-03-12 21:23:15] [INFO] Converting JSON to MD: C:\Users\Chris\cFish.io\wp-content\plugins\crowdsignal-forms\languages\crowdsignal-forms-zh_CN-bd9d846c46a7db932132769a31899831.json
[2025-03-12 21:23:15] [SUCCESS] Successfully converted: C:\Users\Chris\cFish.io\wp-content\plugins\crowdsignal-forms\languages\crowdsignal-forms-zh_CN-bd9d846c46a7db932132769a31899831.json
[2025-03-12 21:23:15] [INFO] Converting JSON to MD: C:\Users\Chris\cFish.io\wp-content\plugins\crowdsignal-forms\languages\crowdsignal-forms-zh_CN-c1a59a14ff89b3c84b4c8dca6b2b50f4.json
[2025-03-12 21:23:15] [SUCCESS] Successfully converted: C:\Users\Chris\cFish.io\wp-content\plugins\crowdsignal-forms\languages\crowdsignal-forms-zh_CN-c1a59a14ff89b3c84b4c8dca6b2b50f4.json
[2025-03-12 21:23:15] [INFO] Converting JSON to MD: C:\Users\Chris\cFish.io\wp-content\plugins\crowdsignal-forms\languages\crowdsignal-forms-zh_TW-3eb8c3c333b5bd2aa55752fd1590cb50.json
[2025-03-12 21:23:15] [SUCCESS] Successfully converted: C:\Users\Chris\cFish.io\wp-content\plugins\crowdsignal-forms\languages\crowdsignal-forms-zh_TW-3eb8c3c333b5bd2aa55752fd1590cb50.json
[2025-03-12 21:23:15] [INFO] Converting JSON to MD: C:\Users\Chris\cFish.io\wp-content\plugins\crowdsignal-forms\languages\crowdsignal-forms-zh_TW-7429dc15a4e92ac5ef87a7c83f0bd5d6.json
[2025-03-12 21:23:15] [SUCCESS] Successfully converted: C:\Users\Chris\cFish.io\wp-content\plugins\crowdsignal-forms\languages\crowdsignal-forms-zh_TW-7429dc15a4e92ac5ef87a7c83f0bd5d6.json
[2025-03-12 21:23:16] [INFO] Converting JSON to MD: C:\Users\Chris\cFish.io\wp-content\plugins\crowdsignal-forms\languages\crowdsignal-forms-zh_TW-7b010e77029d3be8254e946ac6930a21.json
[2025-03-12 21:23:16] [SUCCESS] Successfully converted: C:\Users\Chris\cFish.io\wp-content\plugins\crowdsignal-forms\languages\crowdsignal-forms-zh_TW-7b010e77029d3be8254e946ac6930a21.json
[2025-03-12 21:23:16] [INFO] Converting JSON to MD: C:\Users\Chris\cFish.io\wp-content\plugins\crowdsignal-forms\languages\crowdsignal-forms-zh_TW-a74d8ffb2e7d635859cbaad86cef8778.json
[2025-03-12 21:23:16] [SUCCESS] Successfully converted: C:\Users\Chris\cFish.io\wp-content\plugins\crowdsignal-forms\languages\crowdsignal-forms-zh_TW-a74d8ffb2e7d635859cbaad86cef8778.json
[2025-03-12 21:23:16] [INFO] Converting JSON to MD: C:\Users\Chris\cFish.io\wp-content\plugins\crowdsignal-forms\languages\crowdsignal-forms-zh_TW-bd9d846c46a7db932132769a31899831.json
[2025-03-12 21:23:16] [SUCCESS] Successfully converted: C:\Users\Chris\cFish.io\wp-content\plugins\crowdsignal-forms\languages\crowdsignal-forms-zh_TW-bd9d846c46a7db932132769a31899831.json
[2025-03-12 21:23:16] [INFO] Converting JSON to MD: C:\Users\Chris\cFish.io\wp-content\plugins\crowdsignal-forms\languages\crowdsignal-forms-zh_TW-c1a59a14ff89b3c84b4c8dca6b2b50f4.json
[2025-03-12 21:23:16] [SUCCESS] Successfully converted: C:\Users\Chris\cFish.io\wp-content\plugins\crowdsignal-forms\languages\crowdsignal-forms-zh_TW-c1a59a14ff89b3c84b4c8dca6b2b50f4.json
[2025-03-12 21:23:16] [INFO] Converting JSON to MD: C:\Users\Chris\cFish.io\wp-content\plugins\easy-digital-downloads\includes\admin\promos\email-summary\blurbs.json
[2025-03-12 21:23:16] [SUCCESS] Successfully converted: C:\Users\Chris\cFish.io\wp-content\plugins\easy-digital-downloads\includes\admin\promos\email-summary\blurbs.json
[2025-03-12 21:23:16] [INFO] Converting JSON to MD: C:\Users\Chris\cFish.io\wp-content\plugins\easy-digital-downloads\includes\blocks\build\buy-button\block.json
[2025-03-12 21:23:17] [SUCCESS] Successfully converted: C:\Users\Chris\cFish.io\wp-content\plugins\easy-digital-downloads\includes\blocks\build\buy-button\block.json
[2025-03-12 21:23:17] [INFO] Converting JSON to MD: C:\Users\Chris\cFish.io\wp-content\plugins\easy-digital-downloads\includes\blocks\build\cart\block.json
[2025-03-12 21:23:17] [SUCCESS] Successfully converted: C:\Users\Chris\cFish.io\wp-content\plugins\easy-digital-downloads\includes\blocks\build\cart\block.json
[2025-03-12 21:23:17] [INFO] Converting JSON to MD: C:\Users\Chris\cFish.io\wp-content\plugins\easy-digital-downloads\includes\blocks\build\checkout\block.json
[2025-03-12 21:23:17] [SUCCESS] Successfully converted: C:\Users\Chris\cFish.io\wp-content\plugins\easy-digital-downloads\includes\blocks\build\checkout\block.json
[2025-03-12 21:23:17] [INFO] Converting JSON to MD: C:\Users\Chris\cFish.io\wp-content\plugins\easy-digital-downloads\includes\blocks\build\confirmation\block.json
[2025-03-12 21:23:17] [SUCCESS] Successfully converted: C:\Users\Chris\cFish.io\wp-content\plugins\easy-digital-downloads\includes\blocks\build\confirmation\block.json
[2025-03-12 21:23:17] [INFO] Converting JSON to MD: C:\Users\Chris\cFish.io\wp-content\plugins\easy-digital-downloads\includes\blocks\build\downloads\block.json
[2025-03-12 21:23:17] [SUCCESS] Successfully converted: C:\Users\Chris\cFish.io\wp-content\plugins\easy-digital-downloads\includes\blocks\build\downloads\block.json
[2025-03-12 21:23:18] [INFO] Converting JSON to MD: C:\Users\Chris\cFish.io\wp-content\plugins\easy-digital-downloads\includes\blocks\build\login\block.json
[2025-03-12 21:23:18] [SUCCESS] Successfully converted: C:\Users\Chris\cFish.io\wp-content\plugins\easy-digital-downloads\includes\blocks\build\login\block.json
[2025-03-12 21:23:18] [INFO] Converting JSON to MD: C:\Users\Chris\cFish.io\wp-content\plugins\easy-digital-downloads\includes\blocks\build\order-history\block.json
[2025-03-12 21:23:18] [SUCCESS] Successfully converted: C:\Users\Chris\cFish.io\wp-content\plugins\easy-digital-downloads\includes\blocks\build\order-history\block.json
[2025-03-12 21:23:18] [INFO] Converting JSON to MD: C:\Users\Chris\cFish.io\wp-content\plugins\easy-digital-downloads\includes\blocks\build\receipt\block.json
[2025-03-12 21:23:18] [SUCCESS] Successfully converted: C:\Users\Chris\cFish.io\wp-content\plugins\easy-digital-downloads\includes\blocks\build\receipt\block.json
[2025-03-12 21:23:18] [INFO] Converting JSON to MD: C:\Users\Chris\cFish.io\wp-content\plugins\easy-digital-downloads\includes\blocks\build\register\block.json
[2025-03-12 21:23:18] [SUCCESS] Successfully converted: C:\Users\Chris\cFish.io\wp-content\plugins\easy-digital-downloads\includes\blocks\build\register\block.json
[2025-03-12 21:23:18] [INFO] Converting JSON to MD: C:\Users\Chris\cFish.io\wp-content\plugins\easy-digital-downloads\includes\blocks\build\terms\block.json
[2025-03-12 21:23:18] [SUCCESS] Successfully converted: C:\Users\Chris\cFish.io\wp-content\plugins\easy-digital-downloads\includes\blocks\build\terms\block.json
[2025-03-12 21:23:19] [INFO] Converting JSON to MD: C:\Users\Chris\cFish.io\wp-content\plugins\easy-digital-downloads\includes\blocks\build\user-downloads\block.json
[2025-03-12 21:23:19] [SUCCESS] Successfully converted: C:\Users\Chris\cFish.io\wp-content\plugins\easy-digital-downloads\includes\blocks\build\user-downloads\block.json
[2025-03-12 21:23:19] [INFO] Converting JSON to MD: C:\Users\Chris\cFish.io\wp-content\plugins\easy-digital-downloads\includes\blocks\src\buy-button\block.json
[2025-03-12 21:23:19] [SUCCESS] Successfully converted: C:\Users\Chris\cFish.io\wp-content\plugins\easy-digital-downloads\includes\blocks\src\buy-button\block.json
[2025-03-12 21:23:19] [INFO] Converting JSON to MD: C:\Users\Chris\cFish.io\wp-content\plugins\easy-digital-downloads\includes\blocks\src\cart\block.json
[2025-03-12 21:23:19] [SUCCESS] Successfully converted: C:\Users\Chris\cFish.io\wp-content\plugins\easy-digital-downloads\includes\blocks\src\cart\block.json
[2025-03-12 21:23:19] [INFO] Converting JSON to MD: C:\Users\Chris\cFish.io\wp-content\plugins\easy-digital-downloads\includes\blocks\src\checkout\block.json
[2025-03-12 21:23:19] [SUCCESS] Successfully converted: C:\Users\Chris\cFish.io\wp-content\plugins\easy-digital-downloads\includes\blocks\src\checkout\block.json
[2025-03-12 21:23:19] [INFO] Converting JSON to MD: C:\Users\Chris\cFish.io\wp-content\plugins\easy-digital-downloads\includes\blocks\src\confirmation\block.json
[2025-03-12 21:23:20] [SUCCESS] Successfully converted: C:\Users\Chris\cFish.io\wp-content\plugins\easy-digital-downloads\includes\blocks\src\confirmation\block.json
[2025-03-12 21:23:20] [INFO] Converting JSON to MD: C:\Users\Chris\cFish.io\wp-content\plugins\easy-digital-downloads\includes\blocks\src\downloads\block.json
[2025-03-12 21:23:20] [SUCCESS] Successfully converted: C:\Users\Chris\cFish.io\wp-content\plugins\easy-digital-downloads\includes\blocks\src\downloads\block.json
[2025-03-12 21:23:20] [INFO] Converting JSON to MD: C:\Users\Chris\cFish.io\wp-content\plugins\easy-digital-downloads\includes\blocks\src\login\block.json
[2025-03-12 21:23:20] [SUCCESS] Successfully converted: C:\Users\Chris\cFish.io\wp-content\plugins\easy-digital-downloads\includes\blocks\src\login\block.json
[2025-03-12 21:23:20] [INFO] Converting JSON to MD: C:\Users\Chris\cFish.io\wp-content\plugins\easy-digital-downloads\includes\blocks\src\order-history\block.json
[2025-03-12 21:23:20] [SUCCESS] Successfully converted: C:\Users\Chris\cFish.io\wp-content\plugins\easy-digital-downloads\includes\blocks\src\order-history\block.json
[2025-03-12 21:23:20] [INFO] Converting JSON to MD: C:\Users\Chris\cFish.io\wp-content\plugins\easy-digital-downloads\includes\blocks\src\receipt\block.json
[2025-03-12 21:23:20] [SUCCESS] Successfully converted: C:\Users\Chris\cFish.io\wp-content\plugins\easy-digital-downloads\includes\blocks\src\receipt\block.json
[2025-03-12 21:23:21] [INFO] Converting JSON to MD: C:\Users\Chris\cFish.io\wp-content\plugins\easy-digital-downloads\includes\blocks\src\register\block.json
[2025-03-12 21:23:21] [SUCCESS] Successfully converted: C:\Users\Chris\cFish.io\wp-content\plugins\easy-digital-downloads\includes\blocks\src\register\block.json
[2025-03-12 21:23:21] [INFO] Converting JSON to MD: C:\Users\Chris\cFish.io\wp-content\plugins\easy-digital-downloads\includes\blocks\src\terms\block.json
[2025-03-12 21:23:21] [SUCCESS] Successfully converted: C:\Users\Chris\cFish.io\wp-content\plugins\easy-digital-downloads\includes\blocks\src\terms\block.json
[2025-03-12 21:23:21] [INFO] Converting JSON to MD: C:\Users\Chris\cFish.io\wp-content\plugins\easy-digital-downloads\includes\blocks\src\user-downloads\block.json
[2025-03-12 21:23:21] [SUCCESS] Successfully converted: C:\Users\Chris\cFish.io\wp-content\plugins\easy-digital-downloads\includes\blocks\src\user-downloads\block.json
[2025-03-12 21:23:21] [INFO] Converting JSON to MD: C:\Users\Chris\cFish.io\wp-content\plugins\easy-digital-downloads\libraries\Carbon\composer.json
[2025-03-12 21:23:21] [SUCCESS] Successfully converted: C:\Users\Chris\cFish.io\wp-content\plugins\easy-digital-downloads\libraries\Carbon\composer.json
[2025-03-12 21:23:21] [INFO] Converting JSON to MD: C:\Users\Chris\cFish.io\wp-content\plugins\easy-digital-downloads\libraries\Stripe\composer.json
[2025-03-12 21:23:21] [SUCCESS] Successfully converted: C:\Users\Chris\cFish.io\wp-content\plugins\easy-digital-downloads\libraries\Stripe\composer.json
[2025-03-12 21:23:22] [INFO] Converting JSON to MD: C:\Users\Chris\cFish.io\wp-content\plugins\easy-digital-downloads\libraries\Symfony\Component\Translation\composer.json
[2025-03-12 21:23:22] [SUCCESS] Successfully converted: C:\Users\Chris\cFish.io\wp-content\plugins\easy-digital-downloads\libraries\Symfony\Component\Translation\composer.json
[2025-03-12 21:23:22] [INFO] Converting JSON to MD: C:\Users\Chris\cFish.io\wp-content\plugins\easy-digital-downloads\libraries\Symfony\Component\Translation\Resources\data\parents.json
[2025-03-12 21:23:22] [SUCCESS] Successfully converted: C:\Users\Chris\cFish.io\wp-content\plugins\easy-digital-downloads\libraries\Symfony\Component\Translation\Resources\data\parents.json
[2025-03-12 21:23:22] [INFO] Converting JSON to MD: C:\Users\Chris\cFish.io\wp-content\plugins\easy-digital-downloads\libraries\Symfony\Contracts\Translation\composer.json
[2025-03-12 21:23:22] [SUCCESS] Successfully converted: C:\Users\Chris\cFish.io\wp-content\plugins\easy-digital-downloads\libraries\Symfony\Contracts\Translation\composer.json
[2025-03-12 21:23:22] [INFO] Converting JSON to MD: C:\Users\Chris\cFish.io\wp-content\plugins\easy-digital-downloads\libraries\Symfony\Polyfill\Mbstring\composer.json
[2025-03-12 21:23:22] [SUCCESS] Successfully converted: C:\Users\Chris\cFish.io\wp-content\plugins\easy-digital-downloads\libraries\Symfony\Polyfill\Mbstring\composer.json
[2025-03-12 21:23:22] [INFO] Converting JSON to MD: C:\Users\Chris\cFish.io\wp-content\plugins\easy-digital-downloads\vendor\composer\installed.json
[2025-03-12 21:23:23] [SUCCESS] Successfully converted: C:\Users\Chris\cFish.io\wp-content\plugins\easy-digital-downloads\vendor\composer\installed.json
[2025-03-12 21:23:23] [INFO] Converting JSON to MD: C:\Users\Chris\cFish.io\wp-content\plugins\easy-digital-downloads\vendor\symfony\deprecation-contracts\composer.json
[2025-03-12 21:23:23] [SUCCESS] Successfully converted: C:\Users\Chris\cFish.io\wp-content\plugins\easy-digital-downloads\vendor\symfony\deprecation-contracts\composer.json
[2025-03-12 21:23:23] [INFO] Converting JSON to MD: C:\Users\Chris\cFish.io\wp-content\plugins\easy-digital-downloads\vendor\symfony\polyfill-php80\composer.json
[2025-03-12 21:23:23] [SUCCESS] Successfully converted: C:\Users\Chris\cFish.io\wp-content\plugins\easy-digital-downloads\vendor\symfony\polyfill-php80\composer.json
[2025-03-12 21:23:23] [INFO] Converting JSON to MD: C:\Users\Chris\cFish.io\wp-content\plugins\edd-auto-register\vendor\composer\installed.json
[2025-03-12 21:23:23] [SUCCESS] Successfully converted: C:\Users\Chris\cFish.io\wp-content\plugins\edd-auto-register\vendor\composer\installed.json
[2025-03-12 21:23:23] [INFO] Converting JSON to MD: C:\Users\Chris\cFish.io\wp-content\plugins\edd-auto-register\vendor\easydigitaldownloads\edd-addon-tools\composer.json
[2025-03-12 21:23:23] [SUCCESS] Successfully converted: C:\Users\Chris\cFish.io\wp-content\plugins\edd-auto-register\vendor\easydigitaldownloads\edd-addon-tools\composer.json
[2025-03-12 21:23:24] [INFO] Converting JSON to MD: C:\Users\Chris\cFish.io\wp-content\plugins\gutenberg\gutenberg-ar-04418208c292b36bc4a3469b3ffc3d41.json
[2025-03-12 21:23:24] [INFO] Skipping excluded file: C:\Users\Chris\cFish.io\wp-content\plugins\gutenberg\gutenberg-ar-04418208c292b36bc4a3469b3ffc3d41.json
[2025-03-12 21:23:24] [INFO] Converting JSON to MD: C:\Users\Chris\cFish.io\wp-content\plugins\gutenberg\gutenberg-ar-07d88e6a803e01276b9bfcc1203e862e.json
[2025-03-12 21:23:24] [INFO] Skipping excluded file: C:\Users\Chris\cFish.io\wp-content\plugins\gutenberg\gutenberg-ar-07d88e6a803e01276b9bfcc1203e862e.json
[2025-03-12 21:23:24] [INFO] Converting JSON to MD: C:\Users\Chris\cFish.io\wp-content\plugins\gutenberg\gutenberg-ar-07ef134978802e52988301e5564a124c.json
[2025-03-12 21:23:24] [INFO] Skipping excluded file: C:\Users\Chris\cFish.io\wp-content\plugins\gutenberg\gutenberg-ar-07ef134978802e52988301e5564a124c.json
[2025-03-12 21:23:24] [INFO] Converting JSON to MD: C:\Users\Chris\cFish.io\wp-content\plugins\gutenberg\gutenberg-ar-17d863d02d419d257cce84f2a9934b91.json
[2025-03-12 21:23:24] [INFO] Skipping excluded file: C:\Users\Chris\cFish.io\wp-content\plugins\gutenberg\gutenberg-ar-17d863d02d419d257cce84f2a9934b91.json
[2025-03-12 21:23:24] [INFO] Converting JSON to MD: C:\Users\Chris\cFish.io\wp-content\plugins\gutenberg\gutenberg-ar-195c2ee33af3438dc681885037a9dd77.json
[2025-03-12 21:23:24] [INFO] Skipping excluded file: C:\Users\Chris\cFish.io\wp-content\plugins\gutenberg\gutenberg-ar-195c2ee33af3438dc681885037a9dd77.json
[2025-03-12 21:23:24] [INFO] Converting JSON to MD: C:\Users\Chris\cFish.io\wp-content\plugins\gutenberg\gutenberg-ar-22103b0fceb70bf4f3ed789172c4cc4e.json
[2025-03-12 21:23:24] [INFO] Skipping excluded file: C:\Users\Chris\cFish.io\wp-content\plugins\gutenberg\gutenberg-ar-22103b0fceb70bf4f3ed789172c4cc4e.json
[2025-03-12 21:23:24] [INFO] Converting JSON to MD: C:\Users\Chris\cFish.io\wp-content\plugins\gutenberg\gutenberg-ar-2db29b02b406fc710377e5966a268a5b.json
[2025-03-12 21:23:24] [INFO] Skipping excluded file: C:\Users\Chris\cFish.io\wp-content\plugins\gutenberg\gutenberg-ar-2db29b02b406fc710377e5966a268a5b.json
[2025-03-12 21:23:24] [INFO] Converting JSON to MD: C:\Users\Chris\cFish.io\wp-content\plugins\gutenberg\gutenberg-ar-2ecc15db55b460a0c1c65371b1c7144e.json
[2025-03-12 21:23:24] [INFO] Skipping excluded file: C:\Users\Chris\cFish.io\wp-content\plugins\gutenberg\gutenberg-ar-2ecc15db55b460a0c1c65371b1c7144e.json
[2025-03-12 21:23:25] [INFO] Converting JSON to MD: C:\Users\Chris\cFish.io\wp-content\plugins\gutenberg\gutenberg-ar-562b384b5ba625d9c67b6a487da0fb82.json
[2025-03-12 21:23:25] [INFO] Skipping excluded file: C:\Users\Chris\cFish.io\wp-content\plugins\gutenberg\gutenberg-ar-562b384b5ba625d9c67b6a487da0fb82.json
[2025-03-12 21:23:25] [INFO] Converting JSON to MD: C:\Users\Chris\cFish.io\wp-content\plugins\gutenberg\gutenberg-ar-57ca266aaa51c0865f9b606c3b122edf.json
[2025-03-12 21:23:25] [INFO] Skipping excluded file: C:\Users\Chris\cFish.io\wp-content\plugins\gutenberg\gutenberg-ar-57ca266aaa51c0865f9b606c3b122edf.json
[2025-03-12 21:23:25] [INFO] Converting JSON to MD: C:\Users\Chris\cFish.io\wp-content\plugins\gutenberg\gutenberg-ar-5a39926d0d16d0b7e0231768f706d685.json
[2025-03-12 21:23:25] [INFO] Skipping excluded file: C:\Users\Chris\cFish.io\wp-content\plugins\gutenberg\gutenberg-ar-5a39926d0d16d0b7e0231768f706d685.json
[2025-03-12 21:23:25] [INFO] Converting JSON to MD: C:\Users\Chris\cFish.io\wp-content\plugins\gutenberg\gutenberg-ar-5b24ba153c5b34da32d79d6bf83c42fd.json
[2025-03-12 21:23:25] [INFO] Skipping excluded file: C:\Users\Chris\cFish.io\wp-content\plugins\gutenberg\gutenberg-ar-5b24ba153c5b34da32d79d6bf83c42fd.json
[2025-03-12 21:23:25] [INFO] Converting JSON to MD: C:\Users\Chris\cFish.io\wp-content\plugins\gutenberg\gutenberg-ar-5b6fdbd8b6d8e74e269a71b5e2a640ae.json
[2025-03-12 21:23:25] [INFO] Skipping excluded file: C:\Users\Chris\cFish.io\wp-content\plugins\gutenberg\gutenberg-ar-5b6fdbd8b6d8e74e269a71b5e2a640ae.json
[2025-03-12 21:23:25] [INFO] Converting JSON to MD: C:\Users\Chris\cFish.io\wp-content\plugins\gutenberg\gutenberg-ar-664bd2d849a376fcdd35ecc175c8077e.json
[2025-03-12 21:23:25] [INFO] Skipping excluded file: C:\Users\Chris\cFish.io\wp-content\plugins\gutenberg\gutenberg-ar-664bd2d849a376fcdd35ecc175c8077e.json
[2025-03-12 21:23:25] [INFO] Converting JSON to MD: C:\Users\Chris\cFish.io\wp-content\plugins\gutenberg\gutenberg-ar-669341f094c411cfc73de2f3b74475cd.json
[2025-03-12 21:23:25] [INFO] Skipping excluded file: C:\Users\Chris\cFish.io\wp-content\plugins\gutenberg\gutenberg-ar-669341f094c411cfc73de2f3b74475cd.json
[2025-03-12 21:23:25] [INFO] Converting JSON to MD: C:\Users\Chris\cFish.io\wp-content\plugins\gutenberg\gutenberg-ar-6da18768062abe6e705a5ac7876b5642.json
[2025-03-12 21:23:25] [INFO] Skipping excluded file: C:\Users\Chris\cFish.io\wp-content\plugins\gutenberg\gutenberg-ar-6da18768062abe6e705a5ac7876b5642.json
[2025-03-12 21:23:25] [INFO] Converting JSON to MD: C:\Users\Chris\cFish.io\wp-content\plugins\gutenberg\gutenberg-ar-84a7625187e218b518298469e531382d.json
[2025-03-12 21:23:25] [INFO] Skipping excluded file: C:\Users\Chris\cFish.io\wp-content\plugins\gutenberg\gutenberg-ar-84a7625187e218b518298469e531382d.json
[2025-03-12 21:23:26] [INFO] Converting JSON to MD: C:\Users\Chris\cFish.io\wp-content\plugins\gutenberg\gutenberg-ar-89337192c82f6ec91cfe1bb3aafe66b2.json
[2025-03-12 21:23:26] [INFO] Skipping excluded file: C:\Users\Chris\cFish.io\wp-content\plugins\gutenberg\gutenberg-ar-89337192c82f6ec91cfe1bb3aafe66b2.json
[2025-03-12 21:23:26] [INFO] Converting JSON to MD: C:\Users\Chris\cFish.io\wp-content\plugins\gutenberg\gutenberg-ar-b28e16a397b8722f99fae785b95a4478.json
[2025-03-12 21:23:26] [INFO] Skipping excluded file: C:\Users\Chris\cFish.io\wp-content\plugins\gutenberg\gutenberg-ar-b28e16a397b8722f99fae785b95a4478.json
[2025-03-12 21:23:26] [INFO] Converting JSON to MD: C:\Users\Chris\cFish.io\wp-content\plugins\gutenberg\gutenberg-ar-ba39bebc48939c14ec581e7cf44bb27a.json
[2025-03-12 21:23:26] [INFO] Skipping excluded file: C:\Users\Chris\cFish.io\wp-content\plugins\gutenberg\gutenberg-ar-ba39bebc48939c14ec581e7cf44bb27a.json
[2025-03-12 21:23:26] [INFO] Converting JSON to MD: C:\Users\Chris\cFish.io\wp-content\plugins\gutenberg\gutenberg-ar-bd25c177bb43e960435d8bf33c14f6d3.json
[2025-03-12 21:23:26] [INFO] Skipping excluded file: C:\Users\Chris\cFish.io\wp-content\plugins\gutenberg\gutenberg-ar-bd25c177bb43e960435d8bf33c14f6d3.json
[2025-03-12 21:23:26] [INFO] Converting JSON to MD: C:\Users\Chris\cFish.io\wp-content\plugins\gutenberg\gutenberg-ar-c4c26f565695d6a88d0e7ab2e54949c3.json
[2025-03-12 21:23:26] [INFO] Skipping excluded file: C:\Users\Chris\cFish.io\wp-content\plugins\gutenberg\gutenberg-ar-c4c26f565695d6a88d0e7ab2e54949c3.json
[2025-03-12 21:23:26] [INFO] Converting JSON to MD: C:\Users\Chris\cFish.io\wp-content\plugins\gutenberg\gutenberg-ar-cc0ae1a9d2f54754d6de5eabbcb89f5b.json
[2025-03-12 21:23:26] [INFO] Skipping excluded file: C:\Users\Chris\cFish.io\wp-content\plugins\gutenberg\gutenberg-ar-cc0ae1a9d2f54754d6de5eabbcb89f5b.json
[2025-03-12 21:23:26] [INFO] Converting JSON to MD: C:\Users\Chris\cFish.io\wp-content\plugins\gutenberg\gutenberg-ar-d4accdff3b7b226dad1f5f72ccee5bae.json
[2025-03-12 21:23:26] [INFO] Skipping excluded file: C:\Users\Chris\cFish.io\wp-content\plugins\gutenberg\gutenberg-ar-d4accdff3b7b226dad1f5f72ccee5bae.json
[2025-03-12 21:23:26] [INFO] Converting JSON to MD: C:\Users\Chris\cFish.io\wp-content\plugins\gutenberg\gutenberg-ar-d83116db7e3459d9c9a90cae3216278f.json
[2025-03-12 21:23:26] [INFO] Skipping excluded file: C:\Users\Chris\cFish.io\wp-content\plugins\gutenberg\gutenberg-ar-d83116db7e3459d9c9a90cae3216278f.json
[2025-03-12 21:23:26] [INFO] Converting JSON to MD: C:\Users\Chris\cFish.io\wp-content\plugins\gutenberg\gutenberg-ar-e5d3200f2f39097aa25c45c0f7243af8.json
[2025-03-12 21:23:26] [INFO] Skipping excluded file: C:\Users\Chris\cFish.io\wp-content\plugins\gutenberg\gutenberg-ar-e5d3200f2f39097aa25c45c0f7243af8.json
[2025-03-12 21:23:27] [INFO] Converting JSON to MD: C:\Users\Chris\cFish.io\wp-content\plugins\gutenberg\gutenberg-ar-e7b6005012912540099a002617fcee91.json
[2025-03-12 21:23:27] [INFO] Skipping excluded file: C:\Users\Chris\cFish.io\wp-content\plugins\gutenberg\gutenberg-ar-e7b6005012912540099a002617fcee91.json
[2025-03-12 21:23:27] [INFO] Converting JSON to MD: C:\Users\Chris\cFish.io\wp-content\plugins\gutenberg\gutenberg-ar-f39744326030f4f787227808e504b523.json
[2025-03-12 21:23:27] [INFO] Skipping excluded file: C:\Users\Chris\cFish.io\wp-content\plugins\gutenberg\gutenberg-ar-f39744326030f4f787227808e504b523.json
[2025-03-12 21:23:27] [INFO] Converting JSON to MD: C:\Users\Chris\cFish.io\wp-content\plugins\gutenberg\gutenberg-bo-04418208c292b36bc4a3469b3ffc3d41.json
[2025-03-12 21:23:27] [INFO] Skipping excluded file: C:\Users\Chris\cFish.io\wp-content\plugins\gutenberg\gutenberg-bo-04418208c292b36bc4a3469b3ffc3d41.json
[2025-03-12 21:23:27] [INFO] Converting JSON to MD: C:\Users\Chris\cFish.io\wp-content\plugins\gutenberg\gutenberg-bo-07d88e6a803e01276b9bfcc1203e862e.json
[2025-03-12 21:23:27] [INFO] Skipping excluded file: C:\Users\Chris\cFish.io\wp-content\plugins\gutenberg\gutenberg-bo-07d88e6a803e01276b9bfcc1203e862e.json
[2025-03-12 21:23:27] [INFO] Converting JSON to MD: C:\Users\Chris\cFish.io\wp-content\plugins\gutenberg\gutenberg-bo-07ef134978802e52988301e5564a124c.json
[2025-03-12 21:23:27] [INFO] Skipping excluded file: C:\Users\Chris\cFish.io\wp-content\plugins\gutenberg\gutenberg-bo-07ef134978802e52988301e5564a124c.json
[2025-03-12 21:23:27] [INFO] Converting JSON to MD: C:\Users\Chris\cFish.io\wp-content\plugins\gutenberg\gutenberg-bo-195c2ee33af3438dc681885037a9dd77.json
[2025-03-12 21:23:27] [INFO] Skipping excluded file: C:\Users\Chris\cFish.io\wp-content\plugins\gutenberg\gutenberg-bo-195c2ee33af3438dc681885037a9dd77.json
[2025-03-12 21:23:27] [INFO] Converting JSON to MD: C:\Users\Chris\cFish.io\wp-content\plugins\gutenberg\gutenberg-bo-2db29b02b406fc710377e5966a268a5b.json
[2025-03-12 21:23:27] [INFO] Skipping excluded file: C:\Users\Chris\cFish.io\wp-content\plugins\gutenberg\gutenberg-bo-2db29b02b406fc710377e5966a268a5b.json
[2025-03-12 21:23:27] [INFO] Converting JSON to MD: C:\Users\Chris\cFish.io\wp-content\plugins\gutenberg\gutenberg-bo-2ecc15db55b460a0c1c65371b1c7144e.json
[2025-03-12 21:23:27] [INFO] Skipping excluded file: C:\Users\Chris\cFish.io\wp-content\plugins\gutenberg\gutenberg-bo-2ecc15db55b460a0c1c65371b1c7144e.json
[2025-03-12 21:23:28] [INFO] Converting JSON to MD: C:\Users\Chris\cFish.io\wp-content\plugins\gutenberg\gutenberg-bo-562b384b5ba625d9c67b6a487da0fb82.json
[2025-03-12 21:23:28] [INFO] Skipping excluded file: C:\Users\Chris\cFish.io\wp-content\plugins\gutenberg\gutenberg-bo-562b384b5ba625d9c67b6a487da0fb82.json
[2025-03-12 21:23:28] [INFO] Converting JSON to MD: C:\Users\Chris\cFish.io\wp-content\plugins\gutenberg\gutenberg-bo-57ca266aaa51c0865f9b606c3b122edf.json
[2025-03-12 21:23:28] [INFO] Skipping excluded file: C:\Users\Chris\cFish.io\wp-content\plugins\gutenberg\gutenberg-bo-57ca266aaa51c0865f9b606c3b122edf.json
[2025-03-12 21:23:28] [INFO] Converting JSON to MD: C:\Users\Chris\cFish.io\wp-content\plugins\gutenberg\gutenberg-bo-5a39926d0d16d0b7e0231768f706d685.json
[2025-03-12 21:23:28] [INFO] Skipping excluded file: C:\Users\Chris\cFish.io\wp-content\plugins\gutenberg\gutenberg-bo-5a39926d0d16d0b7e0231768f706d685.json
[2025-03-12 21:23:28] [INFO] Converting JSON to MD: C:\Users\Chris\cFish.io\wp-content\plugins\gutenberg\gutenberg-bo-5b24ba153c5b34da32d79d6bf83c42fd.json
[2025-03-12 21:23:28] [INFO] Skipping excluded file: C:\Users\Chris\cFish.io\wp-content\plugins\gutenberg\gutenberg-bo-5b24ba153c5b34da32d79d6bf83c42fd.json
[2025-03-12 21:23:28] [INFO] Converting JSON to MD: C:\Users\Chris\cFish.io\wp-content\plugins\gutenberg\gutenberg-bo-5b6fdbd8b6d8e74e269a71b5e2a640ae.json
[2025-03-12 21:23:28] [INFO] Skipping excluded file: C:\Users\Chris\cFish.io\wp-content\plugins\gutenberg\gutenberg-bo-5b6fdbd8b6d8e74e269a71b5e2a640ae.json
[2025-03-12 21:23:28] [INFO] Converting JSON to MD: C:\Users\Chris\cFish.io\wp-content\plugins\gutenberg\gutenberg-bo-669341f094c411cfc73de2f3b74475cd.json
[2025-03-12 21:23:28] [INFO] Skipping excluded file: C:\Users\Chris\cFish.io\wp-content\plugins\gutenberg\gutenberg-bo-669341f094c411cfc73de2f3b74475cd.json
[2025-03-12 21:23:28] [INFO] Converting JSON to MD: C:\Users\Chris\cFish.io\wp-content\plugins\gutenberg\gutenberg-bo-6da18768062abe6e705a5ac7876b5642.json
[2025-03-12 21:23:28] [INFO] Skipping excluded file: C:\Users\Chris\cFish.io\wp-content\plugins\gutenberg\gutenberg-bo-6da18768062abe6e705a5ac7876b5642.json
[2025-03-12 21:23:28] [INFO] Converting JSON to MD: C:\Users\Chris\cFish.io\wp-content\plugins\gutenberg\gutenberg-bo-84a7625187e218b518298469e531382d.json
[2025-03-12 21:23:28] [INFO] Skipping excluded file: C:\Users\Chris\cFish.io\wp-content\plugins\gutenberg\gutenberg-bo-84a7625187e218b518298469e531382d.json
[2025-03-12 21:23:29] [INFO] Converting JSON to MD: C:\Users\Chris\cFish.io\wp-content\plugins\gutenberg\gutenberg-bo-89337192c82f6ec91cfe1bb3aafe66b2.json
[2025-03-12 21:23:29] [INFO] Skipping excluded file: C:\Users\Chris\cFish.io\wp-content\plugins\gutenberg\gutenberg-bo-89337192c82f6ec91cfe1bb3aafe66b2.json
[2025-03-12 21:23:29] [INFO] Converting JSON to MD: C:\Users\Chris\cFish.io\wp-content\plugins\gutenberg\gutenberg-bo-b28e16a397b8722f99fae785b95a4478.json
[2025-03-12 21:23:29] [INFO] Skipping excluded file: C:\Users\Chris\cFish.io\wp-content\plugins\gutenberg\gutenberg-bo-b28e16a397b8722f99fae785b95a4478.json
[2025-03-12 21:23:29] [INFO] Converting JSON to MD: C:\Users\Chris\cFish.io\wp-content\plugins\gutenberg\gutenberg-bo-ba39bebc48939c14ec581e7cf44bb27a.json
[2025-03-12 21:23:29] [INFO] Skipping excluded file: C:\Users\Chris\cFish.io\wp-content\plugins\gutenberg\gutenberg-bo-ba39bebc48939c14ec581e7cf44bb27a.json
[2025-03-12 21:23:29] [INFO] Converting JSON to MD: C:\Users\Chris\cFish.io\wp-content\plugins\gutenberg\gutenberg-bo-bd25c177bb43e960435d8bf33c14f6d3.json
[2025-03-12 21:23:29] [INFO] Skipping excluded file: C:\Users\Chris\cFish.io\wp-content\plugins\gutenberg\gutenberg-bo-bd25c177bb43e960435d8bf33c14f6d3.json
[2025-03-12 21:23:29] [INFO] Converting JSON to MD: C:\Users\Chris\cFish.io\wp-content\plugins\gutenberg\gutenberg-bo-c4c26f565695d6a88d0e7ab2e54949c3.json
[2025-03-12 21:23:29] [INFO] Skipping excluded file: C:\Users\Chris\cFish.io\wp-content\plugins\gutenberg\gutenberg-bo-c4c26f565695d6a88d0e7ab2e54949c3.json
[2025-03-12 21:23:29] [INFO] Converting JSON to MD: C:\Users\Chris\cFish.io\wp-content\plugins\gutenberg\gutenberg-bo-cc0ae1a9d2f54754d6de5eabbcb89f5b.json
[2025-03-12 21:23:29] [INFO] Skipping excluded file: C:\Users\Chris\cFish.io\wp-content\plugins\gutenberg\gutenberg-bo-cc0ae1a9d2f54754d6de5eabbcb89f5b.json
[2025-03-12 21:23:29] [INFO] Converting JSON to MD: C:\Users\Chris\cFish.io\wp-content\plugins\gutenberg\gutenberg-bo-d4accdff3b7b226dad1f5f72ccee5bae.json
[2025-03-12 21:23:29] [INFO] Skipping excluded file: C:\Users\Chris\cFish.io\wp-content\plugins\gutenberg\gutenberg-bo-d4accdff3b7b226dad1f5f72ccee5bae.json
[2025-03-12 21:23:29] [INFO] Converting JSON to MD: C:\Users\Chris\cFish.io\wp-content\plugins\gutenberg\gutenberg-bo-d83116db7e3459d9c9a90cae3216278f.json
[2025-03-12 21:23:29] [INFO] Skipping excluded file: C:\Users\Chris\cFish.io\wp-content\plugins\gutenberg\gutenberg-bo-d83116db7e3459d9c9a90cae3216278f.json
[2025-03-12 21:23:29] [INFO] Converting JSON to MD: C:\Users\Chris\cFish.io\wp-content\plugins\gutenberg\gutenberg-bo-e5d3200f2f39097aa25c45c0f7243af8.json
[2025-03-12 21:23:29] [INFO] Skipping excluded file: C:\Users\Chris\cFish.io\wp-content\plugins\gutenberg\gutenberg-bo-e5d3200f2f39097aa25c45c0f7243af8.json
[2025-03-12 21:23:30] [INFO] Converting JSON to MD: C:\Users\Chris\cFish.io\wp-content\plugins\gutenberg\gutenberg-bo-e7b6005012912540099a002617fcee91.json
[2025-03-12 21:23:30] [INFO] Skipping excluded file: C:\Users\Chris\cFish.io\wp-content\plugins\gutenberg\gutenberg-bo-e7b6005012912540099a002617fcee91.json
[2025-03-12 21:23:30] [INFO] Converting JSON to MD: C:\Users\Chris\cFish.io\wp-content\plugins\gutenberg\gutenberg-bo-f39744326030f4f787227808e504b523.json
[2025-03-12 21:23:30] [INFO] Skipping excluded file: C:\Users\Chris\cFish.io\wp-content\plugins\gutenberg\gutenberg-bo-f39744326030f4f787227808e504b523.json
[2025-03-12 21:23:30] [INFO] Converting JSON to MD: C:\Users\Chris\cFish.io\wp-content\plugins\gutenberg\gutenberg-ca-04418208c292b36bc4a3469b3ffc3d41.json
[2025-03-12 21:23:30] [INFO] Skipping excluded file: C:\Users\Chris\cFish.io\wp-content\plugins\gutenberg\gutenberg-ca-04418208c292b36bc4a3469b3ffc3d41.json
[2025-03-12 21:23:30] [INFO] Converting JSON to MD: C:\Users\Chris\cFish.io\wp-content\plugins\gutenberg\gutenberg-ca-07d88e6a803e01276b9bfcc1203e862e.json
[2025-03-12 21:23:30] [INFO] Skipping excluded file: C:\Users\Chris\cFish.io\wp-content\plugins\gutenberg\gutenberg-ca-07d88e6a803e01276b9bfcc1203e862e.json
[2025-03-12 21:23:30] [INFO] Converting JSON to MD: C:\Users\Chris\cFish.io\wp-content\plugins\gutenberg\gutenberg-ca-07ef134978802e52988301e5564a124c.json
[2025-03-12 21:23:30] [INFO] Skipping excluded file: C:\Users\Chris\cFish.io\wp-content\plugins\gutenberg\gutenberg-ca-07ef134978802e52988301e5564a124c.json
[2025-03-12 21:23:30] [INFO] Converting JSON to MD: C:\Users\Chris\cFish.io\wp-content\plugins\gutenberg\gutenberg-ca-17d863d02d419d257cce84f2a9934b91.json
[2025-03-12 21:23:30] [INFO] Skipping excluded file: C:\Users\Chris\cFish.io\wp-content\plugins\gutenberg\gutenberg-ca-17d863d02d419d257cce84f2a9934b91.json
[2025-03-12 21:23:30] [INFO] Converting JSON to MD: C:\Users\Chris\cFish.io\wp-content\plugins\gutenberg\gutenberg-ca-195c2ee33af3438dc681885037a9dd77.json
[2025-03-12 21:23:30] [INFO] Skipping excluded file: C:\Users\Chris\cFish.io\wp-content\plugins\gutenberg\gutenberg-ca-195c2ee33af3438dc681885037a9dd77.json
[2025-03-12 21:23:30] [INFO] Converting JSON to MD: C:\Users\Chris\cFish.io\wp-content\plugins\gutenberg\gutenberg-ca-22103b0fceb70bf4f3ed789172c4cc4e.json
[2025-03-12 21:23:30] [INFO] Skipping excluded file: C:\Users\Chris\cFish.io\wp-content\plugins\gutenberg\gutenberg-ca-22103b0fceb70bf4f3ed789172c4cc4e.json
[2025-03-12 21:23:30] [INFO] Converting JSON to MD: C:\Users\Chris\cFish.io\wp-content\plugins\gutenberg\gutenberg-ca-2db29b02b406fc710377e5966a268a5b.json
[2025-03-12 21:23:30] [INFO] Skipping excluded file: C:\Users\Chris\cFish.io\wp-content\plugins\gutenberg\gutenberg-ca-2db29b02b406fc710377e5966a268a5b.json
[2025-03-12 21:23:31] [INFO] Converting JSON to MD: C:\Users\Chris\cFish.io\wp-content\plugins\gutenberg\gutenberg-ca-2ecc15db55b460a0c1c65371b1c7144e.json
[2025-03-12 21:23:31] [INFO] Skipping excluded file: C:\Users\Chris\cFish.io\wp-content\plugins\gutenberg\gutenberg-ca-2ecc15db55b460a0c1c65371b1c7144e.json
[2025-03-12 21:23:31] [INFO] Converting JSON to MD: C:\Users\Chris\cFish.io\wp-content\plugins\gutenberg\gutenberg-ca-562b384b5ba625d9c67b6a487da0fb82.json
[2025-03-12 21:23:31] [INFO] Skipping excluded file: C:\Users\Chris\cFish.io\wp-content\plugins\gutenberg\gutenberg-ca-562b384b5ba625d9c67b6a487da0fb82.json
[2025-03-12 21:23:31] [INFO] Converting JSON to MD: C:\Users\Chris\cFish.io\wp-content\plugins\gutenberg\gutenberg-ca-57ca266aaa51c0865f9b606c3b122edf.json
[2025-03-12 21:23:31] [INFO] Skipping excluded file: C:\Users\Chris\cFish.io\wp-content\plugins\gutenberg\gutenberg-ca-57ca266aaa51c0865f9b606c3b122edf.json
[2025-03-12 21:23:31] [INFO] Converting JSON to MD: C:\Users\Chris\cFish.io\wp-content\plugins\gutenberg\gutenberg-ca-5a39926d0d16d0b7e0231768f706d685.json
[2025-03-12 21:23:31] [INFO] Skipping excluded file: C:\Users\Chris\cFish.io\wp-content\plugins\gutenberg\gutenberg-ca-5a39926d0d16d0b7e0231768f706d685.json
[2025-03-12 21:23:31] [INFO] Converting JSON to MD: C:\Users\Chris\cFish.io\wp-content\plugins\gutenberg\gutenberg-ca-5b24ba153c5b34da32d79d6bf83c42fd.json
[2025-03-12 21:23:31] [INFO] Skipping excluded file: C:\Users\Chris\cFish.io\wp-content\plugins\gutenberg\gutenberg-ca-5b24ba153c5b34da32d79d6bf83c42fd.json
[2025-03-12 21:23:31] [INFO] Converting JSON to MD: C:\Users\Chris\cFish.io\wp-content\plugins\gutenberg\gutenberg-ca-5b6fdbd8b6d8e74e269a71b5e2a640ae.json
[2025-03-12 21:23:31] [INFO] Skipping excluded file: C:\Users\Chris\cFish.io\wp-content\plugins\gutenberg\gutenberg-ca-5b6fdbd8b6d8e74e269a71b5e2a640ae.json
[2025-03-12 21:23:31] [INFO] Converting JSON to MD: C:\Users\Chris\cFish.io\wp-content\plugins\gutenberg\gutenberg-ca-664bd2d849a376fcdd35ecc175c8077e.json
[2025-03-12 21:23:31] [INFO] Skipping excluded file: C:\Users\Chris\cFish.io\wp-content\plugins\gutenberg\gutenberg-ca-664bd2d849a376fcdd35ecc175c8077e.json
[2025-03-12 21:23:31] [INFO] Converting JSON to MD: C:\Users\Chris\cFish.io\wp-content\plugins\gutenberg\gutenberg-ca-669341f094c411cfc73de2f3b74475cd.json
[2025-03-12 21:23:31] [INFO] Skipping excluded file: C:\Users\Chris\cFish.io\wp-content\plugins\gutenberg\gutenberg-ca-669341f094c411cfc73de2f3b74475cd.json
[2025-03-12 21:23:31] [INFO] Converting JSON to MD: C:\Users\Chris\cFish.io\wp-content\plugins\gutenberg\gutenberg-ca-6da18768062abe6e705a5ac7876b5642.json
[2025-03-12 21:23:31] [INFO] Skipping excluded file: C:\Users\Chris\cFish.io\wp-content\plugins\gutenberg\gutenberg-ca-6da18768062abe6e705a5ac7876b5642.json
[2025-03-12 21:23:32] [INFO] Converting JSON to MD: C:\Users\Chris\cFish.io\wp-content\plugins\gutenberg\gutenberg-ca-84a7625187e218b518298469e531382d.json
[2025-03-12 21:23:32] [INFO] Skipping excluded file: C:\Users\Chris\cFish.io\wp-content\plugins\gutenberg\gutenberg-ca-84a7625187e218b518298469e531382d.json
[2025-03-12 21:23:32] [INFO] Converting JSON to MD: C:\Users\Chris\cFish.io\wp-content\plugins\gutenberg\gutenberg-ca-89337192c82f6ec91cfe1bb3aafe66b2.json
[2025-03-12 21:23:32] [INFO] Skipping excluded file: C:\Users\Chris\cFish.io\wp-content\plugins\gutenberg\gutenberg-ca-89337192c82f6ec91cfe1bb3aafe66b2.json
[2025-03-12 21:23:32] [INFO] Converting JSON to MD: C:\Users\Chris\cFish.io\wp-content\plugins\gutenberg\gutenberg-ca-8dd62110e8ea51d13ad3f5c26b723f2f.json
[2025-03-12 21:23:32] [INFO] Skipping excluded file: C:\Users\Chris\cFish.io\wp-content\plugins\gutenberg\gutenberg-ca-8dd62110e8ea51d13ad3f5c26b723f2f.json
[2025-03-12 21:23:32] [INFO] Converting JSON to MD: C:\Users\Chris\cFish.io\wp-content\plugins\gutenberg\gutenberg-ca-b28e16a397b8722f99fae785b95a4478.json
[2025-03-12 21:23:32] [INFO] Skipping excluded file: C:\Users\Chris\cFish.io\wp-content\plugins\gutenberg\gutenberg-ca-b28e16a397b8722f99fae785b95a4478.json
[2025-03-12 21:23:32] [INFO] Converting JSON to MD: C:\Users\Chris\cFish.io\wp-content\plugins\gutenberg\gutenberg-ca-ba39bebc48939c14ec581e7cf44bb27a.json
[2025-03-12 21:23:32] [INFO] Skipping excluded file: C:\Users\Chris\cFish.io\wp-content\plugins\gutenberg\gutenberg-ca-ba39bebc48939c14ec581e7cf44bb27a.json
[2025-03-12 21:23:32] [INFO] Converting JSON to MD: C:\Users\Chris\cFish.io\wp-content\plugins\gutenberg\gutenberg-ca-bd25c177bb43e960435d8bf33c14f6d3.json
[2025-03-12 21:23:32] [INFO] Skipping excluded file: C:\Users\Chris\cFish.io\wp-content\plugins\gutenberg\gutenberg-ca-bd25c177bb43e960435d8bf33c14f6d3.json
[2025-03-12 21:23:32] [INFO] Converting JSON to MD: C:\Users\Chris\cFish.io\wp-content\plugins\gutenberg\gutenberg-ca-c4c26f565695d6a88d0e7ab2e54949c3.json
[2025-03-12 21:23:32] [INFO] Skipping excluded file: C:\Users\Chris\cFish.io\wp-content\plugins\gutenberg\gutenberg-ca-c4c26f565695d6a88d0e7ab2e54949c3.json
[2025-03-12 21:23:32] [INFO] Converting JSON to MD: C:\Users\Chris\cFish.io\wp-content\plugins\gutenberg\gutenberg-ca-cc0ae1a9d2f54754d6de5eabbcb89f5b.json
[2025-03-12 21:23:32] [INFO] Skipping excluded file: C:\Users\Chris\cFish.io\wp-content\plugins\gutenberg\gutenberg-ca-cc0ae1a9d2f54754d6de5eabbcb89f5b.json
[2025-03-12 21:23:33] [INFO] Converting JSON to MD: C:\Users\Chris\cFish.io\wp-content\plugins\gutenberg\gutenberg-ca-d4accdff3b7b226dad1f5f72ccee5bae.json
[2025-03-12 21:23:33] [INFO] Skipping excluded file: C:\Users\Chris\cFish.io\wp-content\plugins\gutenberg\gutenberg-ca-d4accdff3b7b226dad1f5f72ccee5bae.json
[2025-03-12 21:23:33] [INFO] Converting JSON to MD: C:\Users\Chris\cFish.io\wp-content\plugins\gutenberg\gutenberg-ca-d83116db7e3459d9c9a90cae3216278f.json
[2025-03-12 21:23:33] [INFO] Skipping excluded file: C:\Users\Chris\cFish.io\wp-content\plugins\gutenberg\gutenberg-ca-d83116db7e3459d9c9a90cae3216278f.json
[2025-03-12 21:23:33] [INFO] Converting JSON to MD: C:\Users\Chris\cFish.io\wp-content\plugins\gutenberg\gutenberg-ca-e5d3200f2f39097aa25c45c0f7243af8.json
[2025-03-12 21:23:33] [INFO] Skipping excluded file: C:\Users\Chris\cFish.io\wp-content\plugins\gutenberg\gutenberg-ca-e5d3200f2f39097aa25c45c0f7243af8.json
[2025-03-12 21:23:33] [INFO] Converting JSON to MD: C:\Users\Chris\cFish.io\wp-content\plugins\gutenberg\gutenberg-ca-e7b6005012912540099a002617fcee91.json
[2025-03-12 21:23:33] [INFO] Skipping excluded file: C:\Users\Chris\cFish.io\wp-content\plugins\gutenberg\gutenberg-ca-e7b6005012912540099a002617fcee91.json
[2025-03-12 21:23:33] [INFO] Converting JSON to MD: C:\Users\Chris\cFish.io\wp-content\plugins\gutenberg\gutenberg-ca-f39744326030f4f787227808e504b523.json
[2025-03-12 21:23:33] [INFO] Skipping excluded file: C:\Users\Chris\cFish.io\wp-content\plugins\gutenberg\gutenberg-ca-f39744326030f4f787227808e504b523.json
[2025-03-12 21:23:33] [INFO] Converting JSON to MD: C:\Users\Chris\cFish.io\wp-content\plugins\gutenberg\gutenberg-cs_CZ-04418208c292b36bc4a3469b3ffc3d41.json
[2025-03-12 21:23:33] [INFO] Skipping excluded file: C:\Users\Chris\cFish.io\wp-content\plugins\gutenberg\gutenberg-cs_CZ-04418208c292b36bc4a3469b3ffc3d41.json
[2025-03-12 21:23:33] [INFO] Converting JSON to MD: C:\Users\Chris\cFish.io\wp-content\plugins\gutenberg\gutenberg-cs_CZ-07d88e6a803e01276b9bfcc1203e862e.json
[2025-03-12 21:23:33] [INFO] Skipping excluded file: C:\Users\Chris\cFish.io\wp-content\plugins\gutenberg\gutenberg-cs_CZ-07d88e6a803e01276b9bfcc1203e862e.json
[2025-03-12 21:23:33] [INFO] Converting JSON to MD: C:\Users\Chris\cFish.io\wp-content\plugins\gutenberg\gutenberg-cs_CZ-07ef134978802e52988301e5564a124c.json
[2025-03-12 21:23:33] [INFO] Skipping excluded file: C:\Users\Chris\cFish.io\wp-content\plugins\gutenberg\gutenberg-cs_CZ-07ef134978802e52988301e5564a124c.json
[2025-03-12 21:23:33] [INFO] Converting JSON to MD: C:\Users\Chris\cFish.io\wp-content\plugins\gutenberg\gutenberg-cs_CZ-17d863d02d419d257cce84f2a9934b91.json
[2025-03-12 21:23:33] [INFO] Skipping excluded file: C:\Users\Chris\cFish.io\wp-content\plugins\gutenberg\gutenberg-cs_CZ-17d863d02d419d257cce84f2a9934b91.json
[2025-03-12 21:23:34] [INFO] Converting JSON to MD: C:\Users\Chris\cFish.io\wp-content\plugins\gutenberg\gutenberg-cs_CZ-195c2ee33af3438dc681885037a9dd77.json
[2025-03-12 21:23:34] [INFO] Skipping excluded file: C:\Users\Chris\cFish.io\wp-content\plugins\gutenberg\gutenberg-cs_CZ-195c2ee33af3438dc681885037a9dd77.json
[2025-03-12 21:23:34] [INFO] Converting JSON to MD: C:\Users\Chris\cFish.io\wp-content\plugins\gutenberg\gutenberg-cs_CZ-2db29b02b406fc710377e5966a268a5b.json
[2025-03-12 21:23:34] [INFO] Skipping excluded file: C:\Users\Chris\cFish.io\wp-content\plugins\gutenberg\gutenberg-cs_CZ-2db29b02b406fc710377e5966a268a5b.json
[2025-03-12 21:23:34] [INFO] Converting JSON to MD: C:\Users\Chris\cFish.io\wp-content\plugins\gutenberg\gutenberg-cs_CZ-2ecc15db55b460a0c1c65371b1c7144e.json
[2025-03-12 21:23:34] [INFO] Skipping excluded file: C:\Users\Chris\cFish.io\wp-content\plugins\gutenberg\gutenberg-cs_CZ-2ecc15db55b460a0c1c65371b1c7144e.json
[2025-03-12 21:23:34] [INFO] Converting JSON to MD: C:\Users\Chris\cFish.io\wp-content\plugins\gutenberg\gutenberg-cs_CZ-562b384b5ba625d9c67b6a487da0fb82.json
[2025-03-12 21:23:34] [INFO] Skipping excluded file: C:\Users\Chris\cFish.io\wp-content\plugins\gutenberg\gutenberg-cs_CZ-562b384b5ba625d9c67b6a487da0fb82.json
[2025-03-12 21:23:34] [INFO] Converting JSON to MD: C:\Users\Chris\cFish.io\wp-content\plugins\gutenberg\gutenberg-cs_CZ-57ca266aaa51c0865f9b606c3b122edf.json
[2025-03-12 21:23:34] [INFO] Skipping excluded file: C:\Users\Chris\cFish.io\wp-content\plugins\gutenberg\gutenberg-cs_CZ-57ca266aaa51c0865f9b606c3b122edf.json
[2025-03-12 21:23:34] [INFO] Converting JSON to MD: C:\Users\Chris\cFish.io\wp-content\plugins\gutenberg\gutenberg-cs_CZ-5a39926d0d16d0b7e0231768f706d685.json
[2025-03-12 21:23:34] [INFO] Skipping excluded file: C:\Users\Chris\cFish.io\wp-content\plugins\gutenberg\gutenberg-cs_CZ-5a39926d0d16d0b7e0231768f706d685.json
[2025-03-12 21:23:34] [INFO] Converting JSON to MD: C:\Users\Chris\cFish.io\wp-content\plugins\gutenberg\gutenberg-cs_CZ-5b24ba153c5b34da32d79d6bf83c42fd.json
[2025-03-12 21:23:34] [INFO] Skipping excluded file: C:\Users\Chris\cFish.io\wp-content\plugins\gutenberg\gutenberg-cs_CZ-5b24ba153c5b34da32d79d6bf83c42fd.json
[2025-03-12 21:23:34] [INFO] Converting JSON to MD: C:\Users\Chris\cFish.io\wp-content\plugins\gutenberg\gutenberg-cs_CZ-5b6fdbd8b6d8e74e269a71b5e2a640ae.json
[2025-03-12 21:23:34] [INFO] Skipping excluded file: C:\Users\Chris\cFish.io\wp-content\plugins\gutenberg\gutenberg-cs_CZ-5b6fdbd8b6d8e74e269a71b5e2a640ae.json
[2025-03-12 21:23:34] [INFO] Converting JSON to MD: C:\Users\Chris\cFish.io\wp-content\plugins\gutenberg\gutenberg-cs_CZ-669341f094c411cfc73de2f3b74475cd.json
[2025-03-12 21:23:34] [INFO] Skipping excluded file: C:\Users\Chris\cFish.io\wp-content\plugins\gutenberg\gutenberg-cs_CZ-669341f094c411cfc73de2f3b74475cd.json
[2025-03-12 21:23:35] [INFO] Converting JSON to MD: C:\Users\Chris\cFish.io\wp-content\plugins\gutenberg\gutenberg-cs_CZ-6da18768062abe6e705a5ac7876b5642.json
[2025-03-12 21:23:35] [INFO] Skipping excluded file: C:\Users\Chris\cFish.io\wp-content\plugins\gutenberg\gutenberg-cs_CZ-6da18768062abe6e705a5ac7876b5642.json
[2025-03-12 21:23:35] [INFO] Converting JSON to MD: C:\Users\Chris\cFish.io\wp-content\plugins\gutenberg\gutenberg-cs_CZ-84a7625187e218b518298469e531382d.json
[2025-03-12 21:23:35] [INFO] Skipping excluded file: C:\Users\Chris\cFish.io\wp-content\plugins\gutenberg\gutenberg-cs_CZ-84a7625187e218b518298469e531382d.json
[2025-03-12 21:23:35] [INFO] Converting JSON to MD: C:\Users\Chris\cFish.io\wp-content\plugins\gutenberg\gutenberg-cs_CZ-89337192c82f6ec91cfe1bb3aafe66b2.json
[2025-03-12 21:23:35] [INFO] Skipping excluded file: C:\Users\Chris\cFish.io\wp-content\plugins\gutenberg\gutenberg-cs_CZ-89337192c82f6ec91cfe1bb3aafe66b2.json
[2025-03-12 21:23:35] [INFO] Converting JSON to MD: C:\Users\Chris\cFish.io\wp-content\plugins\gutenberg\gutenberg-cs_CZ-8dd62110e8ea51d13ad3f5c26b723f2f.json
[2025-03-12 21:23:35] [INFO] Skipping excluded file: C:\Users\Chris\cFish.io\wp-content\plugins\gutenberg\gutenberg-cs_CZ-8dd62110e8ea51d13ad3f5c26b723f2f.json
[2025-03-12 21:23:35] [INFO] Converting JSON to MD: C:\Users\Chris\cFish.io\wp-content\plugins\gutenberg\gutenberg-cs_CZ-b28e16a397b8722f99fae785b95a4478.json
[2025-03-12 21:23:35] [INFO] Skipping excluded file: C:\Users\Chris\cFish.io\wp-content\plugins\gutenberg\gutenberg-cs_CZ-b28e16a397b8722f99fae785b95a4478.json
[2025-03-12 21:23:35] [INFO] Converting JSON to MD: C:\Users\Chris\cFish.io\wp-content\plugins\gutenberg\gutenberg-cs_CZ-ba39bebc48939c14ec581e7cf44bb27a.json
[2025-03-12 21:23:35] [INFO] Skipping excluded file: C:\Users\Chris\cFish.io\wp-content\plugins\gutenberg\gutenberg-cs_CZ-ba39bebc48939c14ec581e7cf44bb27a.json
[2025-03-12 21:23:35] [INFO] Converting JSON to MD: C:\Users\Chris\cFish.io\wp-content\plugins\gutenberg\gutenberg-cs_CZ-bd25c177bb43e960435d8bf33c14f6d3.json
[2025-03-12 21:23:35] [INFO] Skipping excluded file: C:\Users\Chris\cFish.io\wp-content\plugins\gutenberg\gutenberg-cs_CZ-bd25c177bb43e960435d8bf33c14f6d3.json
[2025-03-12 21:23:35] [INFO] Converting JSON to MD: C:\Users\Chris\cFish.io\wp-content\plugins\gutenberg\gutenberg-cs_CZ-c4c26f565695d6a88d0e7ab2e54949c3.json
[2025-03-12 21:23:35] [INFO] Skipping excluded file: C:\Users\Chris\cFish.io\wp-content\plugins\gutenberg\gutenberg-cs_CZ-c4c26f565695d6a88d0e7ab2e54949c3.json
[2025-03-12 21:23:36] [INFO] Converting JSON to MD: C:\Users\Chris\cFish.io\wp-content\plugins\gutenberg\gutenberg-cs_CZ-cc0ae1a9d2f54754d6de5eabbcb89f5b.json
[2025-03-12 21:23:36] [INFO] Skipping excluded file: C:\Users\Chris\cFish.io\wp-content\plugins\gutenberg\gutenberg-cs_CZ-cc0ae1a9d2f54754d6de5eabbcb89f5b.json
[2025-03-12 21:23:36] [INFO] Converting JSON to MD: C:\Users\Chris\cFish.io\wp-content\plugins\gutenberg\gutenberg-cs_CZ-d4accdff3b7b226dad1f5f72ccee5bae.json
[2025-03-12 21:23:36] [INFO] Skipping excluded file: C:\Users\Chris\cFish.io\wp-content\plugins\gutenberg\gutenberg-cs_CZ-d4accdff3b7b226dad1f5f72ccee5bae.json
[2025-03-12 21:23:36] [INFO] Converting JSON to MD: C:\Users\Chris\cFish.io\wp-content\plugins\gutenberg\gutenberg-cs_CZ-d83116db7e3459d9c9a90cae3216278f.json
[2025-03-12 21:23:36] [INFO] Skipping excluded file: C:\Users\Chris\cFish.io\wp-content\plugins\gutenberg\gutenberg-cs_CZ-d83116db7e3459d9c9a90cae3216278f.json
[2025-03-12 21:23:36] [INFO] Converting JSON to MD: C:\Users\Chris\cFish.io\wp-content\plugins\gutenberg\gutenberg-cs_CZ-e5d3200f2f39097aa25c45c0f7243af8.json
[2025-03-12 21:23:36] [INFO] Skipping excluded file: C:\Users\Chris\cFish.io\wp-content\plugins\gutenberg\gutenberg-cs_CZ-e5d3200f2f39097aa25c45c0f7243af8.json
[2025-03-12 21:23:36] [INFO] Converting JSON to MD: C:\Users\Chris\cFish.io\wp-content\plugins\gutenberg\gutenberg-cs_CZ-e7b6005012912540099a002617fcee91.json
[2025-03-12 21:23:36] [INFO] Skipping excluded file: C:\Users\Chris\cFish.io\wp-content\plugins\gutenberg\gutenberg-cs_CZ-e7b6005012912540099a002617fcee91.json
[2025-03-12 21:23:36] [INFO] Converting JSON to MD: C:\Users\Chris\cFish.io\wp-content\plugins\gutenberg\gutenberg-cs_CZ-f39744326030f4f787227808e504b523.json
[2025-03-12 21:23:36] [INFO] Skipping excluded file: C:\Users\Chris\cFish.io\wp-content\plugins\gutenberg\gutenberg-cs_CZ-f39744326030f4f787227808e504b523.json
[2025-03-12 21:23:36] [INFO] Converting JSON to MD: C:\Users\Chris\cFish.io\wp-content\plugins\gutenberg\gutenberg-cy-04418208c292b36bc4a3469b3ffc3d41.json
[2025-03-12 21:23:36] [INFO] Skipping excluded file: C:\Users\Chris\cFish.io\wp-content\plugins\gutenberg\gutenberg-cy-04418208c292b36bc4a3469b3ffc3d41.json
[2025-03-12 21:23:36] [INFO] Converting JSON to MD: C:\Users\Chris\cFish.io\wp-content\plugins\gutenberg\gutenberg-cy-07d88e6a803e01276b9bfcc1203e862e.json
[2025-03-12 21:23:36] [INFO] Skipping excluded file: C:\Users\Chris\cFish.io\wp-content\plugins\gutenberg\gutenberg-cy-07d88e6a803e01276b9bfcc1203e862e.json
[2025-03-12 21:23:36] [INFO] Converting JSON to MD: C:\Users\Chris\cFish.io\wp-content\plugins\gutenberg\gutenberg-cy-07ef134978802e52988301e5564a124c.json
[2025-03-12 21:23:36] [INFO] Skipping excluded file: C:\Users\Chris\cFish.io\wp-content\plugins\gutenberg\gutenberg-cy-07ef134978802e52988301e5564a124c.json
[2025-03-12 21:23:37] [INFO] Converting JSON to MD: C:\Users\Chris\cFish.io\wp-content\plugins\gutenberg\gutenberg-cy-17d863d02d419d257cce84f2a9934b91.json
[2025-03-12 21:23:37] [INFO] Skipping excluded file: C:\Users\Chris\cFish.io\wp-content\plugins\gutenberg\gutenberg-cy-17d863d02d419d257cce84f2a9934b91.json
[2025-03-12 21:23:37] [INFO] Converting JSON to MD: C:\Users\Chris\cFish.io\wp-content\plugins\gutenberg\gutenberg-cy-195c2ee33af3438dc681885037a9dd77.json
[2025-03-12 21:23:37] [INFO] Skipping excluded file: C:\Users\Chris\cFish.io\wp-content\plugins\gutenberg\gutenberg-cy-195c2ee33af3438dc681885037a9dd77.json
[2025-03-12 21:23:37] [INFO] Converting JSON to MD: C:\Users\Chris\cFish.io\wp-content\plugins\gutenberg\gutenberg-cy-22103b0fceb70bf4f3ed789172c4cc4e.json
[2025-03-12 21:23:37] [INFO] Skipping excluded file: C:\Users\Chris\cFish.io\wp-content\plugins\gutenberg\gutenberg-cy-22103b0fceb70bf4f3ed789172c4cc4e.json
[2025-03-12 21:23:37] [INFO] Converting JSON to MD: C:\Users\Chris\cFish.io\wp-content\plugins\gutenberg\gutenberg-cy-2db29b02b406fc710377e5966a268a5b.json
[2025-03-12 21:23:37] [INFO] Skipping excluded file: C:\Users\Chris\cFish.io\wp-content\plugins\gutenberg\gutenberg-cy-2db29b02b406fc710377e5966a268a5b.json
[2025-03-12 21:23:37] [INFO] Converting JSON to MD: C:\Users\Chris\cFish.io\wp-content\plugins\gutenberg\gutenberg-cy-2ecc15db55b460a0c1c65371b1c7144e.json
[2025-03-12 21:23:37] [INFO] Skipping excluded file: C:\Users\Chris\cFish.io\wp-content\plugins\gutenberg\gutenberg-cy-2ecc15db55b460a0c1c65371b1c7144e.json
[2025-03-12 21:23:37] [INFO] Converting JSON to MD: C:\Users\Chris\cFish.io\wp-content\plugins\gutenberg\gutenberg-cy-562b384b5ba625d9c67b6a487da0fb82.json
[2025-03-12 21:23:37] [INFO] Skipping excluded file: C:\Users\Chris\cFish.io\wp-content\plugins\gutenberg\gutenberg-cy-562b384b5ba625d9c67b6a487da0fb82.json
[2025-03-12 21:23:37] [INFO] Converting JSON to MD: C:\Users\Chris\cFish.io\wp-content\plugins\gutenberg\gutenberg-cy-57ca266aaa51c0865f9b606c3b122edf.json
[2025-03-12 21:23:37] [INFO] Skipping excluded file: C:\Users\Chris\cFish.io\wp-content\plugins\gutenberg\gutenberg-cy-57ca266aaa51c0865f9b606c3b122edf.json
[2025-03-12 21:23:37] [INFO] Converting JSON to MD: C:\Users\Chris\cFish.io\wp-content\plugins\gutenberg\gutenberg-cy-5a39926d0d16d0b7e0231768f706d685.json
[2025-03-12 21:23:37] [INFO] Skipping excluded file: C:\Users\Chris\cFish.io\wp-content\plugins\gutenberg\gutenberg-cy-5a39926d0d16d0b7e0231768f706d685.json
[2025-03-12 21:23:38] [INFO] Converting JSON to MD: C:\Users\Chris\cFish.io\wp-content\plugins\gutenberg\gutenberg-cy-5b24ba153c5b34da32d79d6bf83c42fd.json
[2025-03-12 21:23:38] [INFO] Skipping excluded file: C:\Users\Chris\cFish.io\wp-content\plugins\gutenberg\gutenberg-cy-5b24ba153c5b34da32d79d6bf83c42fd.json
[2025-03-12 21:23:38] [INFO] Converting JSON to MD: C:\Users\Chris\cFish.io\wp-content\plugins\gutenberg\gutenberg-cy-5b6fdbd8b6d8e74e269a71b5e2a640ae.json
[2025-03-12 21:23:38] [INFO] Skipping excluded file: C:\Users\Chris\cFish.io\wp-content\plugins\gutenberg\gutenberg-cy-5b6fdbd8b6d8e74e269a71b5e2a640ae.json
[2025-03-12 21:23:38] [INFO] Converting JSON to MD: C:\Users\Chris\cFish.io\wp-content\plugins\gutenberg\gutenberg-cy-664bd2d849a376fcdd35ecc175c8077e.json
[2025-03-12 21:23:38] [INFO] Skipping excluded file: C:\Users\Chris\cFish.io\wp-content\plugins\gutenberg\gutenberg-cy-664bd2d849a376fcdd35ecc175c8077e.json
[2025-03-12 21:23:38] [INFO] Converting JSON to MD: C:\Users\Chris\cFish.io\wp-content\plugins\gutenberg\gutenberg-cy-669341f094c411cfc73de2f3b74475cd.json
[2025-03-12 21:23:38] [INFO] Skipping excluded file: C:\Users\Chris\cFish.io\wp-content\plugins\gutenberg\gutenberg-cy-669341f094c411cfc73de2f3b74475cd.json
[2025-03-12 21:23:38] [INFO] Converting JSON to MD: C:\Users\Chris\cFish.io\wp-content\plugins\gutenberg\gutenberg-cy-6da18768062abe6e705a5ac7876b5642.json
[2025-03-12 21:23:38] [INFO] Skipping excluded file: C:\Users\Chris\cFish.io\wp-content\plugins\gutenberg\gutenberg-cy-6da18768062abe6e705a5ac7876b5642.json
[2025-03-12 21:23:38] [INFO] Converting JSON to MD: C:\Users\Chris\cFish.io\wp-content\plugins\gutenberg\gutenberg-cy-84a7625187e218b518298469e531382d.json
[2025-03-12 21:23:38] [INFO] Skipping excluded file: C:\Users\Chris\cFish.io\wp-content\plugins\gutenberg\gutenberg-cy-84a7625187e218b518298469e531382d.json
[2025-03-12 21:23:38] [INFO] Converting JSON to MD: C:\Users\Chris\cFish.io\wp-content\plugins\gutenberg\gutenberg-cy-89337192c82f6ec91cfe1bb3aafe66b2.json
[2025-03-12 21:23:38] [INFO] Skipping excluded file: C:\Users\Chris\cFish.io\wp-content\plugins\gutenberg\gutenberg-cy-89337192c82f6ec91cfe1bb3aafe66b2.json
[2025-03-12 21:23:38] [INFO] Converting JSON to MD: C:\Users\Chris\cFish.io\wp-content\plugins\gutenberg\gutenberg-cy-8dd62110e8ea51d13ad3f5c26b723f2f.json
[2025-03-12 21:23:38] [INFO] Skipping excluded file: C:\Users\Chris\cFish.io\wp-content\plugins\gutenberg\gutenberg-cy-8dd62110e8ea51d13ad3f5c26b723f2f.json
[2025-03-12 21:23:38] [INFO] Converting JSON to MD: C:\Users\Chris\cFish.io\wp-content\plugins\gutenberg\gutenberg-cy-b28e16a397b8722f99fae785b95a4478.json
[2025-03-12 21:23:38] [INFO] Skipping excluded file: C:\Users\Chris\cFish.io\wp-content\plugins\gutenberg\gutenberg-cy-b28e16a397b8722f99fae785b95a4478.json
[2025-03-12 21:23:39] [INFO] Converting JSON to MD: C:\Users\Chris\cFish.io\wp-content\plugins\gutenberg\gutenberg-cy-ba39bebc48939c14ec581e7cf44bb27a.json
[2025-03-12 21:23:39] [INFO] Skipping excluded file: C:\Users\Chris\cFish.io\wp-content\plugins\gutenberg\gutenberg-cy-ba39bebc48939c14ec581e7cf44bb27a.json
[2025-03-12 21:23:39] [INFO] Converting JSON to MD: C:\Users\Chris\cFish.io\wp-content\plugins\gutenberg\gutenberg-cy-bd25c177bb43e960435d8bf33c14f6d3.json
[2025-03-12 21:23:39] [INFO] Skipping excluded file: C:\Users\Chris\cFish.io\wp-content\plugins\gutenberg\gutenberg-cy-bd25c177bb43e960435d8bf33c14f6d3.json
[2025-03-12 21:23:39] [INFO] Converting JSON to MD: C:\Users\Chris\cFish.io\wp-content\plugins\gutenberg\gutenberg-cy-c4c26f565695d6a88d0e7ab2e54949c3.json
[2025-03-12 21:23:39] [INFO] Skipping excluded file: C:\Users\Chris\cFish.io\wp-content\plugins\gutenberg\gutenberg-cy-c4c26f565695d6a88d0e7ab2e54949c3.json
[2025-03-12 21:23:39] [INFO] Converting JSON to MD: C:\Users\Chris\cFish.io\wp-content\plugins\gutenberg\gutenberg-cy-cc0ae1a9d2f54754d6de5eabbcb89f5b.json
[2025-03-12 21:23:39] [INFO] Skipping excluded file: C:\Users\Chris\cFish.io\wp-content\plugins\gutenberg\gutenberg-cy-cc0ae1a9d2f54754d6de5eabbcb89f5b.json
[2025-03-12 21:23:39] [INFO] Converting JSON to MD: C:\Users\Chris\cFish.io\wp-content\plugins\gutenberg\gutenberg-cy-d4accdff3b7b226dad1f5f72ccee5bae.json
[2025-03-12 21:23:39] [INFO] Skipping excluded file: C:\Users\Chris\cFish.io\wp-content\plugins\gutenberg\gutenberg-cy-d4accdff3b7b226dad1f5f72ccee5bae.json
[2025-03-12 21:23:39] [INFO] Converting JSON to MD: C:\Users\Chris\cFish.io\wp-content\plugins\gutenberg\gutenberg-cy-d83116db7e3459d9c9a90cae3216278f.json
[2025-03-12 21:23:39] [INFO] Skipping excluded file: C:\Users\Chris\cFish.io\wp-content\plugins\gutenberg\gutenberg-cy-d83116db7e3459d9c9a90cae3216278f.json
[2025-03-12 21:23:39] [INFO] Converting JSON to MD: C:\Users\Chris\cFish.io\wp-content\plugins\gutenberg\gutenberg-cy-e5d3200f2f39097aa25c45c0f7243af8.json
[2025-03-12 21:23:39] [INFO] Skipping excluded file: C:\Users\Chris\cFish.io\wp-content\plugins\gutenberg\gutenberg-cy-e5d3200f2f39097aa25c45c0f7243af8.json
[2025-03-12 21:23:39] [INFO] Converting JSON to MD: C:\Users\Chris\cFish.io\wp-content\plugins\gutenberg\gutenberg-cy-e7b6005012912540099a002617fcee91.json
[2025-03-12 21:23:39] [INFO] Skipping excluded file: C:\Users\Chris\cFish.io\wp-content\plugins\gutenberg\gutenberg-cy-e7b6005012912540099a002617fcee91.json
[2025-03-12 21:23:39] [INFO] Converting JSON to MD: C:\Users\Chris\cFish.io\wp-content\plugins\gutenberg\gutenberg-cy-f39744326030f4f787227808e504b523.json
[2025-03-12 21:23:39] [INFO] Skipping excluded file: C:\Users\Chris\cFish.io\wp-content\plugins\gutenberg\gutenberg-cy-f39744326030f4f787227808e504b523.json
[2025-03-12 21:23:40] [INFO] Converting JSON to MD: C:\Users\Chris\cFish.io\wp-content\plugins\gutenberg\gutenberg-da_DK-04418208c292b36bc4a3469b3ffc3d41.json
[2025-03-12 21:23:40] [INFO] Skipping excluded file: C:\Users\Chris\cFish.io\wp-content\plugins\gutenberg\gutenberg-da_DK-04418208c292b36bc4a3469b3ffc3d41.json
[2025-03-12 21:23:40] [INFO] Converting JSON to MD: C:\Users\Chris\cFish.io\wp-content\plugins\gutenberg\gutenberg-da_DK-07d88e6a803e01276b9bfcc1203e862e.json
[2025-03-12 21:23:40] [INFO] Skipping excluded file: C:\Users\Chris\cFish.io\wp-content\plugins\gutenberg\gutenberg-da_DK-07d88e6a803e01276b9bfcc1203e862e.json
[2025-03-12 21:23:40] [INFO] Converting JSON to MD: C:\Users\Chris\cFish.io\wp-content\plugins\gutenberg\gutenberg-da_DK-07ef134978802e52988301e5564a124c.json
[2025-03-12 21:23:40] [INFO] Skipping excluded file: C:\Users\Chris\cFish.io\wp-content\plugins\gutenberg\gutenberg-da_DK-07ef134978802e52988301e5564a124c.json
[2025-03-12 21:23:40] [INFO] Converting JSON to MD: C:\Users\Chris\cFish.io\wp-content\plugins\gutenberg\gutenberg-da_DK-195c2ee33af3438dc681885037a9dd77.json
[2025-03-12 21:23:40] [INFO] Skipping excluded file: C:\Users\Chris\cFish.io\wp-content\plugins\gutenberg\gutenberg-da_DK-195c2ee33af3438dc681885037a9dd77.json
[2025-03-12 21:23:40] [INFO] Converting JSON to MD: C:\Users\Chris\cFish.io\wp-content\plugins\gutenberg\gutenberg-da_DK-2db29b02b406fc710377e5966a268a5b.json
[2025-03-12 21:23:40] [INFO] Skipping excluded file: C:\Users\Chris\cFish.io\wp-content\plugins\gutenberg\gutenberg-da_DK-2db29b02b406fc710377e5966a268a5b.json
[2025-03-12 21:23:40] [INFO] Converting JSON to MD: C:\Users\Chris\cFish.io\wp-content\plugins\gutenberg\gutenberg-da_DK-2ecc15db55b460a0c1c65371b1c7144e.json
[2025-03-12 21:23:40] [INFO] Skipping excluded file: C:\Users\Chris\cFish.io\wp-content\plugins\gutenberg\gutenberg-da_DK-2ecc15db55b460a0c1c65371b1c7144e.json
[2025-03-12 21:23:40] [INFO] Converting JSON to MD: C:\Users\Chris\cFish.io\wp-content\plugins\gutenberg\gutenberg-da_DK-562b384b5ba625d9c67b6a487da0fb82.json
[2025-03-12 21:23:40] [INFO] Skipping excluded file: C:\Users\Chris\cFish.io\wp-content\plugins\gutenberg\gutenberg-da_DK-562b384b5ba625d9c67b6a487da0fb82.json
[2025-03-12 21:23:40] [INFO] Converting JSON to MD: C:\Users\Chris\cFish.io\wp-content\plugins\gutenberg\gutenberg-da_DK-57ca266aaa51c0865f9b606c3b122edf.json
[2025-03-12 21:23:40] [INFO] Skipping excluded file: C:\Users\Chris\cFish.io\wp-content\plugins\gutenberg\gutenberg-da_DK-57ca266aaa51c0865f9b606c3b122edf.json
[2025-03-12 21:23:41] [INFO] Converting JSON to MD: C:\Users\Chris\cFish.io\wp-content\plugins\gutenberg\gutenberg-da_DK-5a39926d0d16d0b7e0231768f706d685.json
[2025-03-12 21:23:41] [INFO] Skipping excluded file: C:\Users\Chris\cFish.io\wp-content\plugins\gutenberg\gutenberg-da_DK-5a39926d0d16d0b7e0231768f706d685.json
[2025-03-12 21:23:41] [INFO] Converting JSON to MD: C:\Users\Chris\cFish.io\wp-content\plugins\gutenberg\gutenberg-da_DK-5b24ba153c5b34da32d79d6bf83c42fd.json
[2025-03-12 21:23:41] [INFO] Skipping excluded file: C:\Users\Chris\cFish.io\wp-content\plugins\gutenberg\gutenberg-da_DK-5b24ba153c5b34da32d79d6bf83c42fd.json
[2025-03-12 21:23:41] [INFO] Converting JSON to MD: C:\Users\Chris\cFish.io\wp-content\plugins\gutenberg\gutenberg-da_DK-5b6fdbd8b6d8e74e269a71b5e2a640ae.json
[2025-03-12 21:23:41] [INFO] Skipping excluded file: C:\Users\Chris\cFish.io\wp-content\plugins\gutenberg\gutenberg-da_DK-5b6fdbd8b6d8e74e269a71b5e2a640ae.json
[2025-03-12 21:23:41] [INFO] Converting JSON to MD: C:\Users\Chris\cFish.io\wp-content\plugins\gutenberg\gutenberg-da_DK-669341f094c411cfc73de2f3b74475cd.json
[2025-03-12 21:23:41] [INFO] Skipping excluded file: C:\Users\Chris\cFish.io\wp-content\plugins\gutenberg\gutenberg-da_DK-669341f094c411cfc73de2f3b74475cd.json
[2025-03-12 21:23:41] [INFO] Converting JSON to MD: C:\Users\Chris\cFish.io\wp-content\plugins\gutenberg\gutenberg-da_DK-6da18768062abe6e705a5ac7876b5642.json
[2025-03-12 21:23:41] [INFO] Skipping excluded file: C:\Users\Chris\cFish.io\wp-content\plugins\gutenberg\gutenberg-da_DK-6da18768062abe6e705a5ac7876b5642.json
[2025-03-12 21:23:41] [INFO] Converting JSON to MD: C:\Users\Chris\cFish.io\wp-content\plugins\gutenberg\gutenberg-da_DK-84a7625187e218b518298469e531382d.json
[2025-03-12 21:23:41] [INFO] Skipping excluded file: C:\Users\Chris\cFish.io\wp-content\plugins\gutenberg\gutenberg-da_DK-84a7625187e218b518298469e531382d.json
[2025-03-12 21:23:41] [INFO] Converting JSON to MD: C:\Users\Chris\cFish.io\wp-content\plugins\gutenberg\gutenberg-da_DK-89337192c82f6ec91cfe1bb3aafe66b2.json
[2025-03-12 21:23:41] [INFO] Skipping excluded file: C:\Users\Chris\cFish.io\wp-content\plugins\gutenberg\gutenberg-da_DK-89337192c82f6ec91cfe1bb3aafe66b2.json
[2025-03-12 21:23:41] [INFO] Converting JSON to MD: C:\Users\Chris\cFish.io\wp-content\plugins\gutenberg\gutenberg-da_DK-b28e16a397b8722f99fae785b95a4478.json
[2025-03-12 21:23:41] [INFO] Skipping excluded file: C:\Users\Chris\cFish.io\wp-content\plugins\gutenberg\gutenberg-da_DK-b28e16a397b8722f99fae785b95a4478.json
[2025-03-12 21:23:41] [INFO] Converting JSON to MD: C:\Users\Chris\cFish.io\wp-content\plugins\gutenberg\gutenberg-da_DK-ba39bebc48939c14ec581e7cf44bb27a.json
[2025-03-12 21:23:41] [INFO] Skipping excluded file: C:\Users\Chris\cFish.io\wp-content\plugins\gutenberg\gutenberg-da_DK-ba39bebc48939c14ec581e7cf44bb27a.json
[2025-03-12 21:23:42] [INFO] Converting JSON to MD: C:\Users\Chris\cFish.io\wp-content\plugins\gutenberg\gutenberg-da_DK-cc0ae1a9d2f54754d6de5eabbcb89f5b.json
[2025-03-12 21:23:42] [INFO] Skipping excluded file: C:\Users\Chris\cFish.io\wp-content\plugins\gutenberg\gutenberg-da_DK-cc0ae1a9d2f54754d6de5eabbcb89f5b.json
[2025-03-12 21:23:42] [INFO] Converting JSON to MD: C:\Users\Chris\cFish.io\wp-content\plugins\gutenberg\gutenberg-da_DK-d4accdff3b7b226dad1f5f72ccee5bae.json
[2025-03-12 21:23:42] [INFO] Skipping excluded file: C:\Users\Chris\cFish.io\wp-content\plugins\gutenberg\gutenberg-da_DK-d4accdff3b7b226dad1f5f72ccee5bae.json
[2025-03-12 21:23:42] [INFO] Converting JSON to MD: C:\Users\Chris\cFish.io\wp-content\plugins\gutenberg\gutenberg-da_DK-d83116db7e3459d9c9a90cae3216278f.json
[2025-03-12 21:23:42] [INFO] Skipping excluded file: C:\Users\Chris\cFish.io\wp-content\plugins\gutenberg\gutenberg-da_DK-d83116db7e3459d9c9a90cae3216278f.json
[2025-03-12 21:23:42] [INFO] Converting JSON to MD: C:\Users\Chris\cFish.io\wp-content\plugins\gutenberg\gutenberg-da_DK-e5d3200f2f39097aa25c45c0f7243af8.json
[2025-03-12 21:23:42] [INFO] Skipping excluded file: C:\Users\Chris\cFish.io\wp-content\plugins\gutenberg\gutenberg-da_DK-e5d3200f2f39097aa25c45c0f7243af8.json
[2025-03-12 21:23:42] [INFO] Converting JSON to MD: C:\Users\Chris\cFish.io\wp-content\plugins\gutenberg\gutenberg-da_DK-e7b6005012912540099a002617fcee91.json
[2025-03-12 21:23:42] [INFO] Skipping excluded file: C:\Users\Chris\cFish.io\wp-content\plugins\gutenberg\gutenberg-da_DK-e7b6005012912540099a002617fcee91.json
[2025-03-12 21:23:42] [INFO] Converting JSON to MD: C:\Users\Chris\cFish.io\wp-content\plugins\gutenberg\gutenberg-da_DK-f39744326030f4f787227808e504b523.json
[2025-03-12 21:23:42] [INFO] Skipping excluded file: C:\Users\Chris\cFish.io\wp-content\plugins\gutenberg\gutenberg-da_DK-f39744326030f4f787227808e504b523.json
[2025-03-12 21:23:42] [INFO] Converting JSON to MD: C:\Users\Chris\cFish.io\wp-content\plugins\gutenberg\gutenberg-de_DE-04418208c292b36bc4a3469b3ffc3d41.json
[2025-03-12 21:23:42] [INFO] Skipping excluded file: C:\Users\Chris\cFish.io\wp-content\plugins\gutenberg\gutenberg-de_DE-04418208c292b36bc4a3469b3ffc3d41.json
[2025-03-12 21:23:42] [INFO] Converting JSON to MD: C:\Users\Chris\cFish.io\wp-content\plugins\gutenberg\gutenberg-de_DE-07d88e6a803e01276b9bfcc1203e862e.json
[2025-03-12 21:23:42] [INFO] Skipping excluded file: C:\Users\Chris\cFish.io\wp-content\plugins\gutenberg\gutenberg-de_DE-07d88e6a803e01276b9bfcc1203e862e.json
[2025-03-12 21:23:43] [INFO] Converting JSON to MD: C:\Users\Chris\cFish.io\wp-content\plugins\gutenberg\gutenberg-de_DE-07ef134978802e52988301e5564a124c.json
[2025-03-12 21:23:43] [INFO] Skipping excluded file: C:\Users\Chris\cFish.io\wp-content\plugins\gutenberg\gutenberg-de_DE-07ef134978802e52988301e5564a124c.json
[2025-03-12 21:23:43] [INFO] Converting JSON to MD: C:\Users\Chris\cFish.io\wp-content\plugins\gutenberg\gutenberg-de_DE-17d863d02d419d257cce84f2a9934b91.json
[2025-03-12 21:23:43] [INFO] Skipping excluded file: C:\Users\Chris\cFish.io\wp-content\plugins\gutenberg\gutenberg-de_DE-17d863d02d419d257cce84f2a9934b91.json
[2025-03-12 21:23:43] [INFO] Converting JSON to MD: C:\Users\Chris\cFish.io\wp-content\plugins\gutenberg\gutenberg-de_DE-195c2ee33af3438dc681885037a9dd77.json
[2025-03-12 21:23:43] [INFO] Skipping excluded file: C:\Users\Chris\cFish.io\wp-content\plugins\gutenberg\gutenberg-de_DE-195c2ee33af3438dc681885037a9dd77.json
[2025-03-12 21:23:43] [INFO] Converting JSON to MD: C:\Users\Chris\cFish.io\wp-content\plugins\gutenberg\gutenberg-de_DE-22103b0fceb70bf4f3ed789172c4cc4e.json
[2025-03-12 21:23:43] [INFO] Skipping excluded file: C:\Users\Chris\cFish.io\wp-content\plugins\gutenberg\gutenberg-de_DE-22103b0fceb70bf4f3ed789172c4cc4e.json
[2025-03-12 21:23:43] [INFO] Converting JSON to MD: C:\Users\Chris\cFish.io\wp-content\plugins\gutenberg\gutenberg-de_DE-2db29b02b406fc710377e5966a268a5b.json
[2025-03-12 21:23:43] [INFO] Skipping excluded file: C:\Users\Chris\cFish.io\wp-content\plugins\gutenberg\gutenberg-de_DE-2db29b02b406fc710377e5966a268a5b.json
[2025-03-12 21:23:43] [INFO] Converting JSON to MD: C:\Users\Chris\cFish.io\wp-content\plugins\gutenberg\gutenberg-de_DE-2ecc15db55b460a0c1c65371b1c7144e.json
[2025-03-12 21:23:43] [INFO] Skipping excluded file: C:\Users\Chris\cFish.io\wp-content\plugins\gutenberg\gutenberg-de_DE-2ecc15db55b460a0c1c65371b1c7144e.json
[2025-03-12 21:23:43] [INFO] Converting JSON to MD: C:\Users\Chris\cFish.io\wp-content\plugins\gutenberg\gutenberg-de_DE-562b384b5ba625d9c67b6a487da0fb82.json
[2025-03-12 21:23:43] [INFO] Skipping excluded file: C:\Users\Chris\cFish.io\wp-content\plugins\gutenberg\gutenberg-de_DE-562b384b5ba625d9c67b6a487da0fb82.json
[2025-03-12 21:23:43] [INFO] Converting JSON to MD: C:\Users\Chris\cFish.io\wp-content\plugins\gutenberg\gutenberg-de_DE-57ca266aaa51c0865f9b606c3b122edf.json
[2025-03-12 21:23:43] [INFO] Skipping excluded file: C:\Users\Chris\cFish.io\wp-content\plugins\gutenberg\gutenberg-de_DE-57ca266aaa51c0865f9b606c3b122edf.json
[2025-03-12 21:23:43] [INFO] Converting JSON to MD: C:\Users\Chris\cFish.io\wp-content\plugins\gutenberg\gutenberg-de_DE-5a39926d0d16d0b7e0231768f706d685.json
[2025-03-12 21:23:43] [INFO] Skipping excluded file: C:\Users\Chris\cFish.io\wp-content\plugins\gutenberg\gutenberg-de_DE-5a39926d0d16d0b7e0231768f706d685.json
[2025-03-12 21:23:44] [INFO] Converting JSON to MD: C:\Users\Chris\cFish.io\wp-content\plugins\gutenberg\gutenberg-de_DE-5b24ba153c5b34da32d79d6bf83c42fd.json
[2025-03-12 21:23:44] [INFO] Skipping excluded file: C:\Users\Chris\cFish.io\wp-content\plugins\gutenberg\gutenberg-de_DE-5b24ba153c5b34da32d79d6bf83c42fd.json
[2025-03-12 21:23:44] [INFO] Converting JSON to MD: C:\Users\Chris\cFish.io\wp-content\plugins\gutenberg\gutenberg-de_DE-5b6fdbd8b6d8e74e269a71b5e2a640ae.json
[2025-03-12 21:23:44] [INFO] Skipping excluded file: C:\Users\Chris\cFish.io\wp-content\plugins\gutenberg\gutenberg-de_DE-5b6fdbd8b6d8e74e269a71b5e2a640ae.json
[2025-03-12 21:23:44] [INFO] Converting JSON to MD: C:\Users\Chris\cFish.io\wp-content\plugins\gutenberg\gutenberg-de_DE-664bd2d849a376fcdd35ecc175c8077e.json
[2025-03-12 21:23:44] [INFO] Skipping excluded file: C:\Users\Chris\cFish.io\wp-content\plugins\gutenberg\gutenberg-de_DE-664bd2d849a376fcdd35ecc175c8077e.json
[2025-03-12 21:23:44] [INFO] Converting JSON to MD: C:\Users\Chris\cFish.io\wp-content\plugins\gutenberg\gutenberg-de_DE-669341f094c411cfc73de2f3b74475cd.json
[2025-03-12 21:23:44] [INFO] Skipping excluded file: C:\Users\Chris\cFish.io\wp-content\plugins\gutenberg\gutenberg-de_DE-669341f094c411cfc73de2f3b74475cd.json
[2025-03-12 21:23:44] [INFO] Converting JSON to MD: C:\Users\Chris\cFish.io\wp-content\plugins\gutenberg\gutenberg-de_DE-6da18768062abe6e705a5ac7876b5642.json
[2025-03-12 21:23:44] [INFO] Skipping excluded file: C:\Users\Chris\cFish.io\wp-content\plugins\gutenberg\gutenberg-de_DE-6da18768062abe6e705a5ac7876b5642.json
[2025-03-12 21:23:44] [INFO] Converting JSON to MD: C:\Users\Chris\cFish.io\wp-content\plugins\gutenberg\gutenberg-de_DE-84a7625187e218b518298469e531382d.json
[2025-03-12 21:23:44] [INFO] Skipping excluded file: C:\Users\Chris\cFish.io\wp-content\plugins\gutenberg\gutenberg-de_DE-84a7625187e218b518298469e531382d.json
[2025-03-12 21:23:44] [INFO] Converting JSON to MD: C:\Users\Chris\cFish.io\wp-content\plugins\gutenberg\gutenberg-de_DE-89337192c82f6ec91cfe1bb3aafe66b2.json
[2025-03-12 21:23:44] [INFO] Skipping excluded file: C:\Users\Chris\cFish.io\wp-content\plugins\gutenberg\gutenberg-de_DE-89337192c82f6ec91cfe1bb3aafe66b2.json
[2025-03-12 21:23:44] [INFO] Converting JSON to MD: C:\Users\Chris\cFish.io\wp-content\plugins\gutenberg\gutenberg-de_DE-8dd62110e8ea51d13ad3f5c26b723f2f.json
[2025-03-12 21:23:44] [INFO] Skipping excluded file: C:\Users\Chris\cFish.io\wp-content\plugins\gutenberg\gutenberg-de_DE-8dd62110e8ea51d13ad3f5c26b723f2f.json
[2025-03-12 21:23:44] [INFO] Converting JSON to MD: C:\Users\Chris\cFish.io\wp-content\plugins\gutenberg\gutenberg-de_DE-b28e16a397b8722f99fae785b95a4478.json
[2025-03-12 21:23:44] [INFO] Skipping excluded file: C:\Users\Chris\cFish.io\wp-content\plugins\gutenberg\gutenberg-de_DE-b28e16a397b8722f99fae785b95a4478.json
[2025-03-12 21:23:45] [INFO] Converting JSON to MD: C:\Users\Chris\cFish.io\wp-content\plugins\gutenberg\gutenberg-de_DE-ba39bebc48939c14ec581e7cf44bb27a.json
[2025-03-12 21:23:45] [INFO] Skipping excluded file: C:\Users\Chris\cFish.io\wp-content\plugins\gutenberg\gutenberg-de_DE-ba39bebc48939c14ec581e7cf44bb27a.json
[2025-03-12 21:23:45] [INFO] Converting JSON to MD: C:\Users\Chris\cFish.io\wp-content\plugins\gutenberg\gutenberg-de_DE-bd25c177bb43e960435d8bf33c14f6d3.json
[2025-03-12 21:23:45] [INFO] Skipping excluded file: C:\Users\Chris\cFish.io\wp-content\plugins\gutenberg\gutenberg-de_DE-bd25c177bb43e960435d8bf33c14f6d3.json
[2025-03-12 21:23:45] [INFO] Converting JSON to MD: C:\Users\Chris\cFish.io\wp-content\plugins\gutenberg\gutenberg-de_DE-c4c26f565695d6a88d0e7ab2e54949c3.json
[2025-03-12 21:23:45] [INFO] Skipping excluded file: C:\Users\Chris\cFish.io\wp-content\plugins\gutenberg\gutenberg-de_DE-c4c26f565695d6a88d0e7ab2e54949c3.json
[2025-03-12 21:23:45] [INFO] Converting JSON to MD: C:\Users\Chris\cFish.io\wp-content\plugins\gutenberg\gutenberg-de_DE-cc0ae1a9d2f54754d6de5eabbcb89f5b.json
[2025-03-12 21:23:45] [INFO] Skipping excluded file: C:\Users\Chris\cFish.io\wp-content\plugins\gutenberg\gutenberg-de_DE-cc0ae1a9d2f54754d6de5eabbcb89f5b.json
[2025-03-12 21:23:45] [INFO] Converting JSON to MD: C:\Users\Chris\cFish.io\wp-content\plugins\gutenberg\gutenberg-de_DE-d4accdff3b7b226dad1f5f72ccee5bae.json
[2025-03-12 21:23:45] [INFO] Skipping excluded file: C:\Users\Chris\cFish.io\wp-content\plugins\gutenberg\gutenberg-de_DE-d4accdff3b7b226dad1f5f72ccee5bae.json
[2025-03-12 21:23:45] [INFO] Converting JSON to MD: C:\Users\Chris\cFish.io\wp-content\plugins\gutenberg\gutenberg-de_DE-d83116db7e3459d9c9a90cae3216278f.json
[2025-03-12 21:23:45] [INFO] Skipping excluded file: C:\Users\Chris\cFish.io\wp-content\plugins\gutenberg\gutenberg-de_DE-d83116db7e3459d9c9a90cae3216278f.json
[2025-03-12 21:23:45] [INFO] Converting JSON to MD: C:\Users\Chris\cFish.io\wp-content\plugins\gutenberg\gutenberg-de_DE-e5d3200f2f39097aa25c45c0f7243af8.json
[2025-03-12 21:23:45] [INFO] Skipping excluded file: C:\Users\Chris\cFish.io\wp-content\plugins\gutenberg\gutenberg-de_DE-e5d3200f2f39097aa25c45c0f7243af8.json
[2025-03-12 21:23:45] [INFO] Converting JSON to MD: C:\Users\Chris\cFish.io\wp-content\plugins\gutenberg\gutenberg-de_DE-e7b6005012912540099a002617fcee91.json
[2025-03-12 21:23:45] [INFO] Skipping excluded file: C:\Users\Chris\cFish.io\wp-content\plugins\gutenberg\gutenberg-de_DE-e7b6005012912540099a002617fcee91.json
[2025-03-12 21:23:46] [INFO] Converting JSON to MD: C:\Users\Chris\cFish.io\wp-content\plugins\gutenberg\gutenberg-de_DE-f39744326030f4f787227808e504b523.json
[2025-03-12 21:23:46] [INFO] Skipping excluded file: C:\Users\Chris\cFish.io\wp-content\plugins\gutenberg\gutenberg-de_DE-f39744326030f4f787227808e504b523.json
[2025-03-12 21:23:46] [INFO] Converting JSON to MD: C:\Users\Chris\cFish.io\wp-content\plugins\gutenberg\gutenberg-de_DE_formal-04418208c292b36bc4a3469b3ffc3d41.json
[2025-03-12 21:23:46] [INFO] Skipping excluded file: C:\Users\Chris\cFish.io\wp-content\plugins\gutenberg\gutenberg-de_DE_formal-04418208c292b36bc4a3469b3ffc3d41.json
[2025-03-12 21:23:46] [INFO] Converting JSON to MD: C:\Users\Chris\cFish.io\wp-content\plugins\gutenberg\gutenberg-de_DE_formal-07d88e6a803e01276b9bfcc1203e862e.json
[2025-03-12 21:23:46] [INFO] Skipping excluded file: C:\Users\Chris\cFish.io\wp-content\plugins\gutenberg\gutenberg-de_DE_formal-07d88e6a803e01276b9bfcc1203e862e.json
[2025-03-12 21:23:46] [INFO] Converting JSON to MD: C:\Users\Chris\cFish.io\wp-content\plugins\gutenberg\gutenberg-de_DE_formal-07ef134978802e52988301e5564a124c.json
[2025-03-12 21:23:46] [INFO] Skipping excluded file: C:\Users\Chris\cFish.io\wp-content\plugins\gutenberg\gutenberg-de_DE_formal-07ef134978802e52988301e5564a124c.json
[2025-03-12 21:23:46] [INFO] Converting JSON to MD: C:\Users\Chris\cFish.io\wp-content\plugins\gutenberg\gutenberg-de_DE_formal-17d863d02d419d257cce84f2a9934b91.json
[2025-03-12 21:23:46] [INFO] Skipping excluded file: C:\Users\Chris\cFish.io\wp-content\plugins\gutenberg\gutenberg-de_DE_formal-17d863d02d419d257cce84f2a9934b91.json
[2025-03-12 21:23:46] [INFO] Converting JSON to MD: C:\Users\Chris\cFish.io\wp-content\plugins\gutenberg\gutenberg-de_DE_formal-195c2ee33af3438dc681885037a9dd77.json
[2025-03-12 21:23:46] [INFO] Skipping excluded file: C:\Users\Chris\cFish.io\wp-content\plugins\gutenberg\gutenberg-de_DE_formal-195c2ee33af3438dc681885037a9dd77.json
[2025-03-12 21:23:46] [INFO] Converting JSON to MD: C:\Users\Chris\cFish.io\wp-content\plugins\gutenberg\gutenberg-de_DE_formal-22103b0fceb70bf4f3ed789172c4cc4e.json
[2025-03-12 21:23:46] [INFO] Skipping excluded file: C:\Users\Chris\cFish.io\wp-content\plugins\gutenberg\gutenberg-de_DE_formal-22103b0fceb70bf4f3ed789172c4cc4e.json
[2025-03-12 21:23:46] [INFO] Converting JSON to MD: C:\Users\Chris\cFish.io\wp-content\plugins\gutenberg\gutenberg-de_DE_formal-2db29b02b406fc710377e5966a268a5b.json
[2025-03-12 21:23:46] [INFO] Skipping excluded file: C:\Users\Chris\cFish.io\wp-content\plugins\gutenberg\gutenberg-de_DE_formal-2db29b02b406fc710377e5966a268a5b.json
[2025-03-12 21:23:46] [INFO] Converting JSON to MD: C:\Users\Chris\cFish.io\wp-content\plugins\gutenberg\gutenberg-de_DE_formal-2ecc15db55b460a0c1c65371b1c7144e.json
[2025-03-12 21:23:46] [INFO] Skipping excluded file: C:\Users\Chris\cFish.io\wp-content\plugins\gutenberg\gutenberg-de_DE_formal-2ecc15db55b460a0c1c65371b1c7144e.json
[2025-03-12 21:23:47] [INFO] Converting JSON to MD: C:\Users\Chris\cFish.io\wp-content\plugins\gutenberg\gutenberg-de_DE_formal-562b384b5ba625d9c67b6a487da0fb82.json
[2025-03-12 21:23:47] [INFO] Skipping excluded file: C:\Users\Chris\cFish.io\wp-content\plugins\gutenberg\gutenberg-de_DE_formal-562b384b5ba625d9c67b6a487da0fb82.json
[2025-03-12 21:23:47] [INFO] Converting JSON to MD: C:\Users\Chris\cFish.io\wp-content\plugins\gutenberg\gutenberg-de_DE_formal-57ca266aaa51c0865f9b606c3b122edf.json
[2025-03-12 21:23:47] [INFO] Skipping excluded file: C:\Users\Chris\cFish.io\wp-content\plugins\gutenberg\gutenberg-de_DE_formal-57ca266aaa51c0865f9b606c3b122edf.json
[2025-03-12 21:23:47] [INFO] Converting JSON to MD: C:\Users\Chris\cFish.io\wp-content\plugins\gutenberg\gutenberg-de_DE_formal-5a39926d0d16d0b7e0231768f706d685.json
[2025-03-12 21:23:47] [INFO] Skipping excluded file: C:\Users\Chris\cFish.io\wp-content\plugins\gutenberg\gutenberg-de_DE_formal-5a39926d0d16d0b7e0231768f706d685.json
[2025-03-12 21:23:47] [INFO] Converting JSON to MD: C:\Users\Chris\cFish.io\wp-content\plugins\gutenberg\gutenberg-de_DE_formal-5b24ba153c5b34da32d79d6bf83c42fd.json
[2025-03-12 21:23:47] [INFO] Skipping excluded file: C:\Users\Chris\cFish.io\wp-content\plugins\gutenberg\gutenberg-de_DE_formal-5b24ba153c5b34da32d79d6bf83c42fd.json
[2025-03-12 21:23:47] [INFO] Converting JSON to MD: C:\Users\Chris\cFish.io\wp-content\plugins\gutenberg\gutenberg-de_DE_formal-5b6fdbd8b6d8e74e269a71b5e2a640ae.json
[2025-03-12 21:23:47] [INFO] Skipping excluded file: C:\Users\Chris\cFish.io\wp-content\plugins\gutenberg\gutenberg-de_DE_formal-5b6fdbd8b6d8e74e269a71b5e2a640ae.json
[2025-03-12 21:23:47] [INFO] Converting JSON to MD: C:\Users\Chris\cFish.io\wp-content\plugins\gutenberg\gutenberg-de_DE_formal-664bd2d849a376fcdd35ecc175c8077e.json
[2025-03-12 21:23:47] [INFO] Skipping excluded file: C:\Users\Chris\cFish.io\wp-content\plugins\gutenberg\gutenberg-de_DE_formal-664bd2d849a376fcdd35ecc175c8077e.json
[2025-03-12 21:23:47] [INFO] Converting JSON to MD: C:\Users\Chris\cFish.io\wp-content\plugins\gutenberg\gutenberg-de_DE_formal-669341f094c411cfc73de2f3b74475cd.json
[2025-03-12 21:23:47] [INFO] Skipping excluded file: C:\Users\Chris\cFish.io\wp-content\plugins\gutenberg\gutenberg-de_DE_formal-669341f094c411cfc73de2f3b74475cd.json
[2025-03-12 21:23:47] [INFO] Converting JSON to MD: C:\Users\Chris\cFish.io\wp-content\plugins\gutenberg\gutenberg-de_DE_formal-6da18768062abe6e705a5ac7876b5642.json
[2025-03-12 21:23:47] [INFO] Skipping excluded file: C:\Users\Chris\cFish.io\wp-content\plugins\gutenberg\gutenberg-de_DE_formal-6da18768062abe6e705a5ac7876b5642.json
[2025-03-12 21:23:47] [INFO] Converting JSON to MD: C:\Users\Chris\cFish.io\wp-content\plugins\gutenberg\gutenberg-de_DE_formal-84a7625187e218b518298469e531382d.json
[2025-03-12 21:23:47] [INFO] Skipping excluded file: C:\Users\Chris\cFish.io\wp-content\plugins\gutenberg\gutenberg-de_DE_formal-84a7625187e218b518298469e531382d.json
[2025-03-12 21:23:48] [INFO] Converting JSON to MD: C:\Users\Chris\cFish.io\wp-content\plugins\gutenberg\gutenberg-de_DE_formal-89337192c82f6ec91cfe1bb3aafe66b2.json
[2025-03-12 21:23:48] [INFO] Skipping excluded file: C:\Users\Chris\cFish.io\wp-content\plugins\gutenberg\gutenberg-de_DE_formal-89337192c82f6ec91cfe1bb3aafe66b2.json
[2025-03-12 21:23:48] [INFO] Converting JSON to MD: C:\Users\Chris\cFish.io\wp-content\plugins\gutenberg\gutenberg-de_DE_formal-8dd62110e8ea51d13ad3f5c26b723f2f.json
[2025-03-12 21:23:48] [INFO] Skipping excluded file: C:\Users\Chris\cFish.io\wp-content\plugins\gutenberg\gutenberg-de_DE_formal-8dd62110e8ea51d13ad3f5c26b723f2f.json
[2025-03-12 21:23:48] [INFO] Converting JSON to MD: C:\Users\Chris\cFish.io\wp-content\plugins\gutenberg\gutenberg-de_DE_formal-b28e16a397b8722f99fae785b95a4478.json
[2025-03-12 21:23:48] [INFO] Skipping excluded file: C:\Users\Chris\cFish.io\wp-content\plugins\gutenberg\gutenberg-de_DE_formal-b28e16a397b8722f99fae785b95a4478.json
[2025-03-12 21:23:48] [INFO] Converting JSON to MD: C:\Users\Chris\cFish.io\wp-content\plugins\gutenberg\gutenberg-de_DE_formal-ba39bebc48939c14ec581e7cf44bb27a.json
[2025-03-12 21:23:48] [INFO] Skipping excluded file: C:\Users\Chris\cFish.io\wp-content\plugins\gutenberg\gutenberg-de_DE_formal-ba39bebc48939c14ec581e7cf44bb27a.json
[2025-03-12 21:23:48] [INFO] Converting JSON to MD: C:\Users\Chris\cFish.io\wp-content\plugins\gutenberg\gutenberg-de_DE_formal-bd25c177bb43e960435d8bf33c14f6d3.json
[2025-03-12 21:23:48] [INFO] Skipping excluded file: C:\Users\Chris\cFish.io\wp-content\plugins\gutenberg\gutenberg-de_DE_formal-bd25c177bb43e960435d8bf33c14f6d3.json
[2025-03-12 21:23:48] [INFO] Converting JSON to MD: C:\Users\Chris\cFish.io\wp-content\plugins\gutenberg\gutenberg-de_DE_formal-c4c26f565695d6a88d0e7ab2e54949c3.json
[2025-03-12 21:23:48] [INFO] Skipping excluded file: C:\Users\Chris\cFish.io\wp-content\plugins\gutenberg\gutenberg-de_DE_formal-c4c26f565695d6a88d0e7ab2e54949c3.json
[2025-03-12 21:23:48] [INFO] Converting JSON to MD: C:\Users\Chris\cFish.io\wp-content\plugins\gutenberg\gutenberg-de_DE_formal-cc0ae1a9d2f54754d6de5eabbcb89f5b.json
[2025-03-12 21:23:48] [INFO] Skipping excluded file: C:\Users\Chris\cFish.io\wp-content\plugins\gutenberg\gutenberg-de_DE_formal-cc0ae1a9d2f54754d6de5eabbcb89f5b.json
[2025-03-12 21:23:48] [INFO] Converting JSON to MD: C:\Users\Chris\cFish.io\wp-content\plugins\gutenberg\gutenberg-de_DE_formal-d4accdff3b7b226dad1f5f72ccee5bae.json
[2025-03-12 21:23:48] [INFO] Skipping excluded file: C:\Users\Chris\cFish.io\wp-content\plugins\gutenberg\gutenberg-de_DE_formal-d4accdff3b7b226dad1f5f72ccee5bae.json
[2025-03-12 21:23:49] [INFO] Converting JSON to MD: C:\Users\Chris\cFish.io\wp-content\plugins\gutenberg\gutenberg-de_DE_formal-d83116db7e3459d9c9a90cae3216278f.json
[2025-03-12 21:23:49] [INFO] Skipping excluded file: C:\Users\Chris\cFish.io\wp-content\plugins\gutenberg\gutenberg-de_DE_formal-d83116db7e3459d9c9a90cae3216278f.json
[2025-03-12 21:23:49] [INFO] Converting JSON to MD: C:\Users\Chris\cFish.io\wp-content\plugins\gutenberg\gutenberg-de_DE_formal-e5d3200f2f39097aa25c45c0f7243af8.json
[2025-03-12 21:23:49] [INFO] Skipping excluded file: C:\Users\Chris\cFish.io\wp-content\plugins\gutenberg\gutenberg-de_DE_formal-e5d3200f2f39097aa25c45c0f7243af8.json
[2025-03-12 21:23:49] [INFO] Converting JSON to MD: C:\Users\Chris\cFish.io\wp-content\plugins\gutenberg\gutenberg-de_DE_formal-e7b6005012912540099a002617fcee91.json
[2025-03-12 21:23:49] [INFO] Skipping excluded file: C:\Users\Chris\cFish.io\wp-content\plugins\gutenberg\gutenberg-de_DE_formal-e7b6005012912540099a002617fcee91.json
[2025-03-12 21:23:49] [INFO] Converting JSON to MD: C:\Users\Chris\cFish.io\wp-content\plugins\gutenberg\gutenberg-de_DE_formal-f39744326030f4f787227808e504b523.json
[2025-03-12 21:23:49] [INFO] Skipping excluded file: C:\Users\Chris\cFish.io\wp-content\plugins\gutenberg\gutenberg-de_DE_formal-f39744326030f4f787227808e504b523.json
[2025-03-12 21:23:49] [INFO] Converting JSON to MD: C:\Users\Chris\cFish.io\wp-content\plugins\gutenberg\gutenberg-el-04418208c292b36bc4a3469b3ffc3d41.json
[2025-03-12 21:23:49] [INFO] Skipping excluded file: C:\Users\Chris\cFish.io\wp-content\plugins\gutenberg\gutenberg-el-04418208c292b36bc4a3469b3ffc3d41.json
[2025-03-12 21:23:49] [INFO] Converting JSON to MD: C:\Users\Chris\cFish.io\wp-content\plugins\gutenberg\gutenberg-el-07d88e6a803e01276b9bfcc1203e862e.json
[2025-03-12 21:23:49] [INFO] Skipping excluded file: C:\Users\Chris\cFish.io\wp-content\plugins\gutenberg\gutenberg-el-07d88e6a803e01276b9bfcc1203e862e.json
[2025-03-12 21:23:49] [INFO] Converting JSON to MD: C:\Users\Chris\cFish.io\wp-content\plugins\gutenberg\gutenberg-el-07ef134978802e52988301e5564a124c.json
[2025-03-12 21:23:49] [INFO] Skipping excluded file: C:\Users\Chris\cFish.io\wp-content\plugins\gutenberg\gutenberg-el-07ef134978802e52988301e5564a124c.json
[2025-03-12 21:23:49] [INFO] Converting JSON to MD: C:\Users\Chris\cFish.io\wp-content\plugins\gutenberg\gutenberg-el-17d863d02d419d257cce84f2a9934b91.json
[2025-03-12 21:23:49] [INFO] Skipping excluded file: C:\Users\Chris\cFish.io\wp-content\plugins\gutenberg\gutenberg-el-17d863d02d419d257cce84f2a9934b91.json
[2025-03-12 21:23:49] [INFO] Converting JSON to MD: C:\Users\Chris\cFish.io\wp-content\plugins\gutenberg\gutenberg-el-195c2ee33af3438dc681885037a9dd77.json
[2025-03-12 21:23:49] [INFO] Skipping excluded file: C:\Users\Chris\cFish.io\wp-content\plugins\gutenberg\gutenberg-el-195c2ee33af3438dc681885037a9dd77.json
[2025-03-12 21:23:50] [INFO] Converting JSON to MD: C:\Users\Chris\cFish.io\wp-content\plugins\gutenberg\gutenberg-el-2db29b02b406fc710377e5966a268a5b.json
[2025-03-12 21:23:50] [INFO] Skipping excluded file: C:\Users\Chris\cFish.io\wp-content\plugins\gutenberg\gutenberg-el-2db29b02b406fc710377e5966a268a5b.json
[2025-03-12 21:23:50] [INFO] Converting JSON to MD: C:\Users\Chris\cFish.io\wp-content\plugins\gutenberg\gutenberg-el-2ecc15db55b460a0c1c65371b1c7144e.json
[2025-03-12 21:23:50] [INFO] Skipping excluded file: C:\Users\Chris\cFish.io\wp-content\plugins\gutenberg\gutenberg-el-2ecc15db55b460a0c1c65371b1c7144e.json
[2025-03-12 21:23:50] [INFO] Converting JSON to MD: C:\Users\Chris\cFish.io\wp-content\plugins\gutenberg\gutenberg-el-562b384b5ba625d9c67b6a487da0fb82.json
[2025-03-12 21:23:50] [INFO] Skipping excluded file: C:\Users\Chris\cFish.io\wp-content\plugins\gutenberg\gutenberg-el-562b384b5ba625d9c67b6a487da0fb82.json
[2025-03-12 21:23:50] [INFO] Converting JSON to MD: C:\Users\Chris\cFish.io\wp-content\plugins\gutenberg\gutenberg-el-57ca266aaa51c0865f9b606c3b122edf.json
[2025-03-12 21:23:50] [INFO] Skipping excluded file: C:\Users\Chris\cFish.io\wp-content\plugins\gutenberg\gutenberg-el-57ca266aaa51c0865f9b606c3b122edf.json
[2025-03-12 21:23:50] [INFO] Converting JSON to MD: C:\Users\Chris\cFish.io\wp-content\plugins\gutenberg\gutenberg-el-5a39926d0d16d0b7e0231768f706d685.json
[2025-03-12 21:23:50] [INFO] Skipping excluded file: C:\Users\Chris\cFish.io\wp-content\plugins\gutenberg\gutenberg-el-5a39926d0d16d0b7e0231768f706d685.json
[2025-03-12 21:23:50] [INFO] Converting JSON to MD: C:\Users\Chris\cFish.io\wp-content\plugins\gutenberg\gutenberg-el-5b24ba153c5b34da32d79d6bf83c42fd.json
[2025-03-12 21:23:50] [INFO] Skipping excluded file: C:\Users\Chris\cFish.io\wp-content\plugins\gutenberg\gutenberg-el-5b24ba153c5b34da32d79d6bf83c42fd.json
[2025-03-12 21:23:50] [INFO] Converting JSON to MD: C:\Users\Chris\cFish.io\wp-content\plugins\gutenberg\gutenberg-el-5b6fdbd8b6d8e74e269a71b5e2a640ae.json
[2025-03-12 21:23:50] [INFO] Skipping excluded file: C:\Users\Chris\cFish.io\wp-content\plugins\gutenberg\gutenberg-el-5b6fdbd8b6d8e74e269a71b5e2a640ae.json
[2025-03-12 21:23:50] [INFO] Converting JSON to MD: C:\Users\Chris\cFish.io\wp-content\plugins\gutenberg\gutenberg-el-669341f094c411cfc73de2f3b74475cd.json
[2025-03-12 21:23:50] [INFO] Skipping excluded file: C:\Users\Chris\cFish.io\wp-content\plugins\gutenberg\gutenberg-el-669341f094c411cfc73de2f3b74475cd.json
[2025-03-12 21:23:51] [INFO] Converting JSON to MD: C:\Users\Chris\cFish.io\wp-content\plugins\gutenberg\gutenberg-el-6da18768062abe6e705a5ac7876b5642.json
[2025-03-12 21:23:51] [INFO] Skipping excluded file: C:\Users\Chris\cFish.io\wp-content\plugins\gutenberg\gutenberg-el-6da18768062abe6e705a5ac7876b5642.json
[2025-03-12 21:23:51] [INFO] Converting JSON to MD: C:\Users\Chris\cFish.io\wp-content\plugins\gutenberg\gutenberg-el-84a7625187e218b518298469e531382d.json
[2025-03-12 21:23:51] [INFO] Skipping excluded file: C:\Users\Chris\cFish.io\wp-content\plugins\gutenberg\gutenberg-el-84a7625187e218b518298469e531382d.json
[2025-03-12 21:23:51] [INFO] Converting JSON to MD: C:\Users\Chris\cFish.io\wp-content\plugins\gutenberg\gutenberg-el-89337192c82f6ec91cfe1bb3aafe66b2.json
[2025-03-12 21:23:51] [INFO] Skipping excluded file: C:\Users\Chris\cFish.io\wp-content\plugins\gutenberg\gutenberg-el-89337192c82f6ec91cfe1bb3aafe66b2.json
[2025-03-12 21:23:51] [INFO] Converting JSON to MD: C:\Users\Chris\cFish.io\wp-content\plugins\gutenberg\gutenberg-el-8dd62110e8ea51d13ad3f5c26b723f2f.json
[2025-03-12 21:23:51] [INFO] Skipping excluded file: C:\Users\Chris\cFish.io\wp-content\plugins\gutenberg\gutenberg-el-8dd62110e8ea51d13ad3f5c26b723f2f.json
[2025-03-12 21:23:51] [INFO] Converting JSON to MD: C:\Users\Chris\cFish.io\wp-content\plugins\gutenberg\gutenberg-el-b28e16a397b8722f99fae785b95a4478.json
[2025-03-12 21:23:51] [INFO] Skipping excluded file: C:\Users\Chris\cFish.io\wp-content\plugins\gutenberg\gutenberg-el-b28e16a397b8722f99fae785b95a4478.json
[2025-03-12 21:23:51] [INFO] Converting JSON to MD: C:\Users\Chris\cFish.io\wp-content\plugins\gutenberg\gutenberg-el-ba39bebc48939c14ec581e7cf44bb27a.json
[2025-03-12 21:23:51] [INFO] Skipping excluded file: C:\Users\Chris\cFish.io\wp-content\plugins\gutenberg\gutenberg-el-ba39bebc48939c14ec581e7cf44bb27a.json
[2025-03-12 21:23:51] [INFO] Converting JSON to MD: C:\Users\Chris\cFish.io\wp-content\plugins\gutenberg\gutenberg-el-bd25c177bb43e960435d8bf33c14f6d3.json
[2025-03-12 21:23:51] [INFO] Skipping excluded file: C:\Users\Chris\cFish.io\wp-content\plugins\gutenberg\gutenberg-el-bd25c177bb43e960435d8bf33c14f6d3.json
[2025-03-12 21:23:51] [INFO] Converting JSON to MD: C:\Users\Chris\cFish.io\wp-content\plugins\gutenberg\gutenberg-el-c4c26f565695d6a88d0e7ab2e54949c3.json
[2025-03-12 21:23:51] [INFO] Skipping excluded file: C:\Users\Chris\cFish.io\wp-content\plugins\gutenberg\gutenberg-el-c4c26f565695d6a88d0e7ab2e54949c3.json
[2025-03-12 21:23:51] [INFO] Converting JSON to MD: C:\Users\Chris\cFish.io\wp-content\plugins\gutenberg\gutenberg-el-cc0ae1a9d2f54754d6de5eabbcb89f5b.json
[2025-03-12 21:23:51] [INFO] Skipping excluded file: C:\Users\Chris\cFish.io\wp-content\plugins\gutenberg\gutenberg-el-cc0ae1a9d2f54754d6de5eabbcb89f5b.json
[2025-03-12 21:23:52] [INFO] Converting JSON to MD: C:\Users\Chris\cFish.io\wp-content\plugins\gutenberg\gutenberg-el-d4accdff3b7b226dad1f5f72ccee5bae.json
[2025-03-12 21:23:52] [INFO] Skipping excluded file: C:\Users\Chris\cFish.io\wp-content\plugins\gutenberg\gutenberg-el-d4accdff3b7b226dad1f5f72ccee5bae.json
[2025-03-12 21:23:52] [INFO] Converting JSON to MD: C:\Users\Chris\cFish.io\wp-content\plugins\gutenberg\gutenberg-el-d83116db7e3459d9c9a90cae3216278f.json
[2025-03-12 21:23:52] [INFO] Skipping excluded file: C:\Users\Chris\cFish.io\wp-content\plugins\gutenberg\gutenberg-el-d83116db7e3459d9c9a90cae3216278f.json
[2025-03-12 21:23:52] [INFO] Converting JSON to MD: C:\Users\Chris\cFish.io\wp-content\plugins\gutenberg\gutenberg-el-e5d3200f2f39097aa25c45c0f7243af8.json
[2025-03-12 21:23:52] [INFO] Skipping excluded file: C:\Users\Chris\cFish.io\wp-content\plugins\gutenberg\gutenberg-el-e5d3200f2f39097aa25c45c0f7243af8.json
[2025-03-12 21:23:52] [INFO] Converting JSON to MD: C:\Users\Chris\cFish.io\wp-content\plugins\gutenberg\gutenberg-el-e7b6005012912540099a002617fcee91.json
[2025-03-12 21:23:52] [INFO] Skipping excluded file: C:\Users\Chris\cFish.io\wp-content\plugins\gutenberg\gutenberg-el-e7b6005012912540099a002617fcee91.json
[2025-03-12 21:23:52] [INFO] Converting JSON to MD: C:\Users\Chris\cFish.io\wp-content\plugins\gutenberg\gutenberg-el-f39744326030f4f787227808e504b523.json
[2025-03-12 21:23:52] [INFO] Skipping excluded file: C:\Users\Chris\cFish.io\wp-content\plugins\gutenberg\gutenberg-el-f39744326030f4f787227808e504b523.json
[2025-03-12 21:23:52] [INFO] Converting JSON to MD: C:\Users\Chris\cFish.io\wp-content\plugins\gutenberg\gutenberg-en_AU-04418208c292b36bc4a3469b3ffc3d41.json
[2025-03-12 21:23:52] [INFO] Skipping excluded file: C:\Users\Chris\cFish.io\wp-content\plugins\gutenberg\gutenberg-en_AU-04418208c292b36bc4a3469b3ffc3d41.json
[2025-03-12 21:23:52] [INFO] Converting JSON to MD: C:\Users\Chris\cFish.io\wp-content\plugins\gutenberg\gutenberg-en_AU-07d88e6a803e01276b9bfcc1203e862e.json
[2025-03-12 21:23:52] [INFO] Skipping excluded file: C:\Users\Chris\cFish.io\wp-content\plugins\gutenberg\gutenberg-en_AU-07d88e6a803e01276b9bfcc1203e862e.json
[2025-03-12 21:23:52] [INFO] Converting JSON to MD: C:\Users\Chris\cFish.io\wp-content\plugins\gutenberg\gutenberg-en_AU-07ef134978802e52988301e5564a124c.json
[2025-03-12 21:23:52] [INFO] Skipping excluded file: C:\Users\Chris\cFish.io\wp-content\plugins\gutenberg\gutenberg-en_AU-07ef134978802e52988301e5564a124c.json
[2025-03-12 21:23:53] [INFO] Converting JSON to MD: C:\Users\Chris\cFish.io\wp-content\plugins\gutenberg\gutenberg-en_AU-195c2ee33af3438dc681885037a9dd77.json
[2025-03-12 21:23:53] [INFO] Skipping excluded file: C:\Users\Chris\cFish.io\wp-content\plugins\gutenberg\gutenberg-en_AU-195c2ee33af3438dc681885037a9dd77.json
[2025-03-12 21:23:53] [INFO] Converting JSON to MD: C:\Users\Chris\cFish.io\wp-content\plugins\gutenberg\gutenberg-en_AU-2db29b02b406fc710377e5966a268a5b.json
[2025-03-12 21:23:53] [INFO] Skipping excluded file: C:\Users\Chris\cFish.io\wp-content\plugins\gutenberg\gutenberg-en_AU-2db29b02b406fc710377e5966a268a5b.json
[2025-03-12 21:23:53] [INFO] Converting JSON to MD: C:\Users\Chris\cFish.io\wp-content\plugins\gutenberg\gutenberg-en_AU-2ecc15db55b460a0c1c65371b1c7144e.json
[2025-03-12 21:23:53] [INFO] Skipping excluded file: C:\Users\Chris\cFish.io\wp-content\plugins\gutenberg\gutenberg-en_AU-2ecc15db55b460a0c1c65371b1c7144e.json
[2025-03-12 21:23:53] [INFO] Converting JSON to MD: C:\Users\Chris\cFish.io\wp-content\plugins\gutenberg\gutenberg-en_AU-562b384b5ba625d9c67b6a487da0fb82.json
[2025-03-12 21:23:53] [INFO] Skipping excluded file: C:\Users\Chris\cFish.io\wp-content\plugins\gutenberg\gutenberg-en_AU-562b384b5ba625d9c67b6a487da0fb82.json
[2025-03-12 21:23:53] [INFO] Converting JSON to MD: C:\Users\Chris\cFish.io\wp-content\plugins\gutenberg\gutenberg-en_AU-57ca266aaa51c0865f9b606c3b122edf.json
[2025-03-12 21:23:53] [INFO] Skipping excluded file: C:\Users\Chris\cFish.io\wp-content\plugins\gutenberg\gutenberg-en_AU-57ca266aaa51c0865f9b606c3b122edf.json
[2025-03-12 21:23:53] [INFO] Converting JSON to MD: C:\Users\Chris\cFish.io\wp-content\plugins\gutenberg\gutenberg-en_AU-5a39926d0d16d0b7e0231768f706d685.json
[2025-03-12 21:23:53] [INFO] Skipping excluded file: C:\Users\Chris\cFish.io\wp-content\plugins\gutenberg\gutenberg-en_AU-5a39926d0d16d0b7e0231768f706d685.json
[2025-03-12 21:23:53] [INFO] Converting JSON to MD: C:\Users\Chris\cFish.io\wp-content\plugins\gutenberg\gutenberg-en_AU-5b24ba153c5b34da32d79d6bf83c42fd.json
[2025-03-12 21:23:53] [INFO] Skipping excluded file: C:\Users\Chris\cFish.io\wp-content\plugins\gutenberg\gutenberg-en_AU-5b24ba153c5b34da32d79d6bf83c42fd.json
[2025-03-12 21:23:53] [INFO] Converting JSON to MD: C:\Users\Chris\cFish.io\wp-content\plugins\gutenberg\gutenberg-en_AU-5b6fdbd8b6d8e74e269a71b5e2a640ae.json
[2025-03-12 21:23:53] [INFO] Skipping excluded file: C:\Users\Chris\cFish.io\wp-content\plugins\gutenberg\gutenberg-en_AU-5b6fdbd8b6d8e74e269a71b5e2a640ae.json
[2025-03-12 21:23:53] [INFO] Converting JSON to MD: C:\Users\Chris\cFish.io\wp-content\plugins\gutenberg\gutenberg-en_AU-669341f094c411cfc73de2f3b74475cd.json
[2025-03-12 21:23:53] [INFO] Skipping excluded file: C:\Users\Chris\cFish.io\wp-content\plugins\gutenberg\gutenberg-en_AU-669341f094c411cfc73de2f3b74475cd.json
[2025-03-12 21:23:54] [INFO] Converting JSON to MD: C:\Users\Chris\cFish.io\wp-content\plugins\gutenberg\gutenberg-en_AU-6da18768062abe6e705a5ac7876b5642.json
[2025-03-12 21:23:54] [INFO] Skipping excluded file: C:\Users\Chris\cFish.io\wp-content\plugins\gutenberg\gutenberg-en_AU-6da18768062abe6e705a5ac7876b5642.json
[2025-03-12 21:23:54] [INFO] Converting JSON to MD: C:\Users\Chris\cFish.io\wp-content\plugins\gutenberg\gutenberg-en_AU-84a7625187e218b518298469e531382d.json
[2025-03-12 21:23:54] [INFO] Skipping excluded file: C:\Users\Chris\cFish.io\wp-content\plugins\gutenberg\gutenberg-en_AU-84a7625187e218b518298469e531382d.json
[2025-03-12 21:23:54] [INFO] Converting JSON to MD: C:\Users\Chris\cFish.io\wp-content\plugins\gutenberg\gutenberg-en_AU-89337192c82f6ec91cfe1bb3aafe66b2.json
[2025-03-12 21:23:54] [INFO] Skipping excluded file: C:\Users\Chris\cFish.io\wp-content\plugins\gutenberg\gutenberg-en_AU-89337192c82f6ec91cfe1bb3aafe66b2.json
[2025-03-12 21:23:54] [INFO] Converting JSON to MD: C:\Users\Chris\cFish.io\wp-content\plugins\gutenberg\gutenberg-en_AU-8dd62110e8ea51d13ad3f5c26b723f2f.json
[2025-03-12 21:23:54] [INFO] Skipping excluded file: C:\Users\Chris\cFish.io\wp-content\plugins\gutenberg\gutenberg-en_AU-8dd62110e8ea51d13ad3f5c26b723f2f.json
[2025-03-12 21:23:54] [INFO] Converting JSON to MD: C:\Users\Chris\cFish.io\wp-content\plugins\gutenberg\gutenberg-en_AU-b28e16a397b8722f99fae785b95a4478.json
[2025-03-12 21:23:54] [INFO] Skipping excluded file: C:\Users\Chris\cFish.io\wp-content\plugins\gutenberg\gutenberg-en_AU-b28e16a397b8722f99fae785b95a4478.json
[2025-03-12 21:23:54] [INFO] Converting JSON to MD: C:\Users\Chris\cFish.io\wp-content\plugins\gutenberg\gutenberg-en_AU-ba39bebc48939c14ec581e7cf44bb27a.json
[2025-03-12 21:23:54] [INFO] Skipping excluded file: C:\Users\Chris\cFish.io\wp-content\plugins\gutenberg\gutenberg-en_AU-ba39bebc48939c14ec581e7cf44bb27a.json
[2025-03-12 21:23:54] [INFO] Converting JSON to MD: C:\Users\Chris\cFish.io\wp-content\plugins\gutenberg\gutenberg-en_AU-bd25c177bb43e960435d8bf33c14f6d3.json
[2025-03-12 21:23:54] [INFO] Skipping excluded file: C:\Users\Chris\cFish.io\wp-content\plugins\gutenberg\gutenberg-en_AU-bd25c177bb43e960435d8bf33c14f6d3.json
[2025-03-12 21:23:54] [INFO] Converting JSON to MD: C:\Users\Chris\cFish.io\wp-content\plugins\gutenberg\gutenberg-en_AU-c4c26f565695d6a88d0e7ab2e54949c3.json
[2025-03-12 21:23:54] [INFO] Skipping excluded file: C:\Users\Chris\cFish.io\wp-content\plugins\gutenberg\gutenberg-en_AU-c4c26f565695d6a88d0e7ab2e54949c3.json
[2025-03-12 21:23:55] [INFO] Converting JSON to MD: C:\Users\Chris\cFish.io\wp-content\plugins\gutenberg\gutenberg-en_AU-cc0ae1a9d2f54754d6de5eabbcb89f5b.json
[2025-03-12 21:23:55] [INFO] Skipping excluded file: C:\Users\Chris\cFish.io\wp-content\plugins\gutenberg\gutenberg-en_AU-cc0ae1a9d2f54754d6de5eabbcb89f5b.json
[2025-03-12 21:23:55] [INFO] Converting JSON to MD: C:\Users\Chris\cFish.io\wp-content\plugins\gutenberg\gutenberg-en_AU-d4accdff3b7b226dad1f5f72ccee5bae.json
[2025-03-12 21:23:55] [INFO] Skipping excluded file: C:\Users\Chris\cFish.io\wp-content\plugins\gutenberg\gutenberg-en_AU-d4accdff3b7b226dad1f5f72ccee5bae.json
[2025-03-12 21:23:55] [INFO] Converting JSON to MD: C:\Users\Chris\cFish.io\wp-content\plugins\gutenberg\gutenberg-en_AU-d83116db7e3459d9c9a90cae3216278f.json
[2025-03-12 21:23:55] [INFO] Skipping excluded file: C:\Users\Chris\cFish.io\wp-content\plugins\gutenberg\gutenberg-en_AU-d83116db7e3459d9c9a90cae3216278f.json
[2025-03-12 21:23:55] [INFO] Converting JSON to MD: C:\Users\Chris\cFish.io\wp-content\plugins\gutenberg\gutenberg-en_AU-e5d3200f2f39097aa25c45c0f7243af8.json
[2025-03-12 21:23:55] [INFO] Skipping excluded file: C:\Users\Chris\cFish.io\wp-content\plugins\gutenberg\gutenberg-en_AU-e5d3200f2f39097aa25c45c0f7243af8.json
[2025-03-12 21:23:55] [INFO] Converting JSON to MD: C:\Users\Chris\cFish.io\wp-content\plugins\gutenberg\gutenberg-en_AU-e7b6005012912540099a002617fcee91.json
[2025-03-12 21:23:55] [INFO] Skipping excluded file: C:\Users\Chris\cFish.io\wp-content\plugins\gutenberg\gutenberg-en_AU-e7b6005012912540099a002617fcee91.json
[2025-03-12 21:23:55] [INFO] Converting JSON to MD: C:\Users\Chris\cFish.io\wp-content\plugins\gutenberg\gutenberg-en_AU-f39744326030f4f787227808e504b523.json
[2025-03-12 21:23:55] [INFO] Skipping excluded file: C:\Users\Chris\cFish.io\wp-content\plugins\gutenberg\gutenberg-en_AU-f39744326030f4f787227808e504b523.json
[2025-03-12 21:23:55] [INFO] Converting JSON to MD: C:\Users\Chris\cFish.io\wp-content\plugins\gutenberg\gutenberg-en_CA-04418208c292b36bc4a3469b3ffc3d41.json
[2025-03-12 21:23:55] [INFO] Skipping excluded file: C:\Users\Chris\cFish.io\wp-content\plugins\gutenberg\gutenberg-en_CA-04418208c292b36bc4a3469b3ffc3d41.json
[2025-03-12 21:23:55] [INFO] Converting JSON to MD: C:\Users\Chris\cFish.io\wp-content\plugins\gutenberg\gutenberg-en_CA-07d88e6a803e01276b9bfcc1203e862e.json
[2025-03-12 21:23:55] [INFO] Skipping excluded file: C:\Users\Chris\cFish.io\wp-content\plugins\gutenberg\gutenberg-en_CA-07d88e6a803e01276b9bfcc1203e862e.json
[2025-03-12 21:23:55] [INFO] Converting JSON to MD: C:\Users\Chris\cFish.io\wp-content\plugins\gutenberg\gutenberg-en_CA-07ef134978802e52988301e5564a124c.json
[2025-03-12 21:23:55] [INFO] Skipping excluded file: C:\Users\Chris\cFish.io\wp-content\plugins\gutenberg\gutenberg-en_CA-07ef134978802e52988301e5564a124c.json
[2025-03-12 21:23:56] [INFO] Converting JSON to MD: C:\Users\Chris\cFish.io\wp-content\plugins\gutenberg\gutenberg-en_CA-17d863d02d419d257cce84f2a9934b91.json
[2025-03-12 21:23:56] [INFO] Skipping excluded file: C:\Users\Chris\cFish.io\wp-content\plugins\gutenberg\gutenberg-en_CA-17d863d02d419d257cce84f2a9934b91.json
[2025-03-12 21:23:56] [INFO] Converting JSON to MD: C:\Users\Chris\cFish.io\wp-content\plugins\gutenberg\gutenberg-en_CA-195c2ee33af3438dc681885037a9dd77.json
[2025-03-12 21:23:56] [INFO] Skipping excluded file: C:\Users\Chris\cFish.io\wp-content\plugins\gutenberg\gutenberg-en_CA-195c2ee33af3438dc681885037a9dd77.json
[2025-03-12 21:23:56] [INFO] Converting JSON to MD: C:\Users\Chris\cFish.io\wp-content\plugins\gutenberg\gutenberg-en_CA-22103b0fceb70bf4f3ed789172c4cc4e.json
[2025-03-12 21:23:56] [INFO] Skipping excluded file: C:\Users\Chris\cFish.io\wp-content\plugins\gutenberg\gutenberg-en_CA-22103b0fceb70bf4f3ed789172c4cc4e.json
[2025-03-12 21:23:56] [INFO] Converting JSON to MD: C:\Users\Chris\cFish.io\wp-content\plugins\gutenberg\gutenberg-en_CA-2db29b02b406fc710377e5966a268a5b.json
[2025-03-12 21:23:56] [INFO] Skipping excluded file: C:\Users\Chris\cFish.io\wp-content\plugins\gutenberg\gutenberg-en_CA-2db29b02b406fc710377e5966a268a5b.json
[2025-03-12 21:23:56] [INFO] Converting JSON to MD: C:\Users\Chris\cFish.io\wp-content\plugins\gutenberg\gutenberg-en_CA-2ecc15db55b460a0c1c65371b1c7144e.json
[2025-03-12 21:23:56] [INFO] Skipping excluded file: C:\Users\Chris\cFish.io\wp-content\plugins\gutenberg\gutenberg-en_CA-2ecc15db55b460a0c1c65371b1c7144e.json
[2025-03-12 21:23:56] [INFO] Converting JSON to MD: C:\Users\Chris\cFish.io\wp-content\plugins\gutenberg\gutenberg-en_CA-562b384b5ba625d9c67b6a487da0fb82.json
[2025-03-12 21:23:56] [INFO] Skipping excluded file: C:\Users\Chris\cFish.io\wp-content\plugins\gutenberg\gutenberg-en_CA-562b384b5ba625d9c67b6a487da0fb82.json
[2025-03-12 21:23:56] [INFO] Converting JSON to MD: C:\Users\Chris\cFish.io\wp-content\plugins\gutenberg\gutenberg-en_CA-57ca266aaa51c0865f9b606c3b122edf.json
[2025-03-12 21:23:56] [INFO] Skipping excluded file: C:\Users\Chris\cFish.io\wp-content\plugins\gutenberg\gutenberg-en_CA-57ca266aaa51c0865f9b606c3b122edf.json
[2025-03-12 21:23:56] [INFO] Converting JSON to MD: C:\Users\Chris\cFish.io\wp-content\plugins\gutenberg\gutenberg-en_CA-5a39926d0d16d0b7e0231768f706d685.json
[2025-03-12 21:23:56] [INFO] Skipping excluded file: C:\Users\Chris\cFish.io\wp-content\plugins\gutenberg\gutenberg-en_CA-5a39926d0d16d0b7e0231768f706d685.json
[2025-03-12 21:23:57] [INFO] Converting JSON to MD: C:\Users\Chris\cFish.io\wp-content\plugins\gutenberg\gutenberg-en_CA-5b24ba153c5b34da32d79d6bf83c42fd.json
[2025-03-12 21:23:57] [INFO] Skipping excluded file: C:\Users\Chris\cFish.io\wp-content\plugins\gutenberg\gutenberg-en_CA-5b24ba153c5b34da32d79d6bf83c42fd.json
[2025-03-12 21:23:57] [INFO] Converting JSON to MD: C:\Users\Chris\cFish.io\wp-content\plugins\gutenberg\gutenberg-en_CA-5b6fdbd8b6d8e74e269a71b5e2a640ae.json
[2025-03-12 21:23:57] [INFO] Skipping excluded file: C:\Users\Chris\cFish.io\wp-content\plugins\gutenberg\gutenberg-en_CA-5b6fdbd8b6d8e74e269a71b5e2a640ae.json
[2025-03-12 21:23:57] [INFO] Converting JSON to MD: C:\Users\Chris\cFish.io\wp-content\plugins\gutenberg\gutenberg-en_CA-664bd2d849a376fcdd35ecc175c8077e.json
[2025-03-12 21:23:57] [INFO] Skipping excluded file: C:\Users\Chris\cFish.io\wp-content\plugins\gutenberg\gutenberg-en_CA-664bd2d849a376fcdd35ecc175c8077e.json
[2025-03-12 21:23:57] [INFO] Converting JSON to MD: C:\Users\Chris\cFish.io\wp-content\plugins\gutenberg\gutenberg-en_CA-669341f094c411cfc73de2f3b74475cd.json
[2025-03-12 21:23:57] [INFO] Skipping excluded file: C:\Users\Chris\cFish.io\wp-content\plugins\gutenberg\gutenberg-en_CA-669341f094c411cfc73de2f3b74475cd.json
[2025-03-12 21:23:57] [INFO] Converting JSON to MD: C:\Users\Chris\cFish.io\wp-content\plugins\gutenberg\gutenberg-en_CA-6da18768062abe6e705a5ac7876b5642.json
[2025-03-12 21:23:57] [INFO] Skipping excluded file: C:\Users\Chris\cFish.io\wp-content\plugins\gutenberg\gutenberg-en_CA-6da18768062abe6e705a5ac7876b5642.json
[2025-03-12 21:23:57] [INFO] Converting JSON to MD: C:\Users\Chris\cFish.io\wp-content\plugins\gutenberg\gutenberg-en_CA-84a7625187e218b518298469e531382d.json
[2025-03-12 21:23:57] [INFO] Skipping excluded file: C:\Users\Chris\cFish.io\wp-content\plugins\gutenberg\gutenberg-en_CA-84a7625187e218b518298469e531382d.json
[2025-03-12 21:23:57] [INFO] Converting JSON to MD: C:\Users\Chris\cFish.io\wp-content\plugins\gutenberg\gutenberg-en_CA-89337192c82f6ec91cfe1bb3aafe66b2.json
[2025-03-12 21:23:57] [INFO] Skipping excluded file: C:\Users\Chris\cFish.io\wp-content\plugins\gutenberg\gutenberg-en_CA-89337192c82f6ec91cfe1bb3aafe66b2.json
[2025-03-12 21:23:57] [INFO] Converting JSON to MD: C:\Users\Chris\cFish.io\wp-content\plugins\gutenberg\gutenberg-en_CA-8dd62110e8ea51d13ad3f5c26b723f2f.json
[2025-03-12 21:23:57] [INFO] Skipping excluded file: C:\Users\Chris\cFish.io\wp-content\plugins\gutenberg\gutenberg-en_CA-8dd62110e8ea51d13ad3f5c26b723f2f.json
[2025-03-12 21:23:57] [INFO] Converting JSON to MD: C:\Users\Chris\cFish.io\wp-content\plugins\gutenberg\gutenberg-en_CA-b28e16a397b8722f99fae785b95a4478.json
[2025-03-12 21:23:57] [INFO] Skipping excluded file: C:\Users\Chris\cFish.io\wp-content\plugins\gutenberg\gutenberg-en_CA-b28e16a397b8722f99fae785b95a4478.json
[2025-03-12 21:23:58] [INFO] Converting JSON to MD: C:\Users\Chris\cFish.io\wp-content\plugins\gutenberg\gutenberg-en_CA-ba39bebc48939c14ec581e7cf44bb27a.json
[2025-03-12 21:23:58] [INFO] Skipping excluded file: C:\Users\Chris\cFish.io\wp-content\plugins\gutenberg\gutenberg-en_CA-ba39bebc48939c14ec581e7cf44bb27a.json
[2025-03-12 21:23:58] [INFO] Converting JSON to MD: C:\Users\Chris\cFish.io\wp-content\plugins\gutenberg\gutenberg-en_CA-bd25c177bb43e960435d8bf33c14f6d3.json
[2025-03-12 21:23:58] [INFO] Skipping excluded file: C:\Users\Chris\cFish.io\wp-content\plugins\gutenberg\gutenberg-en_CA-bd25c177bb43e960435d8bf33c14f6d3.json
[2025-03-12 21:23:58] [INFO] Converting JSON to MD: C:\Users\Chris\cFish.io\wp-content\plugins\gutenberg\gutenberg-en_CA-c4c26f565695d6a88d0e7ab2e54949c3.json
[2025-03-12 21:23:58] [INFO] Skipping excluded file: C:\Users\Chris\cFish.io\wp-content\plugins\gutenberg\gutenberg-en_CA-c4c26f565695d6a88d0e7ab2e54949c3.json
[2025-03-12 21:23:58] [INFO] Converting JSON to MD: C:\Users\Chris\cFish.io\wp-content\plugins\gutenberg\gutenberg-en_CA-cc0ae1a9d2f54754d6de5eabbcb89f5b.json
[2025-03-12 21:23:58] [INFO] Skipping excluded file: C:\Users\Chris\cFish.io\wp-content\plugins\gutenberg\gutenberg-en_CA-cc0ae1a9d2f54754d6de5eabbcb89f5b.json
[2025-03-12 21:23:58] [INFO] Converting JSON to MD: C:\Users\Chris\cFish.io\wp-content\plugins\gutenberg\gutenberg-en_CA-d4accdff3b7b226dad1f5f72ccee5bae.json
[2025-03-12 21:23:58] [INFO] Skipping excluded file: C:\Users\Chris\cFish.io\wp-content\plugins\gutenberg\gutenberg-en_CA-d4accdff3b7b226dad1f5f72ccee5bae.json
[2025-03-12 21:23:58] [INFO] Converting JSON to MD: C:\Users\Chris\cFish.io\wp-content\plugins\gutenberg\gutenberg-en_CA-d83116db7e3459d9c9a90cae3216278f.json
[2025-03-12 21:23:58] [INFO] Skipping excluded file: C:\Users\Chris\cFish.io\wp-content\plugins\gutenberg\gutenberg-en_CA-d83116db7e3459d9c9a90cae3216278f.json
[2025-03-12 21:23:58] [INFO] Converting JSON to MD: C:\Users\Chris\cFish.io\wp-content\plugins\gutenberg\gutenberg-en_CA-e5d3200f2f39097aa25c45c0f7243af8.json
[2025-03-12 21:23:58] [INFO] Skipping excluded file: C:\Users\Chris\cFish.io\wp-content\plugins\gutenberg\gutenberg-en_CA-e5d3200f2f39097aa25c45c0f7243af8.json
[2025-03-12 21:23:58] [INFO] Converting JSON to MD: C:\Users\Chris\cFish.io\wp-content\plugins\gutenberg\gutenberg-en_CA-e7b6005012912540099a002617fcee91.json
[2025-03-12 21:23:58] [INFO] Skipping excluded file: C:\Users\Chris\cFish.io\wp-content\plugins\gutenberg\gutenberg-en_CA-e7b6005012912540099a002617fcee91.json
[2025-03-12 21:23:58] [INFO] Converting JSON to MD: C:\Users\Chris\cFish.io\wp-content\plugins\gutenberg\gutenberg-en_CA-f39744326030f4f787227808e504b523.json
[2025-03-12 21:23:58] [INFO] Skipping excluded file: C:\Users\Chris\cFish.io\wp-content\plugins\gutenberg\gutenberg-en_CA-f39744326030f4f787227808e504b523.json
[2025-03-12 21:23:59] [INFO] Converting JSON to MD: C:\Users\Chris\cFish.io\wp-content\plugins\gutenberg\gutenberg-en_GB-04418208c292b36bc4a3469b3ffc3d41.json
[2025-03-12 21:23:59] [INFO] Skipping excluded file: C:\Users\Chris\cFish.io\wp-content\plugins\gutenberg\gutenberg-en_GB-04418208c292b36bc4a3469b3ffc3d41.json
[2025-03-12 21:23:59] [INFO] Converting JSON to MD: C:\Users\Chris\cFish.io\wp-content\plugins\gutenberg\gutenberg-en_GB-07d88e6a803e01276b9bfcc1203e862e.json
[2025-03-12 21:23:59] [INFO] Skipping excluded file: C:\Users\Chris\cFish.io\wp-content\plugins\gutenberg\gutenberg-en_GB-07d88e6a803e01276b9bfcc1203e862e.json
[2025-03-12 21:23:59] [INFO] Converting JSON to MD: C:\Users\Chris\cFish.io\wp-content\plugins\gutenberg\gutenberg-en_GB-07ef134978802e52988301e5564a124c.json
[2025-03-12 21:23:59] [INFO] Skipping excluded file: C:\Users\Chris\cFish.io\wp-content\plugins\gutenberg\gutenberg-en_GB-07ef134978802e52988301e5564a124c.json
[2025-03-12 21:23:59] [INFO] Converting JSON to MD: C:\Users\Chris\cFish.io\wp-content\plugins\gutenberg\gutenberg-en_GB-17d863d02d419d257cce84f2a9934b91.json
[2025-03-12 21:23:59] [INFO] Skipping excluded file: C:\Users\Chris\cFish.io\wp-content\plugins\gutenberg\gutenberg-en_GB-17d863d02d419d257cce84f2a9934b91.json
[2025-03-12 21:23:59] [INFO] Converting JSON to MD: C:\Users\Chris\cFish.io\wp-content\plugins\gutenberg\gutenberg-en_GB-195c2ee33af3438dc681885037a9dd77.json
[2025-03-12 21:23:59] [INFO] Skipping excluded file: C:\Users\Chris\cFish.io\wp-content\plugins\gutenberg\gutenberg-en_GB-195c2ee33af3438dc681885037a9dd77.json
[2025-03-12 21:23:59] [INFO] Converting JSON to MD: C:\Users\Chris\cFish.io\wp-content\plugins\gutenberg\gutenberg-en_GB-22103b0fceb70bf4f3ed789172c4cc4e.json
[2025-03-12 21:23:59] [INFO] Skipping excluded file: C:\Users\Chris\cFish.io\wp-content\plugins\gutenberg\gutenberg-en_GB-22103b0fceb70bf4f3ed789172c4cc4e.json
[2025-03-12 21:23:59] [INFO] Converting JSON to MD: C:\Users\Chris\cFish.io\wp-content\plugins\gutenberg\gutenberg-en_GB-2db29b02b406fc710377e5966a268a5b.json
[2025-03-12 21:23:59] [INFO] Skipping excluded file: C:\Users\Chris\cFish.io\wp-content\plugins\gutenberg\gutenberg-en_GB-2db29b02b406fc710377e5966a268a5b.json
[2025-03-12 21:23:59] [INFO] Converting JSON to MD: C:\Users\Chris\cFish.io\wp-content\plugins\gutenberg\gutenberg-en_GB-2ecc15db55b460a0c1c65371b1c7144e.json
[2025-03-12 21:23:59] [INFO] Skipping excluded file: C:\Users\Chris\cFish.io\wp-content\plugins\gutenberg\gutenberg-en_GB-2ecc15db55b460a0c1c65371b1c7144e.json
[2025-03-12 21:24:00] [INFO] Converting JSON to MD: C:\Users\Chris\cFish.io\wp-content\plugins\gutenberg\gutenberg-en_GB-562b384b5ba625d9c67b6a487da0fb82.json
[2025-03-12 21:24:00] [INFO] Skipping excluded file: C:\Users\Chris\cFish.io\wp-content\plugins\gutenberg\gutenberg-en_GB-562b384b5ba625d9c67b6a487da0fb82.json
[2025-03-12 21:24:00] [INFO] Converting JSON to MD: C:\Users\Chris\cFish.io\wp-content\plugins\gutenberg\gutenberg-en_GB-57ca266aaa51c0865f9b606c3b122edf.json
[2025-03-12 21:24:00] [INFO] Skipping excluded file: C:\Users\Chris\cFish.io\wp-content\plugins\gutenberg\gutenberg-en_GB-57ca266aaa51c0865f9b606c3b122edf.json
[2025-03-12 21:24:00] [INFO] Converting JSON to MD: C:\Users\Chris\cFish.io\wp-content\plugins\gutenberg\gutenberg-en_GB-5a39926d0d16d0b7e0231768f706d685.json
[2025-03-12 21:24:00] [INFO] Skipping excluded file: C:\Users\Chris\cFish.io\wp-content\plugins\gutenberg\gutenberg-en_GB-5a39926d0d16d0b7e0231768f706d685.json
[2025-03-12 21:24:00] [INFO] Converting JSON to MD: C:\Users\Chris\cFish.io\wp-content\plugins\gutenberg\gutenberg-en_GB-5b24ba153c5b34da32d79d6bf83c42fd.json
[2025-03-12 21:24:00] [INFO] Skipping excluded file: C:\Users\Chris\cFish.io\wp-content\plugins\gutenberg\gutenberg-en_GB-5b24ba153c5b34da32d79d6bf83c42fd.json
[2025-03-12 21:24:00] [INFO] Converting JSON to MD: C:\Users\Chris\cFish.io\wp-content\plugins\gutenberg\gutenberg-en_GB-5b6fdbd8b6d8e74e269a71b5e2a640ae.json
[2025-03-12 21:24:00] [INFO] Skipping excluded file: C:\Users\Chris\cFish.io\wp-content\plugins\gutenberg\gutenberg-en_GB-5b6fdbd8b6d8e74e269a71b5e2a640ae.json
[2025-03-12 21:24:00] [INFO] Converting JSON to MD: C:\Users\Chris\cFish.io\wp-content\plugins\gutenberg\gutenberg-en_GB-664bd2d849a376fcdd35ecc175c8077e.json
[2025-03-12 21:24:00] [INFO] Skipping excluded file: C:\Users\Chris\cFish.io\wp-content\plugins\gutenberg\gutenberg-en_GB-664bd2d849a376fcdd35ecc175c8077e.json
[2025-03-12 21:24:00] [INFO] Converting JSON to MD: C:\Users\Chris\cFish.io\wp-content\plugins\gutenberg\gutenberg-en_GB-669341f094c411cfc73de2f3b74475cd.json
[2025-03-12 21:24:00] [INFO] Skipping excluded file: C:\Users\Chris\cFish.io\wp-content\plugins\gutenberg\gutenberg-en_GB-669341f094c411cfc73de2f3b74475cd.json
[2025-03-12 21:24:00] [INFO] Converting JSON to MD: C:\Users\Chris\cFish.io\wp-content\plugins\gutenberg\gutenberg-en_GB-6da18768062abe6e705a5ac7876b5642.json
[2025-03-12 21:24:00] [INFO] Skipping excluded file: C:\Users\Chris\cFish.io\wp-content\plugins\gutenberg\gutenberg-en_GB-6da18768062abe6e705a5ac7876b5642.json
[2025-03-12 21:24:00] [INFO] Converting JSON to MD: C:\Users\Chris\cFish.io\wp-content\plugins\gutenberg\gutenberg-en_GB-84a7625187e218b518298469e531382d.json
[2025-03-12 21:24:00] [INFO] Skipping excluded file: C:\Users\Chris\cFish.io\wp-content\plugins\gutenberg\gutenberg-en_GB-84a7625187e218b518298469e531382d.json
[2025-03-12 21:24:01] [INFO] Converting JSON to MD: C:\Users\Chris\cFish.io\wp-content\plugins\gutenberg\gutenberg-en_GB-89337192c82f6ec91cfe1bb3aafe66b2.json
[2025-03-12 21:24:01] [INFO] Skipping excluded file: C:\Users\Chris\cFish.io\wp-content\plugins\gutenberg\gutenberg-en_GB-89337192c82f6ec91cfe1bb3aafe66b2.json
[2025-03-12 21:24:01] [INFO] Converting JSON to MD: C:\Users\Chris\cFish.io\wp-content\plugins\gutenberg\gutenberg-en_GB-8dd62110e8ea51d13ad3f5c26b723f2f.json
[2025-03-12 21:24:01] [INFO] Skipping excluded file: C:\Users\Chris\cFish.io\wp-content\plugins\gutenberg\gutenberg-en_GB-8dd62110e8ea51d13ad3f5c26b723f2f.json
[2025-03-12 21:24:01] [INFO] Converting JSON to MD: C:\Users\Chris\cFish.io\wp-content\plugins\gutenberg\gutenberg-en_GB-b28e16a397b8722f99fae785b95a4478.json
[2025-03-12 21:24:01] [INFO] Skipping excluded file: C:\Users\Chris\cFish.io\wp-content\plugins\gutenberg\gutenberg-en_GB-b28e16a397b8722f99fae785b95a4478.json
[2025-03-12 21:24:01] [INFO] Converting JSON to MD: C:\Users\Chris\cFish.io\wp-content\plugins\gutenberg\gutenberg-en_GB-ba39bebc48939c14ec581e7cf44bb27a.json
[2025-03-12 21:24:01] [INFO] Skipping excluded file: C:\Users\Chris\cFish.io\wp-content\plugins\gutenberg\gutenberg-en_GB-ba39bebc48939c14ec581e7cf44bb27a.json
[2025-03-12 21:24:01] [INFO] Converting JSON to MD: C:\Users\Chris\cFish.io\wp-content\plugins\gutenberg\gutenberg-en_GB-bd25c177bb43e960435d8bf33c14f6d3.json
[2025-03-12 21:24:01] [INFO] Skipping excluded file: C:\Users\Chris\cFish.io\wp-content\plugins\gutenberg\gutenberg-en_GB-bd25c177bb43e960435d8bf33c14f6d3.json
[2025-03-12 21:24:01] [INFO] Converting JSON to MD: C:\Users\Chris\cFish.io\wp-content\plugins\gutenberg\gutenberg-en_GB-c4c26f565695d6a88d0e7ab2e54949c3.json
[2025-03-12 21:24:01] [INFO] Skipping excluded file: C:\Users\Chris\cFish.io\wp-content\plugins\gutenberg\gutenberg-en_GB-c4c26f565695d6a88d0e7ab2e54949c3.json
[2025-03-12 21:24:01] [INFO] Converting JSON to MD: C:\Users\Chris\cFish.io\wp-content\plugins\gutenberg\gutenberg-en_GB-cc0ae1a9d2f54754d6de5eabbcb89f5b.json
[2025-03-12 21:24:01] [INFO] Skipping excluded file: C:\Users\Chris\cFish.io\wp-content\plugins\gutenberg\gutenberg-en_GB-cc0ae1a9d2f54754d6de5eabbcb89f5b.json
[2025-03-12 21:24:01] [INFO] Converting JSON to MD: C:\Users\Chris\cFish.io\wp-content\plugins\gutenberg\gutenberg-en_GB-d4accdff3b7b226dad1f5f72ccee5bae.json
[2025-03-12 21:24:01] [INFO] Skipping excluded file: C:\Users\Chris\cFish.io\wp-content\plugins\gutenberg\gutenberg-en_GB-d4accdff3b7b226dad1f5f72ccee5bae.json
[2025-03-12 21:24:02] [INFO] Converting JSON to MD: C:\Users\Chris\cFish.io\wp-content\plugins\gutenberg\gutenberg-en_GB-d83116db7e3459d9c9a90cae3216278f.json
[2025-03-12 21:24:02] [INFO] Skipping excluded file: C:\Users\Chris\cFish.io\wp-content\plugins\gutenberg\gutenberg-en_GB-d83116db7e3459d9c9a90cae3216278f.json
[2025-03-12 21:24:02] [INFO] Converting JSON to MD: C:\Users\Chris\cFish.io\wp-content\plugins\gutenberg\gutenberg-en_GB-e5d3200f2f39097aa25c45c0f7243af8.json
[2025-03-12 21:24:02] [INFO] Skipping excluded file: C:\Users\Chris\cFish.io\wp-content\plugins\gutenberg\gutenberg-en_GB-e5d3200f2f39097aa25c45c0f7243af8.json
[2025-03-12 21:24:02] [INFO] Converting JSON to MD: C:\Users\Chris\cFish.io\wp-content\plugins\gutenberg\gutenberg-en_GB-e7b6005012912540099a002617fcee91.json
[2025-03-12 21:24:02] [INFO] Skipping excluded file: C:\Users\Chris\cFish.io\wp-content\plugins\gutenberg\gutenberg-en_GB-e7b6005012912540099a002617fcee91.json
[2025-03-12 21:24:02] [INFO] Converting JSON to MD: C:\Users\Chris\cFish.io\wp-content\plugins\gutenberg\gutenberg-en_GB-f39744326030f4f787227808e504b523.json
[2025-03-12 21:24:02] [INFO] Skipping excluded file: C:\Users\Chris\cFish.io\wp-content\plugins\gutenberg\gutenberg-en_GB-f39744326030f4f787227808e504b523.json
[2025-03-12 21:24:02] [INFO] Converting JSON to MD: C:\Users\Chris\cFish.io\wp-content\plugins\gutenberg\gutenberg-en_NZ-04418208c292b36bc4a3469b3ffc3d41.json
[2025-03-12 21:24:02] [INFO] Skipping excluded file: C:\Users\Chris\cFish.io\wp-content\plugins\gutenberg\gutenberg-en_NZ-04418208c292b36bc4a3469b3ffc3d41.json
[2025-03-12 21:24:02] [INFO] Converting JSON to MD: C:\Users\Chris\cFish.io\wp-content\plugins\gutenberg\gutenberg-en_NZ-07d88e6a803e01276b9bfcc1203e862e.json
[2025-03-12 21:24:02] [INFO] Skipping excluded file: C:\Users\Chris\cFish.io\wp-content\plugins\gutenberg\gutenberg-en_NZ-07d88e6a803e01276b9bfcc1203e862e.json
[2025-03-12 21:24:02] [INFO] Converting JSON to MD: C:\Users\Chris\cFish.io\wp-content\plugins\gutenberg\gutenberg-en_NZ-07ef134978802e52988301e5564a124c.json
[2025-03-12 21:24:02] [INFO] Skipping excluded file: C:\Users\Chris\cFish.io\wp-content\plugins\gutenberg\gutenberg-en_NZ-07ef134978802e52988301e5564a124c.json
[2025-03-12 21:24:02] [INFO] Converting JSON to MD: C:\Users\Chris\cFish.io\wp-content\plugins\gutenberg\gutenberg-en_NZ-195c2ee33af3438dc681885037a9dd77.json
[2025-03-12 21:24:02] [INFO] Skipping excluded file: C:\Users\Chris\cFish.io\wp-content\plugins\gutenberg\gutenberg-en_NZ-195c2ee33af3438dc681885037a9dd77.json
[2025-03-12 21:24:02] [INFO] Converting JSON to MD: C:\Users\Chris\cFish.io\wp-content\plugins\gutenberg\gutenberg-en_NZ-2db29b02b406fc710377e5966a268a5b.json
[2025-03-12 21:24:02] [INFO] Skipping excluded file: C:\Users\Chris\cFish.io\wp-content\plugins\gutenberg\gutenberg-en_NZ-2db29b02b406fc710377e5966a268a5b.json
[2025-03-12 21:24:03] [INFO] Converting JSON to MD: C:\Users\Chris\cFish.io\wp-content\plugins\gutenberg\gutenberg-en_NZ-2ecc15db55b460a0c1c65371b1c7144e.json
[2025-03-12 21:24:03] [INFO] Skipping excluded file: C:\Users\Chris\cFish.io\wp-content\plugins\gutenberg\gutenberg-en_NZ-2ecc15db55b460a0c1c65371b1c7144e.json
[2025-03-12 21:24:03] [INFO] Converting JSON to MD: C:\Users\Chris\cFish.io\wp-content\plugins\gutenberg\gutenberg-en_NZ-562b384b5ba625d9c67b6a487da0fb82.json
[2025-03-12 21:24:03] [INFO] Skipping excluded file: C:\Users\Chris\cFish.io\wp-content\plugins\gutenberg\gutenberg-en_NZ-562b384b5ba625d9c67b6a487da0fb82.json
[2025-03-12 21:24:03] [INFO] Converting JSON to MD: C:\Users\Chris\cFish.io\wp-content\plugins\gutenberg\gutenberg-en_NZ-57ca266aaa51c0865f9b606c3b122edf.json
[2025-03-12 21:24:03] [INFO] Skipping excluded file: C:\Users\Chris\cFish.io\wp-content\plugins\gutenberg\gutenberg-en_NZ-57ca266aaa51c0865f9b606c3b122edf.json
[2025-03-12 21:24:03] [INFO] Converting JSON to MD: C:\Users\Chris\cFish.io\wp-content\plugins\gutenberg\gutenberg-en_NZ-5a39926d0d16d0b7e0231768f706d685.json
[2025-03-12 21:24:03] [INFO] Skipping excluded file: C:\Users\Chris\cFish.io\wp-content\plugins\gutenberg\gutenberg-en_NZ-5a39926d0d16d0b7e0231768f706d685.json
[2025-03-12 21:24:03] [INFO] Converting JSON to MD: C:\Users\Chris\cFish.io\wp-content\plugins\gutenberg\gutenberg-en_NZ-5b24ba153c5b34da32d79d6bf83c42fd.json
[2025-03-12 21:24:03] [INFO] Skipping excluded file: C:\Users\Chris\cFish.io\wp-content\plugins\gutenberg\gutenberg-en_NZ-5b24ba153c5b34da32d79d6bf83c42fd.json
[2025-03-12 21:24:03] [INFO] Converting JSON to MD: C:\Users\Chris\cFish.io\wp-content\plugins\gutenberg\gutenberg-en_NZ-5b6fdbd8b6d8e74e269a71b5e2a640ae.json
[2025-03-12 21:24:03] [INFO] Skipping excluded file: C:\Users\Chris\cFish.io\wp-content\plugins\gutenberg\gutenberg-en_NZ-5b6fdbd8b6d8e74e269a71b5e2a640ae.json
[2025-03-12 21:24:03] [INFO] Converting JSON to MD: C:\Users\Chris\cFish.io\wp-content\plugins\gutenberg\gutenberg-en_NZ-664bd2d849a376fcdd35ecc175c8077e.json
[2025-03-12 21:24:03] [INFO] Skipping excluded file: C:\Users\Chris\cFish.io\wp-content\plugins\gutenberg\gutenberg-en_NZ-664bd2d849a376fcdd35ecc175c8077e.json
[2025-03-12 21:24:03] [INFO] Converting JSON to MD: C:\Users\Chris\cFish.io\wp-content\plugins\gutenberg\gutenberg-en_NZ-669341f094c411cfc73de2f3b74475cd.json
[2025-03-12 21:24:03] [INFO] Skipping excluded file: C:\Users\Chris\cFish.io\wp-content\plugins\gutenberg\gutenberg-en_NZ-669341f094c411cfc73de2f3b74475cd.json
[2025-03-12 21:24:04] [INFO] Converting JSON to MD: C:\Users\Chris\cFish.io\wp-content\plugins\gutenberg\gutenberg-en_NZ-6da18768062abe6e705a5ac7876b5642.json
[2025-03-12 21:24:04] [INFO] Skipping excluded file: C:\Users\Chris\cFish.io\wp-content\plugins\gutenberg\gutenberg-en_NZ-6da18768062abe6e705a5ac7876b5642.json
[2025-03-12 21:24:04] [INFO] Converting JSON to MD: C:\Users\Chris\cFish.io\wp-content\plugins\gutenberg\gutenberg-en_NZ-84a7625187e218b518298469e531382d.json
[2025-03-12 21:24:04] [INFO] Skipping excluded file: C:\Users\Chris\cFish.io\wp-content\plugins\gutenberg\gutenberg-en_NZ-84a7625187e218b518298469e531382d.json
[2025-03-12 21:24:04] [INFO] Converting JSON to MD: C:\Users\Chris\cFish.io\wp-content\plugins\gutenberg\gutenberg-en_NZ-89337192c82f6ec91cfe1bb3aafe66b2.json
[2025-03-12 21:24:04] [INFO] Skipping excluded file: C:\Users\Chris\cFish.io\wp-content\plugins\gutenberg\gutenberg-en_NZ-89337192c82f6ec91cfe1bb3aafe66b2.json
[2025-03-12 21:24:04] [INFO] Converting JSON to MD: C:\Users\Chris\cFish.io\wp-content\plugins\gutenberg\gutenberg-en_NZ-b28e16a397b8722f99fae785b95a4478.json
[2025-03-12 21:24:04] [INFO] Skipping excluded file: C:\Users\Chris\cFish.io\wp-content\plugins\gutenberg\gutenberg-en_NZ-b28e16a397b8722f99fae785b95a4478.json
[2025-03-12 21:24:04] [INFO] Converting JSON to MD: C:\Users\Chris\cFish.io\wp-content\plugins\gutenberg\gutenberg-en_NZ-ba39bebc48939c14ec581e7cf44bb27a.json
[2025-03-12 21:24:04] [INFO] Skipping excluded file: C:\Users\Chris\cFish.io\wp-content\plugins\gutenberg\gutenberg-en_NZ-ba39bebc48939c14ec581e7cf44bb27a.json
[2025-03-12 21:24:04] [INFO] Converting JSON to MD: C:\Users\Chris\cFish.io\wp-content\plugins\gutenberg\gutenberg-en_NZ-bd25c177bb43e960435d8bf33c14f6d3.json
[2025-03-12 21:24:04] [INFO] Skipping excluded file: C:\Users\Chris\cFish.io\wp-content\plugins\gutenberg\gutenberg-en_NZ-bd25c177bb43e960435d8bf33c14f6d3.json
[2025-03-12 21:24:04] [INFO] Converting JSON to MD: C:\Users\Chris\cFish.io\wp-content\plugins\gutenberg\gutenberg-en_NZ-c4c26f565695d6a88d0e7ab2e54949c3.json
[2025-03-12 21:24:04] [INFO] Skipping excluded file: C:\Users\Chris\cFish.io\wp-content\plugins\gutenberg\gutenberg-en_NZ-c4c26f565695d6a88d0e7ab2e54949c3.json
[2025-03-12 21:24:04] [INFO] Converting JSON to MD: C:\Users\Chris\cFish.io\wp-content\plugins\gutenberg\gutenberg-en_NZ-cc0ae1a9d2f54754d6de5eabbcb89f5b.json
[2025-03-12 21:24:04] [INFO] Skipping excluded file: C:\Users\Chris\cFish.io\wp-content\plugins\gutenberg\gutenberg-en_NZ-cc0ae1a9d2f54754d6de5eabbcb89f5b.json
[2025-03-12 21:24:04] [INFO] Converting JSON to MD: C:\Users\Chris\cFish.io\wp-content\plugins\gutenberg\gutenberg-en_NZ-d4accdff3b7b226dad1f5f72ccee5bae.json
[2025-03-12 21:24:04] [INFO] Skipping excluded file: C:\Users\Chris\cFish.io\wp-content\plugins\gutenberg\gutenberg-en_NZ-d4accdff3b7b226dad1f5f72ccee5bae.json
[2025-03-12 21:24:05] [INFO] Converting JSON to MD: C:\Users\Chris\cFish.io\wp-content\plugins\gutenberg\gutenberg-en_NZ-d83116db7e3459d9c9a90cae3216278f.json
[2025-03-12 21:24:05] [INFO] Skipping excluded file: C:\Users\Chris\cFish.io\wp-content\plugins\gutenberg\gutenberg-en_NZ-d83116db7e3459d9c9a90cae3216278f.json
[2025-03-12 21:24:05] [INFO] Converting JSON to MD: C:\Users\Chris\cFish.io\wp-content\plugins\gutenberg\gutenberg-en_NZ-e5d3200f2f39097aa25c45c0f7243af8.json
[2025-03-12 21:24:05] [INFO] Skipping excluded file: C:\Users\Chris\cFish.io\wp-content\plugins\gutenberg\gutenberg-en_NZ-e5d3200f2f39097aa25c45c0f7243af8.json
[2025-03-12 21:24:05] [INFO] Converting JSON to MD: C:\Users\Chris\cFish.io\wp-content\plugins\gutenberg\gutenberg-en_NZ-e7b6005012912540099a002617fcee91.json
[2025-03-12 21:24:05] [INFO] Skipping excluded file: C:\Users\Chris\cFish.io\wp-content\plugins\gutenberg\gutenberg-en_NZ-e7b6005012912540099a002617fcee91.json
[2025-03-12 21:24:05] [INFO] Converting JSON to MD: C:\Users\Chris\cFish.io\wp-content\plugins\gutenberg\gutenberg-en_NZ-f39744326030f4f787227808e504b523.json
[2025-03-12 21:24:05] [INFO] Skipping excluded file: C:\Users\Chris\cFish.io\wp-content\plugins\gutenberg\gutenberg-en_NZ-f39744326030f4f787227808e504b523.json
[2025-03-12 21:24:05] [INFO] Converting JSON to MD: C:\Users\Chris\cFish.io\wp-content\plugins\gutenberg\gutenberg-en_ZA-04418208c292b36bc4a3469b3ffc3d41.json
[2025-03-12 21:24:05] [INFO] Skipping excluded file: C:\Users\Chris\cFish.io\wp-content\plugins\gutenberg\gutenberg-en_ZA-04418208c292b36bc4a3469b3ffc3d41.json
[2025-03-12 21:24:05] [INFO] Converting JSON to MD: C:\Users\Chris\cFish.io\wp-content\plugins\gutenberg\gutenberg-en_ZA-07d88e6a803e01276b9bfcc1203e862e.json
[2025-03-12 21:24:05] [INFO] Skipping excluded file: C:\Users\Chris\cFish.io\wp-content\plugins\gutenberg\gutenberg-en_ZA-07d88e6a803e01276b9bfcc1203e862e.json
[2025-03-12 21:24:05] [INFO] Converting JSON to MD: C:\Users\Chris\cFish.io\wp-content\plugins\gutenberg\gutenberg-en_ZA-07ef134978802e52988301e5564a124c.json
[2025-03-12 21:24:05] [INFO] Skipping excluded file: C:\Users\Chris\cFish.io\wp-content\plugins\gutenberg\gutenberg-en_ZA-07ef134978802e52988301e5564a124c.json
[2025-03-12 21:24:05] [INFO] Converting JSON to MD: C:\Users\Chris\cFish.io\wp-content\plugins\gutenberg\gutenberg-en_ZA-17d863d02d419d257cce84f2a9934b91.json
[2025-03-12 21:24:05] [INFO] Skipping excluded file: C:\Users\Chris\cFish.io\wp-content\plugins\gutenberg\gutenberg-en_ZA-17d863d02d419d257cce84f2a9934b91.json
[2025-03-12 21:24:06] [INFO] Converting JSON to MD: C:\Users\Chris\cFish.io\wp-content\plugins\gutenberg\gutenberg-en_ZA-195c2ee33af3438dc681885037a9dd77.json
[2025-03-12 21:24:06] [INFO] Skipping excluded file: C:\Users\Chris\cFish.io\wp-content\plugins\gutenberg\gutenberg-en_ZA-195c2ee33af3438dc681885037a9dd77.json
[2025-03-12 21:24:06] [INFO] Converting JSON to MD: C:\Users\Chris\cFish.io\wp-content\plugins\gutenberg\gutenberg-en_ZA-2db29b02b406fc710377e5966a268a5b.json
[2025-03-12 21:24:06] [INFO] Skipping excluded file: C:\Users\Chris\cFish.io\wp-content\plugins\gutenberg\gutenberg-en_ZA-2db29b02b406fc710377e5966a268a5b.json
[2025-03-12 21:24:06] [INFO] Converting JSON to MD: C:\Users\Chris\cFish.io\wp-content\plugins\gutenberg\gutenberg-en_ZA-2ecc15db55b460a0c1c65371b1c7144e.json
[2025-03-12 21:24:06] [INFO] Skipping excluded file: C:\Users\Chris\cFish.io\wp-content\plugins\gutenberg\gutenberg-en_ZA-2ecc15db55b460a0c1c65371b1c7144e.json
[2025-03-12 21:24:06] [INFO] Converting JSON to MD: C:\Users\Chris\cFish.io\wp-content\plugins\gutenberg\gutenberg-en_ZA-562b384b5ba625d9c67b6a487da0fb82.json
[2025-03-12 21:24:06] [INFO] Skipping excluded file: C:\Users\Chris\cFish.io\wp-content\plugins\gutenberg\gutenberg-en_ZA-562b384b5ba625d9c67b6a487da0fb82.json
[2025-03-12 21:24:06] [INFO] Converting JSON to MD: C:\Users\Chris\cFish.io\wp-content\plugins\gutenberg\gutenberg-en_ZA-57ca266aaa51c0865f9b606c3b122edf.json
[2025-03-12 21:24:06] [INFO] Skipping excluded file: C:\Users\Chris\cFish.io\wp-content\plugins\gutenberg\gutenberg-en_ZA-57ca266aaa51c0865f9b606c3b122edf.json
[2025-03-12 21:24:06] [INFO] Converting JSON to MD: C:\Users\Chris\cFish.io\wp-content\plugins\gutenberg\gutenberg-en_ZA-5a39926d0d16d0b7e0231768f706d685.json
[2025-03-12 21:24:06] [INFO] Skipping excluded file: C:\Users\Chris\cFish.io\wp-content\plugins\gutenberg\gutenberg-en_ZA-5a39926d0d16d0b7e0231768f706d685.json
[2025-03-12 21:24:06] [INFO] Converting JSON to MD: C:\Users\Chris\cFish.io\wp-content\plugins\gutenberg\gutenberg-en_ZA-5b24ba153c5b34da32d79d6bf83c42fd.json
[2025-03-12 21:24:06] [INFO] Skipping excluded file: C:\Users\Chris\cFish.io\wp-content\plugins\gutenberg\gutenberg-en_ZA-5b24ba153c5b34da32d79d6bf83c42fd.json
[2025-03-12 21:24:06] [INFO] Converting JSON to MD: C:\Users\Chris\cFish.io\wp-content\plugins\gutenberg\gutenberg-en_ZA-5b6fdbd8b6d8e74e269a71b5e2a640ae.json
[2025-03-12 21:24:06] [INFO] Skipping excluded file: C:\Users\Chris\cFish.io\wp-content\plugins\gutenberg\gutenberg-en_ZA-5b6fdbd8b6d8e74e269a71b5e2a640ae.json
[2025-03-12 21:24:06] [INFO] Converting JSON to MD: C:\Users\Chris\cFish.io\wp-content\plugins\gutenberg\gutenberg-en_ZA-664bd2d849a376fcdd35ecc175c8077e.json
[2025-03-12 21:24:06] [INFO] Skipping excluded file: C:\Users\Chris\cFish.io\wp-content\plugins\gutenberg\gutenberg-en_ZA-664bd2d849a376fcdd35ecc175c8077e.json
[2025-03-12 21:24:07] [INFO] Converting JSON to MD: C:\Users\Chris\cFish.io\wp-content\plugins\gutenberg\gutenberg-en_ZA-669341f094c411cfc73de2f3b74475cd.json
[2025-03-12 21:24:07] [INFO] Skipping excluded file: C:\Users\Chris\cFish.io\wp-content\plugins\gutenberg\gutenberg-en_ZA-669341f094c411cfc73de2f3b74475cd.json
[2025-03-12 21:24:07] [INFO] Converting JSON to MD: C:\Users\Chris\cFish.io\wp-content\plugins\gutenberg\gutenberg-en_ZA-6da18768062abe6e705a5ac7876b5642.json
[2025-03-12 21:24:07] [INFO] Skipping excluded file: C:\Users\Chris\cFish.io\wp-content\plugins\gutenberg\gutenberg-en_ZA-6da18768062abe6e705a5ac7876b5642.json
[2025-03-12 21:24:07] [INFO] Converting JSON to MD: C:\Users\Chris\cFish.io\wp-content\plugins\gutenberg\gutenberg-en_ZA-84a7625187e218b518298469e531382d.json
[2025-03-12 21:24:07] [INFO] Skipping excluded file: C:\Users\Chris\cFish.io\wp-content\plugins\gutenberg\gutenberg-en_ZA-84a7625187e218b518298469e531382d.json
[2025-03-12 21:24:07] [INFO] Converting JSON to MD: C:\Users\Chris\cFish.io\wp-content\plugins\gutenberg\gutenberg-en_ZA-89337192c82f6ec91cfe1bb3aafe66b2.json
[2025-03-12 21:24:07] [INFO] Skipping excluded file: C:\Users\Chris\cFish.io\wp-content\plugins\gutenberg\gutenberg-en_ZA-89337192c82f6ec91cfe1bb3aafe66b2.json
[2025-03-12 21:24:07] [INFO] Converting JSON to MD: C:\Users\Chris\cFish.io\wp-content\plugins\gutenberg\gutenberg-en_ZA-b28e16a397b8722f99fae785b95a4478.json
[2025-03-12 21:24:07] [INFO] Skipping excluded file: C:\Users\Chris\cFish.io\wp-content\plugins\gutenberg\gutenberg-en_ZA-b28e16a397b8722f99fae785b95a4478.json
[2025-03-12 21:24:07] [INFO] Converting JSON to MD: C:\Users\Chris\cFish.io\wp-content\plugins\gutenberg\gutenberg-en_ZA-ba39bebc48939c14ec581e7cf44bb27a.json
[2025-03-12 21:24:07] [INFO] Skipping excluded file: C:\Users\Chris\cFish.io\wp-content\plugins\gutenberg\gutenberg-en_ZA-ba39bebc48939c14ec581e7cf44bb27a.json
[2025-03-12 21:24:07] [INFO] Converting JSON to MD: C:\Users\Chris\cFish.io\wp-content\plugins\gutenberg\gutenberg-en_ZA-bd25c177bb43e960435d8bf33c14f6d3.json
[2025-03-12 21:24:07] [INFO] Skipping excluded file: C:\Users\Chris\cFish.io\wp-content\plugins\gutenberg\gutenberg-en_ZA-bd25c177bb43e960435d8bf33c14f6d3.json
[2025-03-12 21:24:07] [INFO] Converting JSON to MD: C:\Users\Chris\cFish.io\wp-content\plugins\gutenberg\gutenberg-en_ZA-c4c26f565695d6a88d0e7ab2e54949c3.json
[2025-03-12 21:24:07] [INFO] Skipping excluded file: C:\Users\Chris\cFish.io\wp-content\plugins\gutenberg\gutenberg-en_ZA-c4c26f565695d6a88d0e7ab2e54949c3.json
[2025-03-12 21:24:07] [INFO] Converting JSON to MD: C:\Users\Chris\cFish.io\wp-content\plugins\gutenberg\gutenberg-en_ZA-cc0ae1a9d2f54754d6de5eabbcb89f5b.json
[2025-03-12 21:24:07] [INFO] Skipping excluded file: C:\Users\Chris\cFish.io\wp-content\plugins\gutenberg\gutenberg-en_ZA-cc0ae1a9d2f54754d6de5eabbcb89f5b.json
[2025-03-12 21:24:08] [INFO] Converting JSON to MD: C:\Users\Chris\cFish.io\wp-content\plugins\gutenberg\gutenberg-en_ZA-d4accdff3b7b226dad1f5f72ccee5bae.json
[2025-03-12 21:24:08] [INFO] Skipping excluded file: C:\Users\Chris\cFish.io\wp-content\plugins\gutenberg\gutenberg-en_ZA-d4accdff3b7b226dad1f5f72ccee5bae.json
[2025-03-12 21:24:08] [INFO] Converting JSON to MD: C:\Users\Chris\cFish.io\wp-content\plugins\gutenberg\gutenberg-en_ZA-d83116db7e3459d9c9a90cae3216278f.json
[2025-03-12 21:24:08] [INFO] Skipping excluded file: C:\Users\Chris\cFish.io\wp-content\plugins\gutenberg\gutenberg-en_ZA-d83116db7e3459d9c9a90cae3216278f.json
[2025-03-12 21:24:08] [INFO] Converting JSON to MD: C:\Users\Chris\cFish.io\wp-content\plugins\gutenberg\gutenberg-en_ZA-e5d3200f2f39097aa25c45c0f7243af8.json
[2025-03-12 21:24:08] [INFO] Skipping excluded file: C:\Users\Chris\cFish.io\wp-content\plugins\gutenberg\gutenberg-en_ZA-e5d3200f2f39097aa25c45c0f7243af8.json
[2025-03-12 21:24:08] [INFO] Converting JSON to MD: C:\Users\Chris\cFish.io\wp-content\plugins\gutenberg\gutenberg-en_ZA-e7b6005012912540099a002617fcee91.json
[2025-03-12 21:24:08] [INFO] Skipping excluded file: C:\Users\Chris\cFish.io\wp-content\plugins\gutenberg\gutenberg-en_ZA-e7b6005012912540099a002617fcee91.json
[2025-03-12 21:24:08] [INFO] Converting JSON to MD: C:\Users\Chris\cFish.io\wp-content\plugins\gutenberg\gutenberg-en_ZA-f39744326030f4f787227808e504b523.json
[2025-03-12 21:24:08] [INFO] Skipping excluded file: C:\Users\Chris\cFish.io\wp-content\plugins\gutenberg\gutenberg-en_ZA-f39744326030f4f787227808e504b523.json
[2025-03-12 21:24:08] [INFO] Converting JSON to MD: C:\Users\Chris\cFish.io\wp-content\plugins\gutenberg\gutenberg-eo-07d88e6a803e01276b9bfcc1203e862e.json
[2025-03-12 21:24:08] [INFO] Skipping excluded file: C:\Users\Chris\cFish.io\wp-content\plugins\gutenberg\gutenberg-eo-07d88e6a803e01276b9bfcc1203e862e.json
[2025-03-12 21:24:08] [INFO] Converting JSON to MD: C:\Users\Chris\cFish.io\wp-content\plugins\gutenberg\gutenberg-eo-5a39926d0d16d0b7e0231768f706d685.json
[2025-03-12 21:24:08] [INFO] Skipping excluded file: C:\Users\Chris\cFish.io\wp-content\plugins\gutenberg\gutenberg-eo-5a39926d0d16d0b7e0231768f706d685.json
[2025-03-12 21:24:08] [INFO] Converting JSON to MD: C:\Users\Chris\cFish.io\wp-content\plugins\gutenberg\gutenberg-eo-669341f094c411cfc73de2f3b74475cd.json
[2025-03-12 21:24:08] [INFO] Skipping excluded file: C:\Users\Chris\cFish.io\wp-content\plugins\gutenberg\gutenberg-eo-669341f094c411cfc73de2f3b74475cd.json
[2025-03-12 21:24:08] [INFO] Converting JSON to MD: C:\Users\Chris\cFish.io\wp-content\plugins\gutenberg\gutenberg-eo-84a7625187e218b518298469e531382d.json
[2025-03-12 21:24:08] [INFO] Skipping excluded file: C:\Users\Chris\cFish.io\wp-content\plugins\gutenberg\gutenberg-eo-84a7625187e218b518298469e531382d.json
[2025-03-12 21:24:09] [INFO] Converting JSON to MD: C:\Users\Chris\cFish.io\wp-content\plugins\gutenberg\gutenberg-eo-ba39bebc48939c14ec581e7cf44bb27a.json
[2025-03-12 21:24:09] [INFO] Skipping excluded file: C:\Users\Chris\cFish.io\wp-content\plugins\gutenberg\gutenberg-eo-ba39bebc48939c14ec581e7cf44bb27a.json
[2025-03-12 21:24:09] [INFO] Converting JSON to MD: C:\Users\Chris\cFish.io\wp-content\plugins\gutenberg\gutenberg-eo-d4accdff3b7b226dad1f5f72ccee5bae.json
[2025-03-12 21:24:09] [INFO] Skipping excluded file: C:\Users\Chris\cFish.io\wp-content\plugins\gutenberg\gutenberg-eo-d4accdff3b7b226dad1f5f72ccee5bae.json
[2025-03-12 21:24:09] [INFO] Converting JSON to MD: C:\Users\Chris\cFish.io\wp-content\plugins\gutenberg\gutenberg-eo-d83116db7e3459d9c9a90cae3216278f.json
[2025-03-12 21:24:09] [INFO] Skipping excluded file: C:\Users\Chris\cFish.io\wp-content\plugins\gutenberg\gutenberg-eo-d83116db7e3459d9c9a90cae3216278f.json
[2025-03-12 21:24:09] [INFO] Converting JSON to MD: C:\Users\Chris\cFish.io\wp-content\plugins\gutenberg\gutenberg-eo-e5d3200f2f39097aa25c45c0f7243af8.json
[2025-03-12 21:24:09] [INFO] Skipping excluded file: C:\Users\Chris\cFish.io\wp-content\plugins\gutenberg\gutenberg-eo-e5d3200f2f39097aa25c45c0f7243af8.json
[2025-03-12 21:24:09] [INFO] Converting JSON to MD: C:\Users\Chris\cFish.io\wp-content\plugins\gutenberg\gutenberg-es_AR-04418208c292b36bc4a3469b3ffc3d41.json
[2025-03-12 21:24:09] [INFO] Skipping excluded file: C:\Users\Chris\cFish.io\wp-content\plugins\gutenberg\gutenberg-es_AR-04418208c292b36bc4a3469b3ffc3d41.json
[2025-03-12 21:24:09] [INFO] Converting JSON to MD: C:\Users\Chris\cFish.io\wp-content\plugins\gutenberg\gutenberg-es_AR-07d88e6a803e01276b9bfcc1203e862e.json
[2025-03-12 21:24:09] [INFO] Skipping excluded file: C:\Users\Chris\cFish.io\wp-content\plugins\gutenberg\gutenberg-es_AR-07d88e6a803e01276b9bfcc1203e862e.json
[2025-03-12 21:24:09] [INFO] Converting JSON to MD: C:\Users\Chris\cFish.io\wp-content\plugins\gutenberg\gutenberg-es_AR-07ef134978802e52988301e5564a124c.json
[2025-03-12 21:24:09] [INFO] Skipping excluded file: C:\Users\Chris\cFish.io\wp-content\plugins\gutenberg\gutenberg-es_AR-07ef134978802e52988301e5564a124c.json
[2025-03-12 21:24:09] [INFO] Converting JSON to MD: C:\Users\Chris\cFish.io\wp-content\plugins\gutenberg\gutenberg-es_AR-17d863d02d419d257cce84f2a9934b91.json
[2025-03-12 21:24:09] [INFO] Skipping excluded file: C:\Users\Chris\cFish.io\wp-content\plugins\gutenberg\gutenberg-es_AR-17d863d02d419d257cce84f2a9934b91.json
[2025-03-12 21:24:09] [INFO] Converting JSON to MD: C:\Users\Chris\cFish.io\wp-content\plugins\gutenberg\gutenberg-es_AR-195c2ee33af3438dc681885037a9dd77.json
[2025-03-12 21:24:09] [INFO] Skipping excluded file: C:\Users\Chris\cFish.io\wp-content\plugins\gutenberg\gutenberg-es_AR-195c2ee33af3438dc681885037a9dd77.json
[2025-03-12 21:24:10] [INFO] Converting JSON to MD: C:\Users\Chris\cFish.io\wp-content\plugins\gutenberg\gutenberg-es_AR-2db29b02b406fc710377e5966a268a5b.json
[2025-03-12 21:24:10] [INFO] Skipping excluded file: C:\Users\Chris\cFish.io\wp-content\plugins\gutenberg\gutenberg-es_AR-2db29b02b406fc710377e5966a268a5b.json
[2025-03-12 21:24:10] [INFO] Converting JSON to MD: C:\Users\Chris\cFish.io\wp-content\plugins\gutenberg\gutenberg-es_AR-2ecc15db55b460a0c1c65371b1c7144e.json
[2025-03-12 21:24:10] [INFO] Skipping excluded file: C:\Users\Chris\cFish.io\wp-content\plugins\gutenberg\gutenberg-es_AR-2ecc15db55b460a0c1c65371b1c7144e.json
[2025-03-12 21:24:10] [INFO] Converting JSON to MD: C:\Users\Chris\cFish.io\wp-content\plugins\gutenberg\gutenberg-es_AR-562b384b5ba625d9c67b6a487da0fb82.json
[2025-03-12 21:24:10] [INFO] Skipping excluded file: C:\Users\Chris\cFish.io\wp-content\plugins\gutenberg\gutenberg-es_AR-562b384b5ba625d9c67b6a487da0fb82.json
[2025-03-12 21:24:10] [INFO] Converting JSON to MD: C:\Users\Chris\cFish.io\wp-content\plugins\gutenberg\gutenberg-es_AR-57ca266aaa51c0865f9b606c3b122edf.json
[2025-03-12 21:24:10] [INFO] Skipping excluded file: C:\Users\Chris\cFish.io\wp-content\plugins\gutenberg\gutenberg-es_AR-57ca266aaa51c0865f9b606c3b122edf.json
[2025-03-12 21:24:10] [INFO] Converting JSON to MD: C:\Users\Chris\cFish.io\wp-content\plugins\gutenberg\gutenberg-es_AR-5a39926d0d16d0b7e0231768f706d685.json
[2025-03-12 21:24:10] [INFO] Skipping excluded file: C:\Users\Chris\cFish.io\wp-content\plugins\gutenberg\gutenberg-es_AR-5a39926d0d16d0b7e0231768f706d685.json
[2025-03-12 21:24:10] [INFO] Converting JSON to MD: C:\Users\Chris\cFish.io\wp-content\plugins\gutenberg\gutenberg-es_AR-5b24ba153c5b34da32d79d6bf83c42fd.json
[2025-03-12 21:24:10] [INFO] Skipping excluded file: C:\Users\Chris\cFish.io\wp-content\plugins\gutenberg\gutenberg-es_AR-5b24ba153c5b34da32d79d6bf83c42fd.json
[2025-03-12 21:24:10] [INFO] Converting JSON to MD: C:\Users\Chris\cFish.io\wp-content\plugins\gutenberg\gutenberg-es_AR-5b6fdbd8b6d8e74e269a71b5e2a640ae.json
[2025-03-12 21:24:10] [INFO] Skipping excluded file: C:\Users\Chris\cFish.io\wp-content\plugins\gutenberg\gutenberg-es_AR-5b6fdbd8b6d8e74e269a71b5e2a640ae.json
[2025-03-12 21:24:10] [INFO] Converting JSON to MD: C:\Users\Chris\cFish.io\wp-content\plugins\gutenberg\gutenberg-es_AR-664bd2d849a376fcdd35ecc175c8077e.json
[2025-03-12 21:24:10] [INFO] Skipping excluded file: C:\Users\Chris\cFish.io\wp-content\plugins\gutenberg\gutenberg-es_AR-664bd2d849a376fcdd35ecc175c8077e.json
[2025-03-12 21:24:11] [INFO] Converting JSON to MD: C:\Users\Chris\cFish.io\wp-content\plugins\gutenberg\gutenberg-es_AR-669341f094c411cfc73de2f3b74475cd.json
[2025-03-12 21:24:11] [INFO] Skipping excluded file: C:\Users\Chris\cFish.io\wp-content\plugins\gutenberg\gutenberg-es_AR-669341f094c411cfc73de2f3b74475cd.json
[2025-03-12 21:24:11] [INFO] Converting JSON to MD: C:\Users\Chris\cFish.io\wp-content\plugins\gutenberg\gutenberg-es_AR-6da18768062abe6e705a5ac7876b5642.json
[2025-03-12 21:24:11] [INFO] Skipping excluded file: C:\Users\Chris\cFish.io\wp-content\plugins\gutenberg\gutenberg-es_AR-6da18768062abe6e705a5ac7876b5642.json
[2025-03-12 21:24:11] [INFO] Converting JSON to MD: C:\Users\Chris\cFish.io\wp-content\plugins\gutenberg\gutenberg-es_AR-84a7625187e218b518298469e531382d.json
[2025-03-12 21:24:11] [INFO] Skipping excluded file: C:\Users\Chris\cFish.io\wp-content\plugins\gutenberg\gutenberg-es_AR-84a7625187e218b518298469e531382d.json
[2025-03-12 21:24:11] [INFO] Converting JSON to MD: C:\Users\Chris\cFish.io\wp-content\plugins\gutenberg\gutenberg-es_AR-89337192c82f6ec91cfe1bb3aafe66b2.json
[2025-03-12 21:24:11] [INFO] Skipping excluded file: C:\Users\Chris\cFish.io\wp-content\plugins\gutenberg\gutenberg-es_AR-89337192c82f6ec91cfe1bb3aafe66b2.json
[2025-03-12 21:24:11] [INFO] Converting JSON to MD: C:\Users\Chris\cFish.io\wp-content\plugins\gutenberg\gutenberg-es_AR-8dd62110e8ea51d13ad3f5c26b723f2f.json
[2025-03-12 21:24:11] [INFO] Skipping excluded file: C:\Users\Chris\cFish.io\wp-content\plugins\gutenberg\gutenberg-es_AR-8dd62110e8ea51d13ad3f5c26b723f2f.json
[2025-03-12 21:24:11] [INFO] Converting JSON to MD: C:\Users\Chris\cFish.io\wp-content\plugins\gutenberg\gutenberg-es_AR-b28e16a397b8722f99fae785b95a4478.json
[2025-03-12 21:24:11] [INFO] Skipping excluded file: C:\Users\Chris\cFish.io\wp-content\plugins\gutenberg\gutenberg-es_AR-b28e16a397b8722f99fae785b95a4478.json
[2025-03-12 21:24:11] [INFO] Converting JSON to MD: C:\Users\Chris\cFish.io\wp-content\plugins\gutenberg\gutenberg-es_AR-ba39bebc48939c14ec581e7cf44bb27a.json
[2025-03-12 21:24:11] [INFO] Skipping excluded file: C:\Users\Chris\cFish.io\wp-content\plugins\gutenberg\gutenberg-es_AR-ba39bebc48939c14ec581e7cf44bb27a.json
[2025-03-12 21:24:11] [INFO] Converting JSON to MD: C:\Users\Chris\cFish.io\wp-content\plugins\gutenberg\gutenberg-es_AR-bd25c177bb43e960435d8bf33c14f6d3.json
[2025-03-12 21:24:11] [INFO] Skipping excluded file: C:\Users\Chris\cFish.io\wp-content\plugins\gutenberg\gutenberg-es_AR-bd25c177bb43e960435d8bf33c14f6d3.json
[2025-03-12 21:24:11] [INFO] Converting JSON to MD: C:\Users\Chris\cFish.io\wp-content\plugins\gutenberg\gutenberg-es_AR-c4c26f565695d6a88d0e7ab2e54949c3.json
[2025-03-12 21:24:11] [INFO] Skipping excluded file: C:\Users\Chris\cFish.io\wp-content\plugins\gutenberg\gutenberg-es_AR-c4c26f565695d6a88d0e7ab2e54949c3.json
[2025-03-12 21:24:12] [INFO] Converting JSON to MD: C:\Users\Chris\cFish.io\wp-content\plugins\gutenberg\gutenberg-es_AR-cc0ae1a9d2f54754d6de5eabbcb89f5b.json
[2025-03-12 21:24:12] [INFO] Skipping excluded file: C:\Users\Chris\cFish.io\wp-content\plugins\gutenberg\gutenberg-es_AR-cc0ae1a9d2f54754d6de5eabbcb89f5b.json
[2025-03-12 21:24:12] [INFO] Converting JSON to MD: C:\Users\Chris\cFish.io\wp-content\plugins\gutenberg\gutenberg-es_AR-d4accdff3b7b226dad1f5f72ccee5bae.json
[2025-03-12 21:24:12] [INFO] Skipping excluded file: C:\Users\Chris\cFish.io\wp-content\plugins\gutenberg\gutenberg-es_AR-d4accdff3b7b226dad1f5f72ccee5bae.json
[2025-03-12 21:24:12] [INFO] Converting JSON to MD: C:\Users\Chris\cFish.io\wp-content\plugins\gutenberg\gutenberg-es_AR-d83116db7e3459d9c9a90cae3216278f.json
[2025-03-12 21:24:12] [INFO] Skipping excluded file: C:\Users\Chris\cFish.io\wp-content\plugins\gutenberg\gutenberg-es_AR-d83116db7e3459d9c9a90cae3216278f.json
[2025-03-12 21:24:12] [INFO] Converting JSON to MD: C:\Users\Chris\cFish.io\wp-content\plugins\gutenberg\gutenberg-es_AR-e5d3200f2f39097aa25c45c0f7243af8.json
[2025-03-12 21:24:12] [INFO] Skipping excluded file: C:\Users\Chris\cFish.io\wp-content\plugins\gutenberg\gutenberg-es_AR-e5d3200f2f39097aa25c45c0f7243af8.json
[2025-03-12 21:24:12] [INFO] Converting JSON to MD: C:\Users\Chris\cFish.io\wp-content\plugins\gutenberg\gutenberg-es_AR-e7b6005012912540099a002617fcee91.json
[2025-03-12 21:24:12] [INFO] Skipping excluded file: C:\Users\Chris\cFish.io\wp-content\plugins\gutenberg\gutenberg-es_AR-e7b6005012912540099a002617fcee91.json
[2025-03-12 21:24:12] [INFO] Converting JSON to MD: C:\Users\Chris\cFish.io\wp-content\plugins\gutenberg\gutenberg-es_AR-f39744326030f4f787227808e504b523.json
[2025-03-12 21:24:12] [INFO] Skipping excluded file: C:\Users\Chris\cFish.io\wp-content\plugins\gutenberg\gutenberg-es_AR-f39744326030f4f787227808e504b523.json
[2025-03-12 21:24:12] [INFO] Converting JSON to MD: C:\Users\Chris\cFish.io\wp-content\plugins\gutenberg\gutenberg-es_CL-04418208c292b36bc4a3469b3ffc3d41.json
[2025-03-12 21:24:12] [INFO] Skipping excluded file: C:\Users\Chris\cFish.io\wp-content\plugins\gutenberg\gutenberg-es_CL-04418208c292b36bc4a3469b3ffc3d41.json
[2025-03-12 21:24:12] [INFO] Converting JSON to MD: C:\Users\Chris\cFish.io\wp-content\plugins\gutenberg\gutenberg-es_CL-07d88e6a803e01276b9bfcc1203e862e.json
[2025-03-12 21:24:12] [INFO] Skipping excluded file: C:\Users\Chris\cFish.io\wp-content\plugins\gutenberg\gutenberg-es_CL-07d88e6a803e01276b9bfcc1203e862e.json
[2025-03-12 21:24:12] [INFO] Converting JSON to MD: C:\Users\Chris\cFish.io\wp-content\plugins\gutenberg\gutenberg-es_CL-07ef134978802e52988301e5564a124c.json
[2025-03-12 21:24:12] [INFO] Skipping excluded file: C:\Users\Chris\cFish.io\wp-content\plugins\gutenberg\gutenberg-es_CL-07ef134978802e52988301e5564a124c.json
[2025-03-12 21:24:13] [INFO] Converting JSON to MD: C:\Users\Chris\cFish.io\wp-content\plugins\gutenberg\gutenberg-es_CL-17d863d02d419d257cce84f2a9934b91.json
[2025-03-12 21:24:13] [INFO] Skipping excluded file: C:\Users\Chris\cFish.io\wp-content\plugins\gutenberg\gutenberg-es_CL-17d863d02d419d257cce84f2a9934b91.json
[2025-03-12 21:24:13] [INFO] Converting JSON to MD: C:\Users\Chris\cFish.io\wp-content\plugins\gutenberg\gutenberg-es_CL-195c2ee33af3438dc681885037a9dd77.json
[2025-03-12 21:24:13] [INFO] Skipping excluded file: C:\Users\Chris\cFish.io\wp-content\plugins\gutenberg\gutenberg-es_CL-195c2ee33af3438dc681885037a9dd77.json
[2025-03-12 21:24:13] [INFO] Converting JSON to MD: C:\Users\Chris\cFish.io\wp-content\plugins\gutenberg\gutenberg-es_CL-22103b0fceb70bf4f3ed789172c4cc4e.json
[2025-03-12 21:24:13] [INFO] Skipping excluded file: C:\Users\Chris\cFish.io\wp-content\plugins\gutenberg\gutenberg-es_CL-22103b0fceb70bf4f3ed789172c4cc4e.json
[2025-03-12 21:24:13] [INFO] Converting JSON to MD: C:\Users\Chris\cFish.io\wp-content\plugins\gutenberg\gutenberg-es_CL-2db29b02b406fc710377e5966a268a5b.json
[2025-03-12 21:24:13] [INFO] Skipping excluded file: C:\Users\Chris\cFish.io\wp-content\plugins\gutenberg\gutenberg-es_CL-2db29b02b406fc710377e5966a268a5b.json
[2025-03-12 21:24:13] [INFO] Converting JSON to MD: C:\Users\Chris\cFish.io\wp-content\plugins\gutenberg\gutenberg-es_CL-2ecc15db55b460a0c1c65371b1c7144e.json
[2025-03-12 21:24:13] [INFO] Skipping excluded file: C:\Users\Chris\cFish.io\wp-content\plugins\gutenberg\gutenberg-es_CL-2ecc15db55b460a0c1c65371b1c7144e.json
[2025-03-12 21:24:13] [INFO] Converting JSON to MD: C:\Users\Chris\cFish.io\wp-content\plugins\gutenberg\gutenberg-es_CL-562b384b5ba625d9c67b6a487da0fb82.json
[2025-03-12 21:24:13] [INFO] Skipping excluded file: C:\Users\Chris\cFish.io\wp-content\plugins\gutenberg\gutenberg-es_CL-562b384b5ba625d9c67b6a487da0fb82.json
[2025-03-12 21:24:13] [INFO] Converting JSON to MD: C:\Users\Chris\cFish.io\wp-content\plugins\gutenberg\gutenberg-es_CL-57ca266aaa51c0865f9b606c3b122edf.json
[2025-03-12 21:24:13] [INFO] Skipping excluded file: C:\Users\Chris\cFish.io\wp-content\plugins\gutenberg\gutenberg-es_CL-57ca266aaa51c0865f9b606c3b122edf.json
[2025-03-12 21:24:13] [INFO] Converting JSON to MD: C:\Users\Chris\cFish.io\wp-content\plugins\gutenberg\gutenberg-es_CL-5a39926d0d16d0b7e0231768f706d685.json
[2025-03-12 21:24:13] [INFO] Skipping excluded file: C:\Users\Chris\cFish.io\wp-content\plugins\gutenberg\gutenberg-es_CL-5a39926d0d16d0b7e0231768f706d685.json
[2025-03-12 21:24:14] [INFO] Converting JSON to MD: C:\Users\Chris\cFish.io\wp-content\plugins\gutenberg\gutenberg-es_CL-5b24ba153c5b34da32d79d6bf83c42fd.json
[2025-03-12 21:24:14] [INFO] Skipping excluded file: C:\Users\Chris\cFish.io\wp-content\plugins\gutenberg\gutenberg-es_CL-5b24ba153c5b34da32d79d6bf83c42fd.json
[2025-03-12 21:24:14] [INFO] Converting JSON to MD: C:\Users\Chris\cFish.io\wp-content\plugins\gutenberg\gutenberg-es_CL-5b6fdbd8b6d8e74e269a71b5e2a640ae.json
[2025-03-12 21:24:14] [INFO] Skipping excluded file: C:\Users\Chris\cFish.io\wp-content\plugins\gutenberg\gutenberg-es_CL-5b6fdbd8b6d8e74e269a71b5e2a640ae.json
[2025-03-12 21:24:14] [INFO] Converting JSON to MD: C:\Users\Chris\cFish.io\wp-content\plugins\gutenberg\gutenberg-es_CL-664bd2d849a376fcdd35ecc175c8077e.json
[2025-03-12 21:24:14] [INFO] Skipping excluded file: C:\Users\Chris\cFish.io\wp-content\plugins\gutenberg\gutenberg-es_CL-664bd2d849a376fcdd35ecc175c8077e.json
[2025-03-12 21:24:14] [INFO] Converting JSON to MD: C:\Users\Chris\cFish.io\wp-content\plugins\gutenberg\gutenberg-es_CL-669341f094c411cfc73de2f3b74475cd.json
[2025-03-12 21:24:14] [INFO] Skipping excluded file: C:\Users\Chris\cFish.io\wp-content\plugins\gutenberg\gutenberg-es_CL-669341f094c411cfc73de2f3b74475cd.json
[2025-03-12 21:24:14] [INFO] Converting JSON to MD: C:\Users\Chris\cFish.io\wp-content\plugins\gutenberg\gutenberg-es_CL-6da18768062abe6e705a5ac7876b5642.json
[2025-03-12 21:24:14] [INFO] Skipping excluded file: C:\Users\Chris\cFish.io\wp-content\plugins\gutenberg\gutenberg-es_CL-6da18768062abe6e705a5ac7876b5642.json
[2025-03-12 21:24:14] [INFO] Converting JSON to MD: C:\Users\Chris\cFish.io\wp-content\plugins\gutenberg\gutenberg-es_CL-84a7625187e218b518298469e531382d.json
[2025-03-12 21:24:14] [INFO] Skipping excluded file: C:\Users\Chris\cFish.io\wp-content\plugins\gutenberg\gutenberg-es_CL-84a7625187e218b518298469e531382d.json
[2025-03-12 21:24:14] [INFO] Converting JSON to MD: C:\Users\Chris\cFish.io\wp-content\plugins\gutenberg\gutenberg-es_CL-89337192c82f6ec91cfe1bb3aafe66b2.json
[2025-03-12 21:24:14] [INFO] Skipping excluded file: C:\Users\Chris\cFish.io\wp-content\plugins\gutenberg\gutenberg-es_CL-89337192c82f6ec91cfe1bb3aafe66b2.json
[2025-03-12 21:24:14] [INFO] Converting JSON to MD: C:\Users\Chris\cFish.io\wp-content\plugins\gutenberg\gutenberg-es_CL-8dd62110e8ea51d13ad3f5c26b723f2f.json
[2025-03-12 21:24:14] [INFO] Skipping excluded file: C:\Users\Chris\cFish.io\wp-content\plugins\gutenberg\gutenberg-es_CL-8dd62110e8ea51d13ad3f5c26b723f2f.json
[2025-03-12 21:24:14] [INFO] Converting JSON to MD: C:\Users\Chris\cFish.io\wp-content\plugins\gutenberg\gutenberg-es_CL-b28e16a397b8722f99fae785b95a4478.json
[2025-03-12 21:24:14] [INFO] Skipping excluded file: C:\Users\Chris\cFish.io\wp-content\plugins\gutenberg\gutenberg-es_CL-b28e16a397b8722f99fae785b95a4478.json
[2025-03-12 21:24:15] [INFO] Converting JSON to MD: C:\Users\Chris\cFish.io\wp-content\plugins\gutenberg\gutenberg-es_CL-ba39bebc48939c14ec581e7cf44bb27a.json
[2025-03-12 21:24:15] [INFO] Skipping excluded file: C:\Users\Chris\cFish.io\wp-content\plugins\gutenberg\gutenberg-es_CL-ba39bebc48939c14ec581e7cf44bb27a.json
[2025-03-12 21:24:15] [INFO] Converting JSON to MD: C:\Users\Chris\cFish.io\wp-content\plugins\gutenberg\gutenberg-es_CL-bd25c177bb43e960435d8bf33c14f6d3.json
[2025-03-12 21:24:15] [INFO] Skipping excluded file: C:\Users\Chris\cFish.io\wp-content\plugins\gutenberg\gutenberg-es_CL-bd25c177bb43e960435d8bf33c14f6d3.json
[2025-03-12 21:24:15] [INFO] Converting JSON to MD: C:\Users\Chris\cFish.io\wp-content\plugins\gutenberg\gutenberg-es_CL-c4c26f565695d6a88d0e7ab2e54949c3.json
[2025-03-12 21:24:15] [INFO] Skipping excluded file: C:\Users\Chris\cFish.io\wp-content\plugins\gutenberg\gutenberg-es_CL-c4c26f565695d6a88d0e7ab2e54949c3.json
[2025-03-12 21:24:15] [INFO] Converting JSON to MD: C:\Users\Chris\cFish.io\wp-content\plugins\gutenberg\gutenberg-es_CL-cc0ae1a9d2f54754d6de5eabbcb89f5b.json
[2025-03-12 21:24:15] [INFO] Skipping excluded file: C:\Users\Chris\cFish.io\wp-content\plugins\gutenberg\gutenberg-es_CL-cc0ae1a9d2f54754d6de5eabbcb89f5b.json
[2025-03-12 21:24:15] [INFO] Converting JSON to MD: C:\Users\Chris\cFish.io\wp-content\plugins\gutenberg\gutenberg-es_CL-d4accdff3b7b226dad1f5f72ccee5bae.json
[2025-03-12 21:24:15] [INFO] Skipping excluded file: C:\Users\Chris\cFish.io\wp-content\plugins\gutenberg\gutenberg-es_CL-d4accdff3b7b226dad1f5f72ccee5bae.json
[2025-03-12 21:24:15] [INFO] Converting JSON to MD: C:\Users\Chris\cFish.io\wp-content\plugins\gutenberg\gutenberg-es_CL-d83116db7e3459d9c9a90cae3216278f.json
[2025-03-12 21:24:15] [INFO] Skipping excluded file: C:\Users\Chris\cFish.io\wp-content\plugins\gutenberg\gutenberg-es_CL-d83116db7e3459d9c9a90cae3216278f.json
[2025-03-12 21:24:15] [INFO] Converting JSON to MD: C:\Users\Chris\cFish.io\wp-content\plugins\gutenberg\gutenberg-es_CL-e5d3200f2f39097aa25c45c0f7243af8.json
[2025-03-12 21:24:15] [INFO] Skipping excluded file: C:\Users\Chris\cFish.io\wp-content\plugins\gutenberg\gutenberg-es_CL-e5d3200f2f39097aa25c45c0f7243af8.json
[2025-03-12 21:24:15] [INFO] Converting JSON to MD: C:\Users\Chris\cFish.io\wp-content\plugins\gutenberg\gutenberg-es_CL-e7b6005012912540099a002617fcee91.json
[2025-03-12 21:24:15] [INFO] Skipping excluded file: C:\Users\Chris\cFish.io\wp-content\plugins\gutenberg\gutenberg-es_CL-e7b6005012912540099a002617fcee91.json
[2025-03-12 21:24:16] [INFO] Converting JSON to MD: C:\Users\Chris\cFish.io\wp-content\plugins\gutenberg\gutenberg-es_CL-f39744326030f4f787227808e504b523.json
[2025-03-12 21:24:16] [INFO] Skipping excluded file: C:\Users\Chris\cFish.io\wp-content\plugins\gutenberg\gutenberg-es_CL-f39744326030f4f787227808e504b523.json
[2025-03-12 21:24:16] [INFO] Converting JSON to MD: C:\Users\Chris\cFish.io\wp-content\plugins\gutenberg\gutenberg-es_CO-04418208c292b36bc4a3469b3ffc3d41.json
[2025-03-12 21:24:16] [INFO] Skipping excluded file: C:\Users\Chris\cFish.io\wp-content\plugins\gutenberg\gutenberg-es_CO-04418208c292b36bc4a3469b3ffc3d41.json
[2025-03-12 21:24:16] [INFO] Converting JSON to MD: C:\Users\Chris\cFish.io\wp-content\plugins\gutenberg\gutenberg-es_CO-07d88e6a803e01276b9bfcc1203e862e.json
[2025-03-12 21:24:16] [INFO] Skipping excluded file: C:\Users\Chris\cFish.io\wp-content\plugins\gutenberg\gutenberg-es_CO-07d88e6a803e01276b9bfcc1203e862e.json
[2025-03-12 21:24:16] [INFO] Converting JSON to MD: C:\Users\Chris\cFish.io\wp-content\plugins\gutenberg\gutenberg-es_CO-07ef134978802e52988301e5564a124c.json
[2025-03-12 21:24:16] [INFO] Skipping excluded file: C:\Users\Chris\cFish.io\wp-content\plugins\gutenberg\gutenberg-es_CO-07ef134978802e52988301e5564a124c.json
[2025-03-12 21:24:16] [INFO] Converting JSON to MD: C:\Users\Chris\cFish.io\wp-content\plugins\gutenberg\gutenberg-es_CO-17d863d02d419d257cce84f2a9934b91.json
[2025-03-12 21:24:16] [INFO] Skipping excluded file: C:\Users\Chris\cFish.io\wp-content\plugins\gutenberg\gutenberg-es_CO-17d863d02d419d257cce84f2a9934b91.json
[2025-03-12 21:24:16] [INFO] Converting JSON to MD: C:\Users\Chris\cFish.io\wp-content\plugins\gutenberg\gutenberg-es_CO-195c2ee33af3438dc681885037a9dd77.json
[2025-03-12 21:24:16] [INFO] Skipping excluded file: C:\Users\Chris\cFish.io\wp-content\plugins\gutenberg\gutenberg-es_CO-195c2ee33af3438dc681885037a9dd77.json
[2025-03-12 21:24:16] [INFO] Converting JSON to MD: C:\Users\Chris\cFish.io\wp-content\plugins\gutenberg\gutenberg-es_CO-22103b0fceb70bf4f3ed789172c4cc4e.json
[2025-03-12 21:24:16] [INFO] Skipping excluded file: C:\Users\Chris\cFish.io\wp-content\plugins\gutenberg\gutenberg-es_CO-22103b0fceb70bf4f3ed789172c4cc4e.json
[2025-03-12 21:24:16] [INFO] Converting JSON to MD: C:\Users\Chris\cFish.io\wp-content\plugins\gutenberg\gutenberg-es_CO-2db29b02b406fc710377e5966a268a5b.json
[2025-03-12 21:24:16] [INFO] Skipping excluded file: C:\Users\Chris\cFish.io\wp-content\plugins\gutenberg\gutenberg-es_CO-2db29b02b406fc710377e5966a268a5b.json
[2025-03-12 21:24:16] [INFO] Converting JSON to MD: C:\Users\Chris\cFish.io\wp-content\plugins\gutenberg\gutenberg-es_CO-2ecc15db55b460a0c1c65371b1c7144e.json
[2025-03-12 21:24:16] [INFO] Skipping excluded file: C:\Users\Chris\cFish.io\wp-content\plugins\gutenberg\gutenberg-es_CO-2ecc15db55b460a0c1c65371b1c7144e.json
[2025-03-12 21:24:17] [INFO] Converting JSON to MD: C:\Users\Chris\cFish.io\wp-content\plugins\gutenberg\gutenberg-es_CO-562b384b5ba625d9c67b6a487da0fb82.json
[2025-03-12 21:24:17] [INFO] Skipping excluded file: C:\Users\Chris\cFish.io\wp-content\plugins\gutenberg\gutenberg-es_CO-562b384b5ba625d9c67b6a487da0fb82.json
[2025-03-12 21:24:17] [INFO] Converting JSON to MD: C:\Users\Chris\cFish.io\wp-content\plugins\gutenberg\gutenberg-es_CO-57ca266aaa51c0865f9b606c3b122edf.json
[2025-03-12 21:24:17] [INFO] Skipping excluded file: C:\Users\Chris\cFish.io\wp-content\plugins\gutenberg\gutenberg-es_CO-57ca266aaa51c0865f9b606c3b122edf.json
[2025-03-12 21:24:17] [INFO] Converting JSON to MD: C:\Users\Chris\cFish.io\wp-content\plugins\gutenberg\gutenberg-es_CO-5a39926d0d16d0b7e0231768f706d685.json
[2025-03-12 21:24:17] [INFO] Skipping excluded file: C:\Users\Chris\cFish.io\wp-content\plugins\gutenberg\gutenberg-es_CO-5a39926d0d16d0b7e0231768f706d685.json
[2025-03-12 21:24:17] [INFO] Converting JSON to MD: C:\Users\Chris\cFish.io\wp-content\plugins\gutenberg\gutenberg-es_CO-5b24ba153c5b34da32d79d6bf83c42fd.json
[2025-03-12 21:24:17] [INFO] Skipping excluded file: C:\Users\Chris\cFish.io\wp-content\plugins\gutenberg\gutenberg-es_CO-5b24ba153c5b34da32d79d6bf83c42fd.json
[2025-03-12 21:24:17] [INFO] Converting JSON to MD: C:\Users\Chris\cFish.io\wp-content\plugins\gutenberg\gutenberg-es_CO-5b6fdbd8b6d8e74e269a71b5e2a640ae.json
[2025-03-12 21:24:17] [INFO] Skipping excluded file: C:\Users\Chris\cFish.io\wp-content\plugins\gutenberg\gutenberg-es_CO-5b6fdbd8b6d8e74e269a71b5e2a640ae.json
[2025-03-12 21:24:17] [INFO] Converting JSON to MD: C:\Users\Chris\cFish.io\wp-content\plugins\gutenberg\gutenberg-es_CO-664bd2d849a376fcdd35ecc175c8077e.json
[2025-03-12 21:24:17] [INFO] Skipping excluded file: C:\Users\Chris\cFish.io\wp-content\plugins\gutenberg\gutenberg-es_CO-664bd2d849a376fcdd35ecc175c8077e.json
[2025-03-12 21:24:17] [INFO] Converting JSON to MD: C:\Users\Chris\cFish.io\wp-content\plugins\gutenberg\gutenberg-es_CO-669341f094c411cfc73de2f3b74475cd.json
[2025-03-12 21:24:17] [INFO] Skipping excluded file: C:\Users\Chris\cFish.io\wp-content\plugins\gutenberg\gutenberg-es_CO-669341f094c411cfc73de2f3b74475cd.json
[2025-03-12 21:24:17] [INFO] Converting JSON to MD: C:\Users\Chris\cFish.io\wp-content\plugins\gutenberg\gutenberg-es_CO-6da18768062abe6e705a5ac7876b5642.json
[2025-03-12 21:24:17] [INFO] Skipping excluded file: C:\Users\Chris\cFish.io\wp-content\plugins\gutenberg\gutenberg-es_CO-6da18768062abe6e705a5ac7876b5642.json
[2025-03-12 21:24:17] [INFO] Converting JSON to MD: C:\Users\Chris\cFish.io\wp-content\plugins\gutenberg\gutenberg-es_CO-84a7625187e218b518298469e531382d.json
[2025-03-12 21:24:17] [INFO] Skipping excluded file: C:\Users\Chris\cFish.io\wp-content\plugins\gutenberg\gutenberg-es_CO-84a7625187e218b518298469e531382d.json
[2025-03-12 21:24:18] [INFO] Converting JSON to MD: C:\Users\Chris\cFish.io\wp-content\plugins\gutenberg\gutenberg-es_CO-89337192c82f6ec91cfe1bb3aafe66b2.json
[2025-03-12 21:24:18] [INFO] Skipping excluded file: C:\Users\Chris\cFish.io\wp-content\plugins\gutenberg\gutenberg-es_CO-89337192c82f6ec91cfe1bb3aafe66b2.json
[2025-03-12 21:24:18] [INFO] Converting JSON to MD: C:\Users\Chris\cFish.io\wp-content\plugins\gutenberg\gutenberg-es_CO-8dd62110e8ea51d13ad3f5c26b723f2f.json
[2025-03-12 21:24:18] [INFO] Skipping excluded file: C:\Users\Chris\cFish.io\wp-content\plugins\gutenberg\gutenberg-es_CO-8dd62110e8ea51d13ad3f5c26b723f2f.json
[2025-03-12 21:24:18] [INFO] Converting JSON to MD: C:\Users\Chris\cFish.io\wp-content\plugins\gutenberg\gutenberg-es_CO-b28e16a397b8722f99fae785b95a4478.json
[2025-03-12 21:24:18] [INFO] Skipping excluded file: C:\Users\Chris\cFish.io\wp-content\plugins\gutenberg\gutenberg-es_CO-b28e16a397b8722f99fae785b95a4478.json
[2025-03-12 21:24:18] [INFO] Converting JSON to MD: C:\Users\Chris\cFish.io\wp-content\plugins\gutenberg\gutenberg-es_CO-ba39bebc48939c14ec581e7cf44bb27a.json
[2025-03-12 21:24:18] [INFO] Skipping excluded file: C:\Users\Chris\cFish.io\wp-content\plugins\gutenberg\gutenberg-es_CO-ba39bebc48939c14ec581e7cf44bb27a.json
[2025-03-12 21:24:18] [INFO] Converting JSON to MD: C:\Users\Chris\cFish.io\wp-content\plugins\gutenberg\gutenberg-es_CO-bd25c177bb43e960435d8bf33c14f6d3.json
[2025-03-12 21:24:18] [INFO] Skipping excluded file: C:\Users\Chris\cFish.io\wp-content\plugins\gutenberg\gutenberg-es_CO-bd25c177bb43e960435d8bf33c14f6d3.json
[2025-03-12 21:24:18] [INFO] Converting JSON to MD: C:\Users\Chris\cFish.io\wp-content\plugins\gutenberg\gutenberg-es_CO-c4c26f565695d6a88d0e7ab2e54949c3.json
[2025-03-12 21:24:18] [INFO] Skipping excluded file: C:\Users\Chris\cFish.io\wp-content\plugins\gutenberg\gutenberg-es_CO-c4c26f565695d6a88d0e7ab2e54949c3.json
[2025-03-12 21:24:18] [INFO] Converting JSON to MD: C:\Users\Chris\cFish.io\wp-content\plugins\gutenberg\gutenberg-es_CO-cc0ae1a9d2f54754d6de5eabbcb89f5b.json
[2025-03-12 21:24:18] [INFO] Skipping excluded file: C:\Users\Chris\cFish.io\wp-content\plugins\gutenberg\gutenberg-es_CO-cc0ae1a9d2f54754d6de5eabbcb89f5b.json
[2025-03-12 21:24:18] [INFO] Converting JSON to MD: C:\Users\Chris\cFish.io\wp-content\plugins\gutenberg\gutenberg-es_CO-d4accdff3b7b226dad1f5f72ccee5bae.json
[2025-03-12 21:24:18] [INFO] Skipping excluded file: C:\Users\Chris\cFish.io\wp-content\plugins\gutenberg\gutenberg-es_CO-d4accdff3b7b226dad1f5f72ccee5bae.json
[2025-03-12 21:24:19] [INFO] Converting JSON to MD: C:\Users\Chris\cFish.io\wp-content\plugins\gutenberg\gutenberg-es_CO-d83116db7e3459d9c9a90cae3216278f.json
[2025-03-12 21:24:19] [INFO] Skipping excluded file: C:\Users\Chris\cFish.io\wp-content\plugins\gutenberg\gutenberg-es_CO-d83116db7e3459d9c9a90cae3216278f.json
[2025-03-12 21:24:19] [INFO] Converting JSON to MD: C:\Users\Chris\cFish.io\wp-content\plugins\gutenberg\gutenberg-es_CO-e5d3200f2f39097aa25c45c0f7243af8.json
[2025-03-12 21:24:19] [INFO] Skipping excluded file: C:\Users\Chris\cFish.io\wp-content\plugins\gutenberg\gutenberg-es_CO-e5d3200f2f39097aa25c45c0f7243af8.json
[2025-03-12 21:24:19] [INFO] Converting JSON to MD: C:\Users\Chris\cFish.io\wp-content\plugins\gutenberg\gutenberg-es_CO-e7b6005012912540099a002617fcee91.json
[2025-03-12 21:24:19] [INFO] Skipping excluded file: C:\Users\Chris\cFish.io\wp-content\plugins\gutenberg\gutenberg-es_CO-e7b6005012912540099a002617fcee91.json
[2025-03-12 21:24:19] [INFO] Converting JSON to MD: C:\Users\Chris\cFish.io\wp-content\plugins\gutenberg\gutenberg-es_CO-f39744326030f4f787227808e504b523.json
[2025-03-12 21:24:19] [INFO] Skipping excluded file: C:\Users\Chris\cFish.io\wp-content\plugins\gutenberg\gutenberg-es_CO-f39744326030f4f787227808e504b523.json
[2025-03-12 21:24:19] [INFO] Converting JSON to MD: C:\Users\Chris\cFish.io\wp-content\plugins\gutenberg\gutenberg-es_CR-04418208c292b36bc4a3469b3ffc3d41.json
[2025-03-12 21:24:19] [INFO] Skipping excluded file: C:\Users\Chris\cFish.io\wp-content\plugins\gutenberg\gutenberg-es_CR-04418208c292b36bc4a3469b3ffc3d41.json
[2025-03-12 21:24:19] [INFO] Converting JSON to MD: C:\Users\Chris\cFish.io\wp-content\plugins\gutenberg\gutenberg-es_CR-07d88e6a803e01276b9bfcc1203e862e.json
[2025-03-12 21:24:19] [INFO] Skipping excluded file: C:\Users\Chris\cFish.io\wp-content\plugins\gutenberg\gutenberg-es_CR-07d88e6a803e01276b9bfcc1203e862e.json
[2025-03-12 21:24:19] [INFO] Converting JSON to MD: C:\Users\Chris\cFish.io\wp-content\plugins\gutenberg\gutenberg-es_CR-07ef134978802e52988301e5564a124c.json
[2025-03-12 21:24:19] [INFO] Skipping excluded file: C:\Users\Chris\cFish.io\wp-content\plugins\gutenberg\gutenberg-es_CR-07ef134978802e52988301e5564a124c.json
[2025-03-12 21:24:19] [INFO] Converting JSON to MD: C:\Users\Chris\cFish.io\wp-content\plugins\gutenberg\gutenberg-es_CR-195c2ee33af3438dc681885037a9dd77.json
[2025-03-12 21:24:19] [INFO] Skipping excluded file: C:\Users\Chris\cFish.io\wp-content\plugins\gutenberg\gutenberg-es_CR-195c2ee33af3438dc681885037a9dd77.json
[2025-03-12 21:24:19] [INFO] Converting JSON to MD: C:\Users\Chris\cFish.io\wp-content\plugins\gutenberg\gutenberg-es_CR-2db29b02b406fc710377e5966a268a5b.json
[2025-03-12 21:24:19] [INFO] Skipping excluded file: C:\Users\Chris\cFish.io\wp-content\plugins\gutenberg\gutenberg-es_CR-2db29b02b406fc710377e5966a268a5b.json
[2025-03-12 21:24:20] [INFO] Converting JSON to MD: C:\Users\Chris\cFish.io\wp-content\plugins\gutenberg\gutenberg-es_CR-2ecc15db55b460a0c1c65371b1c7144e.json
[2025-03-12 21:24:20] [INFO] Skipping excluded file: C:\Users\Chris\cFish.io\wp-content\plugins\gutenberg\gutenberg-es_CR-2ecc15db55b460a0c1c65371b1c7144e.json
[2025-03-12 21:24:20] [INFO] Converting JSON to MD: C:\Users\Chris\cFish.io\wp-content\plugins\gutenberg\gutenberg-es_CR-562b384b5ba625d9c67b6a487da0fb82.json
[2025-03-12 21:24:20] [INFO] Skipping excluded file: C:\Users\Chris\cFish.io\wp-content\plugins\gutenberg\gutenberg-es_CR-562b384b5ba625d9c67b6a487da0fb82.json
[2025-03-12 21:24:20] [INFO] Converting JSON to MD: C:\Users\Chris\cFish.io\wp-content\plugins\gutenberg\gutenberg-es_CR-57ca266aaa51c0865f9b606c3b122edf.json
[2025-03-12 21:24:20] [INFO] Skipping excluded file: C:\Users\Chris\cFish.io\wp-content\plugins\gutenberg\gutenberg-es_CR-57ca266aaa51c0865f9b606c3b122edf.json
[2025-03-12 21:24:20] [INFO] Converting JSON to MD: C:\Users\Chris\cFish.io\wp-content\plugins\gutenberg\gutenberg-es_CR-5a39926d0d16d0b7e0231768f706d685.json
[2025-03-12 21:24:20] [INFO] Skipping excluded file: C:\Users\Chris\cFish.io\wp-content\plugins\gutenberg\gutenberg-es_CR-5a39926d0d16d0b7e0231768f706d685.json
[2025-03-12 21:24:20] [INFO] Converting JSON to MD: C:\Users\Chris\cFish.io\wp-content\plugins\gutenberg\gutenberg-es_CR-5b24ba153c5b34da32d79d6bf83c42fd.json
[2025-03-12 21:24:20] [INFO] Skipping excluded file: C:\Users\Chris\cFish.io\wp-content\plugins\gutenberg\gutenberg-es_CR-5b24ba153c5b34da32d79d6bf83c42fd.json
[2025-03-12 21:24:20] [INFO] Converting JSON to MD: C:\Users\Chris\cFish.io\wp-content\plugins\gutenberg\gutenberg-es_CR-5b6fdbd8b6d8e74e269a71b5e2a640ae.json
[2025-03-12 21:24:20] [INFO] Skipping excluded file: C:\Users\Chris\cFish.io\wp-content\plugins\gutenberg\gutenberg-es_CR-5b6fdbd8b6d8e74e269a71b5e2a640ae.json
[2025-03-12 21:24:20] [INFO] Converting JSON to MD: C:\Users\Chris\cFish.io\wp-content\plugins\gutenberg\gutenberg-es_CR-669341f094c411cfc73de2f3b74475cd.json
[2025-03-12 21:24:20] [INFO] Skipping excluded file: C:\Users\Chris\cFish.io\wp-content\plugins\gutenberg\gutenberg-es_CR-669341f094c411cfc73de2f3b74475cd.json
[2025-03-12 21:24:20] [INFO] Converting JSON to MD: C:\Users\Chris\cFish.io\wp-content\plugins\gutenberg\gutenberg-es_CR-6da18768062abe6e705a5ac7876b5642.json
[2025-03-12 21:24:20] [INFO] Skipping excluded file: C:\Users\Chris\cFish.io\wp-content\plugins\gutenberg\gutenberg-es_CR-6da18768062abe6e705a5ac7876b5642.json
[2025-03-12 21:24:20] [INFO] Converting JSON to MD: C:\Users\Chris\cFish.io\wp-content\plugins\gutenberg\gutenberg-es_CR-84a7625187e218b518298469e531382d.json
[2025-03-12 21:24:20] [INFO] Skipping excluded file: C:\Users\Chris\cFish.io\wp-content\plugins\gutenberg\gutenberg-es_CR-84a7625187e218b518298469e531382d.json
[2025-03-12 21:24:21] [INFO] Converting JSON to MD: C:\Users\Chris\cFish.io\wp-content\plugins\gutenberg\gutenberg-es_CR-89337192c82f6ec91cfe1bb3aafe66b2.json
[2025-03-12 21:24:21] [INFO] Skipping excluded file: C:\Users\Chris\cFish.io\wp-content\plugins\gutenberg\gutenberg-es_CR-89337192c82f6ec91cfe1bb3aafe66b2.json
[2025-03-12 21:24:21] [INFO] Converting JSON to MD: C:\Users\Chris\cFish.io\wp-content\plugins\gutenberg\gutenberg-es_CR-b28e16a397b8722f99fae785b95a4478.json
[2025-03-12 21:24:21] [INFO] Skipping excluded file: C:\Users\Chris\cFish.io\wp-content\plugins\gutenberg\gutenberg-es_CR-b28e16a397b8722f99fae785b95a4478.json
[2025-03-12 21:24:21] [INFO] Converting JSON to MD: C:\Users\Chris\cFish.io\wp-content\plugins\gutenberg\gutenberg-es_CR-ba39bebc48939c14ec581e7cf44bb27a.json
[2025-03-12 21:24:21] [INFO] Skipping excluded file: C:\Users\Chris\cFish.io\wp-content\plugins\gutenberg\gutenberg-es_CR-ba39bebc48939c14ec581e7cf44bb27a.json
[2025-03-12 21:24:21] [INFO] Converting JSON to MD: C:\Users\Chris\cFish.io\wp-content\plugins\gutenberg\gutenberg-es_CR-c4c26f565695d6a88d0e7ab2e54949c3.json
[2025-03-12 21:24:21] [INFO] Skipping excluded file: C:\Users\Chris\cFish.io\wp-content\plugins\gutenberg\gutenberg-es_CR-c4c26f565695d6a88d0e7ab2e54949c3.json
[2025-03-12 21:24:21] [INFO] Converting JSON to MD: C:\Users\Chris\cFish.io\wp-content\plugins\gutenberg\gutenberg-es_CR-cc0ae1a9d2f54754d6de5eabbcb89f5b.json
[2025-03-12 21:24:21] [INFO] Skipping excluded file: C:\Users\Chris\cFish.io\wp-content\plugins\gutenberg\gutenberg-es_CR-cc0ae1a9d2f54754d6de5eabbcb89f5b.json
[2025-03-12 21:24:21] [INFO] Converting JSON to MD: C:\Users\Chris\cFish.io\wp-content\plugins\gutenberg\gutenberg-es_CR-d4accdff3b7b226dad1f5f72ccee5bae.json
[2025-03-12 21:24:21] [INFO] Skipping excluded file: C:\Users\Chris\cFish.io\wp-content\plugins\gutenberg\gutenberg-es_CR-d4accdff3b7b226dad1f5f72ccee5bae.json
[2025-03-12 21:24:21] [INFO] Converting JSON to MD: C:\Users\Chris\cFish.io\wp-content\plugins\gutenberg\gutenberg-es_CR-d83116db7e3459d9c9a90cae3216278f.json
[2025-03-12 21:24:21] [INFO] Skipping excluded file: C:\Users\Chris\cFish.io\wp-content\plugins\gutenberg\gutenberg-es_CR-d83116db7e3459d9c9a90cae3216278f.json
[2025-03-12 21:24:21] [INFO] Converting JSON to MD: C:\Users\Chris\cFish.io\wp-content\plugins\gutenberg\gutenberg-es_CR-e5d3200f2f39097aa25c45c0f7243af8.json
[2025-03-12 21:24:21] [INFO] Skipping excluded file: C:\Users\Chris\cFish.io\wp-content\plugins\gutenberg\gutenberg-es_CR-e5d3200f2f39097aa25c45c0f7243af8.json
[2025-03-12 21:24:22] [INFO] Converting JSON to MD: C:\Users\Chris\cFish.io\wp-content\plugins\gutenberg\gutenberg-es_CR-e7b6005012912540099a002617fcee91.json
[2025-03-12 21:24:22] [INFO] Skipping excluded file: C:\Users\Chris\cFish.io\wp-content\plugins\gutenberg\gutenberg-es_CR-e7b6005012912540099a002617fcee91.json
[2025-03-12 21:24:22] [INFO] Converting JSON to MD: C:\Users\Chris\cFish.io\wp-content\plugins\gutenberg\gutenberg-es_CR-f39744326030f4f787227808e504b523.json
[2025-03-12 21:24:22] [INFO] Skipping excluded file: C:\Users\Chris\cFish.io\wp-content\plugins\gutenberg\gutenberg-es_CR-f39744326030f4f787227808e504b523.json
[2025-03-12 21:24:22] [INFO] Converting JSON to MD: C:\Users\Chris\cFish.io\wp-content\plugins\gutenberg\gutenberg-es_EC-04418208c292b36bc4a3469b3ffc3d41.json
[2025-03-12 21:24:22] [INFO] Skipping excluded file: C:\Users\Chris\cFish.io\wp-content\plugins\gutenberg\gutenberg-es_EC-04418208c292b36bc4a3469b3ffc3d41.json
[2025-03-12 21:24:22] [INFO] Converting JSON to MD: C:\Users\Chris\cFish.io\wp-content\plugins\gutenberg\gutenberg-es_EC-07d88e6a803e01276b9bfcc1203e862e.json
[2025-03-12 21:24:22] [INFO] Skipping excluded file: C:\Users\Chris\cFish.io\wp-content\plugins\gutenberg\gutenberg-es_EC-07d88e6a803e01276b9bfcc1203e862e.json
[2025-03-12 21:24:22] [INFO] Converting JSON to MD: C:\Users\Chris\cFish.io\wp-content\plugins\gutenberg\gutenberg-es_EC-07ef134978802e52988301e5564a124c.json
[2025-03-12 21:24:22] [INFO] Skipping excluded file: C:\Users\Chris\cFish.io\wp-content\plugins\gutenberg\gutenberg-es_EC-07ef134978802e52988301e5564a124c.json
[2025-03-12 21:24:22] [INFO] Converting JSON to MD: C:\Users\Chris\cFish.io\wp-content\plugins\gutenberg\gutenberg-es_EC-17d863d02d419d257cce84f2a9934b91.json
[2025-03-12 21:24:22] [INFO] Skipping excluded file: C:\Users\Chris\cFish.io\wp-content\plugins\gutenberg\gutenberg-es_EC-17d863d02d419d257cce84f2a9934b91.json
[2025-03-12 21:24:22] [INFO] Converting JSON to MD: C:\Users\Chris\cFish.io\wp-content\plugins\gutenberg\gutenberg-es_EC-195c2ee33af3438dc681885037a9dd77.json
[2025-03-12 21:24:22] [INFO] Skipping excluded file: C:\Users\Chris\cFish.io\wp-content\plugins\gutenberg\gutenberg-es_EC-195c2ee33af3438dc681885037a9dd77.json
[2025-03-12 21:24:22] [INFO] Converting JSON to MD: C:\Users\Chris\cFish.io\wp-content\plugins\gutenberg\gutenberg-es_EC-22103b0fceb70bf4f3ed789172c4cc4e.json
[2025-03-12 21:24:22] [INFO] Skipping excluded file: C:\Users\Chris\cFish.io\wp-content\plugins\gutenberg\gutenberg-es_EC-22103b0fceb70bf4f3ed789172c4cc4e.json
[2025-03-12 21:24:22] [INFO] Converting JSON to MD: C:\Users\Chris\cFish.io\wp-content\plugins\gutenberg\gutenberg-es_EC-2db29b02b406fc710377e5966a268a5b.json
[2025-03-12 21:24:22] [INFO] Skipping excluded file: C:\Users\Chris\cFish.io\wp-content\plugins\gutenberg\gutenberg-es_EC-2db29b02b406fc710377e5966a268a5b.json
[2025-03-12 21:24:23] [INFO] Converting JSON to MD: C:\Users\Chris\cFish.io\wp-content\plugins\gutenberg\gutenberg-es_EC-2ecc15db55b460a0c1c65371b1c7144e.json
[2025-03-12 21:24:23] [INFO] Skipping excluded file: C:\Users\Chris\cFish.io\wp-content\plugins\gutenberg\gutenberg-es_EC-2ecc15db55b460a0c1c65371b1c7144e.json
[2025-03-12 21:24:23] [INFO] Converting JSON to MD: C:\Users\Chris\cFish.io\wp-content\plugins\gutenberg\gutenberg-es_EC-562b384b5ba625d9c67b6a487da0fb82.json
[2025-03-12 21:24:23] [INFO] Skipping excluded file: C:\Users\Chris\cFish.io\wp-content\plugins\gutenberg\gutenberg-es_EC-562b384b5ba625d9c67b6a487da0fb82.json
[2025-03-12 21:24:23] [INFO] Converting JSON to MD: C:\Users\Chris\cFish.io\wp-content\plugins\gutenberg\gutenberg-es_EC-57ca266aaa51c0865f9b606c3b122edf.json
[2025-03-12 21:24:23] [INFO] Skipping excluded file: C:\Users\Chris\cFish.io\wp-content\plugins\gutenberg\gutenberg-es_EC-57ca266aaa51c0865f9b606c3b122edf.json
[2025-03-12 21:24:23] [INFO] Converting JSON to MD: C:\Users\Chris\cFish.io\wp-content\plugins\gutenberg\gutenberg-es_EC-5a39926d0d16d0b7e0231768f706d685.json
[2025-03-12 21:24:23] [INFO] Skipping excluded file: C:\Users\Chris\cFish.io\wp-content\plugins\gutenberg\gutenberg-es_EC-5a39926d0d16d0b7e0231768f706d685.json
[2025-03-12 21:24:23] [INFO] Converting JSON to MD: C:\Users\Chris\cFish.io\wp-content\plugins\gutenberg\gutenberg-es_EC-5b24ba153c5b34da32d79d6bf83c42fd.json
[2025-03-12 21:24:23] [INFO] Skipping excluded file: C:\Users\Chris\cFish.io\wp-content\plugins\gutenberg\gutenberg-es_EC-5b24ba153c5b34da32d79d6bf83c42fd.json
[2025-03-12 21:24:23] [INFO] Converting JSON to MD: C:\Users\Chris\cFish.io\wp-content\plugins\gutenberg\gutenberg-es_EC-5b6fdbd8b6d8e74e269a71b5e2a640ae.json
[2025-03-12 21:24:23] [INFO] Skipping excluded file: C:\Users\Chris\cFish.io\wp-content\plugins\gutenberg\gutenberg-es_EC-5b6fdbd8b6d8e74e269a71b5e2a640ae.json
[2025-03-12 21:24:23] [INFO] Converting JSON to MD: C:\Users\Chris\cFish.io\wp-content\plugins\gutenberg\gutenberg-es_EC-664bd2d849a376fcdd35ecc175c8077e.json
[2025-03-12 21:24:23] [INFO] Skipping excluded file: C:\Users\Chris\cFish.io\wp-content\plugins\gutenberg\gutenberg-es_EC-664bd2d849a376fcdd35ecc175c8077e.json
[2025-03-12 21:24:23] [INFO] Converting JSON to MD: C:\Users\Chris\cFish.io\wp-content\plugins\gutenberg\gutenberg-es_EC-669341f094c411cfc73de2f3b74475cd.json
[2025-03-12 21:24:23] [INFO] Skipping excluded file: C:\Users\Chris\cFish.io\wp-content\plugins\gutenberg\gutenberg-es_EC-669341f094c411cfc73de2f3b74475cd.json
[2025-03-12 21:24:24] [INFO] Converting JSON to MD: C:\Users\Chris\cFish.io\wp-content\plugins\gutenberg\gutenberg-es_EC-6da18768062abe6e705a5ac7876b5642.json
[2025-03-12 21:24:24] [INFO] Skipping excluded file: C:\Users\Chris\cFish.io\wp-content\plugins\gutenberg\gutenberg-es_EC-6da18768062abe6e705a5ac7876b5642.json
[2025-03-12 21:24:24] [INFO] Converting JSON to MD: C:\Users\Chris\cFish.io\wp-content\plugins\gutenberg\gutenberg-es_EC-84a7625187e218b518298469e531382d.json
[2025-03-12 21:24:24] [INFO] Skipping excluded file: C:\Users\Chris\cFish.io\wp-content\plugins\gutenberg\gutenberg-es_EC-84a7625187e218b518298469e531382d.json
[2025-03-12 21:24:24] [INFO] Converting JSON to MD: C:\Users\Chris\cFish.io\wp-content\plugins\gutenberg\gutenberg-es_EC-89337192c82f6ec91cfe1bb3aafe66b2.json
[2025-03-12 21:24:24] [INFO] Skipping excluded file: C:\Users\Chris\cFish.io\wp-content\plugins\gutenberg\gutenberg-es_EC-89337192c82f6ec91cfe1bb3aafe66b2.json
[2025-03-12 21:24:24] [INFO] Converting JSON to MD: C:\Users\Chris\cFish.io\wp-content\plugins\gutenberg\gutenberg-es_EC-b28e16a397b8722f99fae785b95a4478.json
[2025-03-12 21:24:24] [INFO] Skipping excluded file: C:\Users\Chris\cFish.io\wp-content\plugins\gutenberg\gutenberg-es_EC-b28e16a397b8722f99fae785b95a4478.json
[2025-03-12 21:24:24] [INFO] Converting JSON to MD: C:\Users\Chris\cFish.io\wp-content\plugins\gutenberg\gutenberg-es_EC-ba39bebc48939c14ec581e7cf44bb27a.json
[2025-03-12 21:24:24] [INFO] Skipping excluded file: C:\Users\Chris\cFish.io\wp-content\plugins\gutenberg\gutenberg-es_EC-ba39bebc48939c14ec581e7cf44bb27a.json
[2025-03-12 21:24:24] [INFO] Converting JSON to MD: C:\Users\Chris\cFish.io\wp-content\plugins\gutenberg\gutenberg-es_EC-bd25c177bb43e960435d8bf33c14f6d3.json
[2025-03-12 21:24:24] [INFO] Skipping excluded file: C:\Users\Chris\cFish.io\wp-content\plugins\gutenberg\gutenberg-es_EC-bd25c177bb43e960435d8bf33c14f6d3.json
[2025-03-12 21:24:24] [INFO] Converting JSON to MD: C:\Users\Chris\cFish.io\wp-content\plugins\gutenberg\gutenberg-es_EC-c4c26f565695d6a88d0e7ab2e54949c3.json
[2025-03-12 21:24:24] [INFO] Skipping excluded file: C:\Users\Chris\cFish.io\wp-content\plugins\gutenberg\gutenberg-es_EC-c4c26f565695d6a88d0e7ab2e54949c3.json
[2025-03-12 21:24:24] [INFO] Converting JSON to MD: C:\Users\Chris\cFish.io\wp-content\plugins\gutenberg\gutenberg-es_EC-cc0ae1a9d2f54754d6de5eabbcb89f5b.json
[2025-03-12 21:24:24] [INFO] Skipping excluded file: C:\Users\Chris\cFish.io\wp-content\plugins\gutenberg\gutenberg-es_EC-cc0ae1a9d2f54754d6de5eabbcb89f5b.json
[2025-03-12 21:24:24] [INFO] Converting JSON to MD: C:\Users\Chris\cFish.io\wp-content\plugins\gutenberg\gutenberg-es_EC-d4accdff3b7b226dad1f5f72ccee5bae.json
[2025-03-12 21:24:24] [INFO] Skipping excluded file: C:\Users\Chris\cFish.io\wp-content\plugins\gutenberg\gutenberg-es_EC-d4accdff3b7b226dad1f5f72ccee5bae.json
[2025-03-12 21:24:25] [INFO] Converting JSON to MD: C:\Users\Chris\cFish.io\wp-content\plugins\gutenberg\gutenberg-es_EC-d83116db7e3459d9c9a90cae3216278f.json
[2025-03-12 21:24:25] [INFO] Skipping excluded file: C:\Users\Chris\cFish.io\wp-content\plugins\gutenberg\gutenberg-es_EC-d83116db7e3459d9c9a90cae3216278f.json
[2025-03-12 21:24:25] [INFO] Converting JSON to MD: C:\Users\Chris\cFish.io\wp-content\plugins\gutenberg\gutenberg-es_EC-e5d3200f2f39097aa25c45c0f7243af8.json
[2025-03-12 21:24:25] [INFO] Skipping excluded file: C:\Users\Chris\cFish.io\wp-content\plugins\gutenberg\gutenberg-es_EC-e5d3200f2f39097aa25c45c0f7243af8.json
[2025-03-12 21:24:25] [INFO] Converting JSON to MD: C:\Users\Chris\cFish.io\wp-content\plugins\gutenberg\gutenberg-es_EC-e7b6005012912540099a002617fcee91.json
[2025-03-12 21:24:25] [INFO] Skipping excluded file: C:\Users\Chris\cFish.io\wp-content\plugins\gutenberg\gutenberg-es_EC-e7b6005012912540099a002617fcee91.json
[2025-03-12 21:24:25] [INFO] Converting JSON to MD: C:\Users\Chris\cFish.io\wp-content\plugins\gutenberg\gutenberg-es_EC-f39744326030f4f787227808e504b523.json
[2025-03-12 21:24:25] [INFO] Skipping excluded file: C:\Users\Chris\cFish.io\wp-content\plugins\gutenberg\gutenberg-es_EC-f39744326030f4f787227808e504b523.json
[2025-03-12 21:24:25] [INFO] Converting JSON to MD: C:\Users\Chris\cFish.io\wp-content\plugins\gutenberg\gutenberg-es_ES-04418208c292b36bc4a3469b3ffc3d41.json
[2025-03-12 21:24:25] [INFO] Skipping excluded file: C:\Users\Chris\cFish.io\wp-content\plugins\gutenberg\gutenberg-es_ES-04418208c292b36bc4a3469b3ffc3d41.json
[2025-03-12 21:24:25] [INFO] Converting JSON to MD: C:\Users\Chris\cFish.io\wp-content\plugins\gutenberg\gutenberg-es_ES-07d88e6a803e01276b9bfcc1203e862e.json
[2025-03-12 21:24:25] [INFO] Skipping excluded file: C:\Users\Chris\cFish.io\wp-content\plugins\gutenberg\gutenberg-es_ES-07d88e6a803e01276b9bfcc1203e862e.json
[2025-03-12 21:24:25] [INFO] Converting JSON to MD: C:\Users\Chris\cFish.io\wp-content\plugins\gutenberg\gutenberg-es_ES-07ef134978802e52988301e5564a124c.json
[2025-03-12 21:24:25] [INFO] Skipping excluded file: C:\Users\Chris\cFish.io\wp-content\plugins\gutenberg\gutenberg-es_ES-07ef134978802e52988301e5564a124c.json
[2025-03-12 21:24:25] [INFO] Converting JSON to MD: C:\Users\Chris\cFish.io\wp-content\plugins\gutenberg\gutenberg-es_ES-17d863d02d419d257cce84f2a9934b91.json
[2025-03-12 21:24:25] [INFO] Skipping excluded file: C:\Users\Chris\cFish.io\wp-content\plugins\gutenberg\gutenberg-es_ES-17d863d02d419d257cce84f2a9934b91.json
[2025-03-12 21:24:25] [INFO] Converting JSON to MD: C:\Users\Chris\cFish.io\wp-content\plugins\gutenberg\gutenberg-es_ES-195c2ee33af3438dc681885037a9dd77.json
[2025-03-12 21:24:25] [INFO] Skipping excluded file: C:\Users\Chris\cFish.io\wp-content\plugins\gutenberg\gutenberg-es_ES-195c2ee33af3438dc681885037a9dd77.json
[2025-03-12 21:24:26] [INFO] Converting JSON to MD: C:\Users\Chris\cFish.io\wp-content\plugins\gutenberg\gutenberg-es_ES-22103b0fceb70bf4f3ed789172c4cc4e.json
[2025-03-12 21:24:26] [INFO] Skipping excluded file: C:\Users\Chris\cFish.io\wp-content\plugins\gutenberg\gutenberg-es_ES-22103b0fceb70bf4f3ed789172c4cc4e.json
[2025-03-12 21:24:26] [INFO] Converting JSON to MD: C:\Users\Chris\cFish.io\wp-content\plugins\gutenberg\gutenberg-es_ES-2db29b02b406fc710377e5966a268a5b.json
[2025-03-12 21:24:26] [INFO] Skipping excluded file: C:\Users\Chris\cFish.io\wp-content\plugins\gutenberg\gutenberg-es_ES-2db29b02b406fc710377e5966a268a5b.json
[2025-03-12 21:24:26] [INFO] Converting JSON to MD: C:\Users\Chris\cFish.io\wp-content\plugins\gutenberg\gutenberg-es_ES-2ecc15db55b460a0c1c65371b1c7144e.json
[2025-03-12 21:24:26] [INFO] Skipping excluded file: C:\Users\Chris\cFish.io\wp-content\plugins\gutenberg\gutenberg-es_ES-2ecc15db55b460a0c1c65371b1c7144e.json
[2025-03-12 21:24:26] [INFO] Converting JSON to MD: C:\Users\Chris\cFish.io\wp-content\plugins\gutenberg\gutenberg-es_ES-562b384b5ba625d9c67b6a487da0fb82.json
[2025-03-12 21:24:26] [INFO] Skipping excluded file: C:\Users\Chris\cFish.io\wp-content\plugins\gutenberg\gutenberg-es_ES-562b384b5ba625d9c67b6a487da0fb82.json
[2025-03-12 21:24:26] [INFO] Converting JSON to MD: C:\Users\Chris\cFish.io\wp-content\plugins\gutenberg\gutenberg-es_ES-57ca266aaa51c0865f9b606c3b122edf.json
[2025-03-12 21:24:26] [INFO] Skipping excluded file: C:\Users\Chris\cFish.io\wp-content\plugins\gutenberg\gutenberg-es_ES-57ca266aaa51c0865f9b606c3b122edf.json
[2025-03-12 21:24:26] [INFO] Converting JSON to MD: C:\Users\Chris\cFish.io\wp-content\plugins\gutenberg\gutenberg-es_ES-5a39926d0d16d0b7e0231768f706d685.json
[2025-03-12 21:24:26] [INFO] Skipping excluded file: C:\Users\Chris\cFish.io\wp-content\plugins\gutenberg\gutenberg-es_ES-5a39926d0d16d0b7e0231768f706d685.json
[2025-03-12 21:24:26] [INFO] Converting JSON to MD: C:\Users\Chris\cFish.io\wp-content\plugins\gutenberg\gutenberg-es_ES-5b24ba153c5b34da32d79d6bf83c42fd.json
[2025-03-12 21:24:26] [INFO] Skipping excluded file: C:\Users\Chris\cFish.io\wp-content\plugins\gutenberg\gutenberg-es_ES-5b24ba153c5b34da32d79d6bf83c42fd.json
[2025-03-12 21:24:26] [INFO] Converting JSON to MD: C:\Users\Chris\cFish.io\wp-content\plugins\gutenberg\gutenberg-es_ES-5b6fdbd8b6d8e74e269a71b5e2a640ae.json
[2025-03-12 21:24:26] [INFO] Skipping excluded file: C:\Users\Chris\cFish.io\wp-content\plugins\gutenberg\gutenberg-es_ES-5b6fdbd8b6d8e74e269a71b5e2a640ae.json
[2025-03-12 21:24:27] [INFO] Converting JSON to MD: C:\Users\Chris\cFish.io\wp-content\plugins\gutenberg\gutenberg-es_ES-664bd2d849a376fcdd35ecc175c8077e.json
[2025-03-12 21:24:27] [INFO] Skipping excluded file: C:\Users\Chris\cFish.io\wp-content\plugins\gutenberg\gutenberg-es_ES-664bd2d849a376fcdd35ecc175c8077e.json
[2025-03-12 21:24:27] [INFO] Converting JSON to MD: C:\Users\Chris\cFish.io\wp-content\plugins\gutenberg\gutenberg-es_ES-669341f094c411cfc73de2f3b74475cd.json
[2025-03-12 21:24:27] [INFO] Skipping excluded file: C:\Users\Chris\cFish.io\wp-content\plugins\gutenberg\gutenberg-es_ES-669341f094c411cfc73de2f3b74475cd.json
[2025-03-12 21:24:27] [INFO] Converting JSON to MD: C:\Users\Chris\cFish.io\wp-content\plugins\gutenberg\gutenberg-es_ES-6da18768062abe6e705a5ac7876b5642.json
[2025-03-12 21:24:27] [INFO] Skipping excluded file: C:\Users\Chris\cFish.io\wp-content\plugins\gutenberg\gutenberg-es_ES-6da18768062abe6e705a5ac7876b5642.json
[2025-03-12 21:24:27] [INFO] Converting JSON to MD: C:\Users\Chris\cFish.io\wp-content\plugins\gutenberg\gutenberg-es_ES-84a7625187e218b518298469e531382d.json
[2025-03-12 21:24:27] [INFO] Skipping excluded file: C:\Users\Chris\cFish.io\wp-content\plugins\gutenberg\gutenberg-es_ES-84a7625187e218b518298469e531382d.json
[2025-03-12 21:24:27] [INFO] Converting JSON to MD: C:\Users\Chris\cFish.io\wp-content\plugins\gutenberg\gutenberg-es_ES-89337192c82f6ec91cfe1bb3aafe66b2.json
[2025-03-12 21:24:27] [INFO] Skipping excluded file: C:\Users\Chris\cFish.io\wp-content\plugins\gutenberg\gutenberg-es_ES-89337192c82f6ec91cfe1bb3aafe66b2.json
[2025-03-12 21:24:27] [INFO] Converting JSON to MD: C:\Users\Chris\cFish.io\wp-content\plugins\gutenberg\gutenberg-es_ES-8dd62110e8ea51d13ad3f5c26b723f2f.json
[2025-03-12 21:24:27] [INFO] Skipping excluded file: C:\Users\Chris\cFish.io\wp-content\plugins\gutenberg\gutenberg-es_ES-8dd62110e8ea51d13ad3f5c26b723f2f.json
[2025-03-12 21:24:27] [INFO] Converting JSON to MD: C:\Users\Chris\cFish.io\wp-content\plugins\gutenberg\gutenberg-es_ES-b28e16a397b8722f99fae785b95a4478.json
[2025-03-12 21:24:27] [INFO] Skipping excluded file: C:\Users\Chris\cFish.io\wp-content\plugins\gutenberg\gutenberg-es_ES-b28e16a397b8722f99fae785b95a4478.json
[2025-03-12 21:24:27] [INFO] Converting JSON to MD: C:\Users\Chris\cFish.io\wp-content\plugins\gutenberg\gutenberg-es_ES-ba39bebc48939c14ec581e7cf44bb27a.json
[2025-03-12 21:24:27] [INFO] Skipping excluded file: C:\Users\Chris\cFish.io\wp-content\plugins\gutenberg\gutenberg-es_ES-ba39bebc48939c14ec581e7cf44bb27a.json
[2025-03-12 21:24:27] [INFO] Converting JSON to MD: C:\Users\Chris\cFish.io\wp-content\plugins\gutenberg\gutenberg-es_ES-bd25c177bb43e960435d8bf33c14f6d3.json
[2025-03-12 21:24:27] [INFO] Skipping excluded file: C:\Users\Chris\cFish.io\wp-content\plugins\gutenberg\gutenberg-es_ES-bd25c177bb43e960435d8bf33c14f6d3.json
[2025-03-12 21:24:28] [INFO] Converting JSON to MD: C:\Users\Chris\cFish.io\wp-content\plugins\gutenberg\gutenberg-es_ES-c4c26f565695d6a88d0e7ab2e54949c3.json
[2025-03-12 21:24:28] [INFO] Skipping excluded file: C:\Users\Chris\cFish.io\wp-content\plugins\gutenberg\gutenberg-es_ES-c4c26f565695d6a88d0e7ab2e54949c3.json
[2025-03-12 21:24:28] [INFO] Converting JSON to MD: C:\Users\Chris\cFish.io\wp-content\plugins\gutenberg\gutenberg-es_ES-cc0ae1a9d2f54754d6de5eabbcb89f5b.json
[2025-03-12 21:24:28] [INFO] Skipping excluded file: C:\Users\Chris\cFish.io\wp-content\plugins\gutenberg\gutenberg-es_ES-cc0ae1a9d2f54754d6de5eabbcb89f5b.json
[2025-03-12 21:24:28] [INFO] Converting JSON to MD: C:\Users\Chris\cFish.io\wp-content\plugins\gutenberg\gutenberg-es_ES-d4accdff3b7b226dad1f5f72ccee5bae.json
[2025-03-12 21:24:28] [INFO] Skipping excluded file: C:\Users\Chris\cFish.io\wp-content\plugins\gutenberg\gutenberg-es_ES-d4accdff3b7b226dad1f5f72ccee5bae.json
[2025-03-12 21:24:28] [INFO] Converting JSON to MD: C:\Users\Chris\cFish.io\wp-content\plugins\gutenberg\gutenberg-es_ES-d83116db7e3459d9c9a90cae3216278f.json
[2025-03-12 21:24:28] [INFO] Skipping excluded file: C:\Users\Chris\cFish.io\wp-content\plugins\gutenberg\gutenberg-es_ES-d83116db7e3459d9c9a90cae3216278f.json
[2025-03-12 21:24:28] [INFO] Converting JSON to MD: C:\Users\Chris\cFish.io\wp-content\plugins\gutenberg\gutenberg-es_ES-e5d3200f2f39097aa25c45c0f7243af8.json
[2025-03-12 21:24:28] [INFO] Skipping excluded file: C:\Users\Chris\cFish.io\wp-content\plugins\gutenberg\gutenberg-es_ES-e5d3200f2f39097aa25c45c0f7243af8.json
[2025-03-12 21:24:28] [INFO] Converting JSON to MD: C:\Users\Chris\cFish.io\wp-content\plugins\gutenberg\gutenberg-es_ES-e7b6005012912540099a002617fcee91.json
[2025-03-12 21:24:28] [INFO] Skipping excluded file: C:\Users\Chris\cFish.io\wp-content\plugins\gutenberg\gutenberg-es_ES-e7b6005012912540099a002617fcee91.json
[2025-03-12 21:24:28] [INFO] Converting JSON to MD: C:\Users\Chris\cFish.io\wp-content\plugins\gutenberg\gutenberg-es_ES-f39744326030f4f787227808e504b523.json
[2025-03-12 21:24:28] [INFO] Skipping excluded file: C:\Users\Chris\cFish.io\wp-content\plugins\gutenberg\gutenberg-es_ES-f39744326030f4f787227808e504b523.json
[2025-03-12 21:24:28] [INFO] Converting JSON to MD: C:\Users\Chris\cFish.io\wp-content\plugins\gutenberg\gutenberg-es_MX-04418208c292b36bc4a3469b3ffc3d41.json
[2025-03-12 21:24:28] [INFO] Skipping excluded file: C:\Users\Chris\cFish.io\wp-content\plugins\gutenberg\gutenberg-es_MX-04418208c292b36bc4a3469b3ffc3d41.json
[2025-03-12 21:24:29] [INFO] Converting JSON to MD: C:\Users\Chris\cFish.io\wp-content\plugins\gutenberg\gutenberg-es_MX-07d88e6a803e01276b9bfcc1203e862e.json
[2025-03-12 21:24:29] [INFO] Skipping excluded file: C:\Users\Chris\cFish.io\wp-content\plugins\gutenberg\gutenberg-es_MX-07d88e6a803e01276b9bfcc1203e862e.json
[2025-03-12 21:24:29] [INFO] Converting JSON to MD: C:\Users\Chris\cFish.io\wp-content\plugins\gutenberg\gutenberg-es_MX-07ef134978802e52988301e5564a124c.json
[2025-03-12 21:24:29] [INFO] Skipping excluded file: C:\Users\Chris\cFish.io\wp-content\plugins\gutenberg\gutenberg-es_MX-07ef134978802e52988301e5564a124c.json
[2025-03-12 21:24:29] [INFO] Converting JSON to MD: C:\Users\Chris\cFish.io\wp-content\plugins\gutenberg\gutenberg-es_MX-17d863d02d419d257cce84f2a9934b91.json
[2025-03-12 21:24:29] [INFO] Skipping excluded file: C:\Users\Chris\cFish.io\wp-content\plugins\gutenberg\gutenberg-es_MX-17d863d02d419d257cce84f2a9934b91.json
[2025-03-12 21:24:29] [INFO] Converting JSON to MD: C:\Users\Chris\cFish.io\wp-content\plugins\gutenberg\gutenberg-es_MX-195c2ee33af3438dc681885037a9dd77.json
[2025-03-12 21:24:29] [INFO] Skipping excluded file: C:\Users\Chris\cFish.io\wp-content\plugins\gutenberg\gutenberg-es_MX-195c2ee33af3438dc681885037a9dd77.json
[2025-03-12 21:24:29] [INFO] Converting JSON to MD: C:\Users\Chris\cFish.io\wp-content\plugins\gutenberg\gutenberg-es_MX-22103b0fceb70bf4f3ed789172c4cc4e.json
[2025-03-12 21:24:29] [INFO] Skipping excluded file: C:\Users\Chris\cFish.io\wp-content\plugins\gutenberg\gutenberg-es_MX-22103b0fceb70bf4f3ed789172c4cc4e.json
[2025-03-12 21:24:29] [INFO] Converting JSON to MD: C:\Users\Chris\cFish.io\wp-content\plugins\gutenberg\gutenberg-es_MX-2db29b02b406fc710377e5966a268a5b.json
[2025-03-12 21:24:29] [INFO] Skipping excluded file: C:\Users\Chris\cFish.io\wp-content\plugins\gutenberg\gutenberg-es_MX-2db29b02b406fc710377e5966a268a5b.json
[2025-03-12 21:24:29] [INFO] Converting JSON to MD: C:\Users\Chris\cFish.io\wp-content\plugins\gutenberg\gutenberg-es_MX-2ecc15db55b460a0c1c65371b1c7144e.json
[2025-03-12 21:24:29] [INFO] Skipping excluded file: C:\Users\Chris\cFish.io\wp-content\plugins\gutenberg\gutenberg-es_MX-2ecc15db55b460a0c1c65371b1c7144e.json
[2025-03-12 21:24:29] [INFO] Converting JSON to MD: C:\Users\Chris\cFish.io\wp-content\plugins\gutenberg\gutenberg-es_MX-562b384b5ba625d9c67b6a487da0fb82.json
[2025-03-12 21:24:29] [INFO] Skipping excluded file: C:\Users\Chris\cFish.io\wp-content\plugins\gutenberg\gutenberg-es_MX-562b384b5ba625d9c67b6a487da0fb82.json
[2025-03-12 21:24:29] [INFO] Converting JSON to MD: C:\Users\Chris\cFish.io\wp-content\plugins\gutenberg\gutenberg-es_MX-57ca266aaa51c0865f9b606c3b122edf.json
[2025-03-12 21:24:29] [INFO] Skipping excluded file: C:\Users\Chris\cFish.io\wp-content\plugins\gutenberg\gutenberg-es_MX-57ca266aaa51c0865f9b606c3b122edf.json
[2025-03-12 21:24:30] [INFO] Converting JSON to MD: C:\Users\Chris\cFish.io\wp-content\plugins\gutenberg\gutenberg-es_MX-5a39926d0d16d0b7e0231768f706d685.json
[2025-03-12 21:24:30] [INFO] Skipping excluded file: C:\Users\Chris\cFish.io\wp-content\plugins\gutenberg\gutenberg-es_MX-5a39926d0d16d0b7e0231768f706d685.json
[2025-03-12 21:24:30] [INFO] Converting JSON to MD: C:\Users\Chris\cFish.io\wp-content\plugins\gutenberg\gutenberg-es_MX-5b24ba153c5b34da32d79d6bf83c42fd.json
[2025-03-12 21:24:30] [INFO] Skipping excluded file: C:\Users\Chris\cFish.io\wp-content\plugins\gutenberg\gutenberg-es_MX-5b24ba153c5b34da32d79d6bf83c42fd.json
[2025-03-12 21:24:30] [INFO] Converting JSON to MD: C:\Users\Chris\cFish.io\wp-content\plugins\gutenberg\gutenberg-es_MX-5b6fdbd8b6d8e74e269a71b5e2a640ae.json
[2025-03-12 21:24:30] [INFO] Skipping excluded file: C:\Users\Chris\cFish.io\wp-content\plugins\gutenberg\gutenberg-es_MX-5b6fdbd8b6d8e74e269a71b5e2a640ae.json
[2025-03-12 21:24:30] [INFO] Converting JSON to MD: C:\Users\Chris\cFish.io\wp-content\plugins\gutenberg\gutenberg-es_MX-664bd2d849a376fcdd35ecc175c8077e.json
[2025-03-12 21:24:30] [INFO] Skipping excluded file: C:\Users\Chris\cFish.io\wp-content\plugins\gutenberg\gutenberg-es_MX-664bd2d849a376fcdd35ecc175c8077e.json
[2025-03-12 21:24:30] [INFO] Converting JSON to MD: C:\Users\Chris\cFish.io\wp-content\plugins\gutenberg\gutenberg-es_MX-669341f094c411cfc73de2f3b74475cd.json
[2025-03-12 21:24:30] [INFO] Skipping excluded file: C:\Users\Chris\cFish.io\wp-content\plugins\gutenberg\gutenberg-es_MX-669341f094c411cfc73de2f3b74475cd.json
[2025-03-12 21:24:30] [INFO] Converting JSON to MD: C:\Users\Chris\cFish.io\wp-content\plugins\gutenberg\gutenberg-es_MX-6da18768062abe6e705a5ac7876b5642.json
[2025-03-12 21:24:30] [INFO] Skipping excluded file: C:\Users\Chris\cFish.io\wp-content\plugins\gutenberg\gutenberg-es_MX-6da18768062abe6e705a5ac7876b5642.json
[2025-03-12 21:24:30] [INFO] Converting JSON to MD: C:\Users\Chris\cFish.io\wp-content\plugins\gutenberg\gutenberg-es_MX-84a7625187e218b518298469e531382d.json
[2025-03-12 21:24:30] [INFO] Skipping excluded file: C:\Users\Chris\cFish.io\wp-content\plugins\gutenberg\gutenberg-es_MX-84a7625187e218b518298469e531382d.json
[2025-03-12 21:24:30] [INFO] Converting JSON to MD: C:\Users\Chris\cFish.io\wp-content\plugins\gutenberg\gutenberg-es_MX-89337192c82f6ec91cfe1bb3aafe66b2.json
[2025-03-12 21:24:30] [INFO] Skipping excluded file: C:\Users\Chris\cFish.io\wp-content\plugins\gutenberg\gutenberg-es_MX-89337192c82f6ec91cfe1bb3aafe66b2.json
[2025-03-12 21:24:31] [INFO] Converting JSON to MD: C:\Users\Chris\cFish.io\wp-content\plugins\gutenberg\gutenberg-es_MX-8dd62110e8ea51d13ad3f5c26b723f2f.json
[2025-03-12 21:24:31] [INFO] Skipping excluded file: C:\Users\Chris\cFish.io\wp-content\plugins\gutenberg\gutenberg-es_MX-8dd62110e8ea51d13ad3f5c26b723f2f.json
[2025-03-12 21:24:31] [INFO] Converting JSON to MD: C:\Users\Chris\cFish.io\wp-content\plugins\gutenberg\gutenberg-es_MX-b28e16a397b8722f99fae785b95a4478.json
[2025-03-12 21:24:31] [INFO] Skipping excluded file: C:\Users\Chris\cFish.io\wp-content\plugins\gutenberg\gutenberg-es_MX-b28e16a397b8722f99fae785b95a4478.json
[2025-03-12 21:24:31] [INFO] Converting JSON to MD: C:\Users\Chris\cFish.io\wp-content\plugins\gutenberg\gutenberg-es_MX-ba39bebc48939c14ec581e7cf44bb27a.json
[2025-03-12 21:24:31] [INFO] Skipping excluded file: C:\Users\Chris\cFish.io\wp-content\plugins\gutenberg\gutenberg-es_MX-ba39bebc48939c14ec581e7cf44bb27a.json
[2025-03-12 21:24:31] [INFO] Converting JSON to MD: C:\Users\Chris\cFish.io\wp-content\plugins\gutenberg\gutenberg-es_MX-bd25c177bb43e960435d8bf33c14f6d3.json
[2025-03-12 21:24:31] [INFO] Skipping excluded file: C:\Users\Chris\cFish.io\wp-content\plugins\gutenberg\gutenberg-es_MX-bd25c177bb43e960435d8bf33c14f6d3.json
[2025-03-12 21:24:31] [INFO] Converting JSON to MD: C:\Users\Chris\cFish.io\wp-content\plugins\gutenberg\gutenberg-es_MX-c4c26f565695d6a88d0e7ab2e54949c3.json
[2025-03-12 21:24:31] [INFO] Skipping excluded file: C:\Users\Chris\cFish.io\wp-content\plugins\gutenberg\gutenberg-es_MX-c4c26f565695d6a88d0e7ab2e54949c3.json
[2025-03-12 21:24:31] [INFO] Converting JSON to MD: C:\Users\Chris\cFish.io\wp-content\plugins\gutenberg\gutenberg-es_MX-cc0ae1a9d2f54754d6de5eabbcb89f5b.json
[2025-03-12 21:24:31] [INFO] Skipping excluded file: C:\Users\Chris\cFish.io\wp-content\plugins\gutenberg\gutenberg-es_MX-cc0ae1a9d2f54754d6de5eabbcb89f5b.json
[2025-03-12 21:24:31] [INFO] Converting JSON to MD: C:\Users\Chris\cFish.io\wp-content\plugins\gutenberg\gutenberg-es_MX-d4accdff3b7b226dad1f5f72ccee5bae.json
[2025-03-12 21:24:31] [INFO] Skipping excluded file: C:\Users\Chris\cFish.io\wp-content\plugins\gutenberg\gutenberg-es_MX-d4accdff3b7b226dad1f5f72ccee5bae.json
[2025-03-12 21:24:31] [INFO] Converting JSON to MD: C:\Users\Chris\cFish.io\wp-content\plugins\gutenberg\gutenberg-es_MX-d83116db7e3459d9c9a90cae3216278f.json
[2025-03-12 21:24:31] [INFO] Skipping excluded file: C:\Users\Chris\cFish.io\wp-content\plugins\gutenberg\gutenberg-es_MX-d83116db7e3459d9c9a90cae3216278f.json
[2025-03-12 21:24:31] [INFO] Converting JSON to MD: C:\Users\Chris\cFish.io\wp-content\plugins\gutenberg\gutenberg-es_MX-e5d3200f2f39097aa25c45c0f7243af8.json
[2025-03-12 21:24:31] [INFO] Skipping excluded file: C:\Users\Chris\cFish.io\wp-content\plugins\gutenberg\gutenberg-es_MX-e5d3200f2f39097aa25c45c0f7243af8.json
[2025-03-12 21:24:32] [INFO] Converting JSON to MD: C:\Users\Chris\cFish.io\wp-content\plugins\gutenberg\gutenberg-es_MX-e7b6005012912540099a002617fcee91.json
[2025-03-12 21:24:32] [INFO] Skipping excluded file: C:\Users\Chris\cFish.io\wp-content\plugins\gutenberg\gutenberg-es_MX-e7b6005012912540099a002617fcee91.json
[2025-03-12 21:24:32] [INFO] Converting JSON to MD: C:\Users\Chris\cFish.io\wp-content\plugins\gutenberg\gutenberg-es_MX-f39744326030f4f787227808e504b523.json
[2025-03-12 21:24:32] [INFO] Skipping excluded file: C:\Users\Chris\cFish.io\wp-content\plugins\gutenberg\gutenberg-es_MX-f39744326030f4f787227808e504b523.json
[2025-03-12 21:24:32] [INFO] Converting JSON to MD: C:\Users\Chris\cFish.io\wp-content\plugins\gutenberg\gutenberg-es_VE-04418208c292b36bc4a3469b3ffc3d41.json
[2025-03-12 21:24:32] [INFO] Skipping excluded file: C:\Users\Chris\cFish.io\wp-content\plugins\gutenberg\gutenberg-es_VE-04418208c292b36bc4a3469b3ffc3d41.json
[2025-03-12 21:24:32] [INFO] Converting JSON to MD: C:\Users\Chris\cFish.io\wp-content\plugins\gutenberg\gutenberg-es_VE-07d88e6a803e01276b9bfcc1203e862e.json
[2025-03-12 21:24:32] [INFO] Skipping excluded file: C:\Users\Chris\cFish.io\wp-content\plugins\gutenberg\gutenberg-es_VE-07d88e6a803e01276b9bfcc1203e862e.json
[2025-03-12 21:24:32] [INFO] Converting JSON to MD: C:\Users\Chris\cFish.io\wp-content\plugins\gutenberg\gutenberg-es_VE-07ef134978802e52988301e5564a124c.json
[2025-03-12 21:24:32] [INFO] Skipping excluded file: C:\Users\Chris\cFish.io\wp-content\plugins\gutenberg\gutenberg-es_VE-07ef134978802e52988301e5564a124c.json
[2025-03-12 21:24:32] [INFO] Converting JSON to MD: C:\Users\Chris\cFish.io\wp-content\plugins\gutenberg\gutenberg-es_VE-17d863d02d419d257cce84f2a9934b91.json
[2025-03-12 21:24:32] [INFO] Skipping excluded file: C:\Users\Chris\cFish.io\wp-content\plugins\gutenberg\gutenberg-es_VE-17d863d02d419d257cce84f2a9934b91.json
[2025-03-12 21:24:32] [INFO] Converting JSON to MD: C:\Users\Chris\cFish.io\wp-content\plugins\gutenberg\gutenberg-es_VE-195c2ee33af3438dc681885037a9dd77.json
[2025-03-12 21:24:32] [INFO] Skipping excluded file: C:\Users\Chris\cFish.io\wp-content\plugins\gutenberg\gutenberg-es_VE-195c2ee33af3438dc681885037a9dd77.json
[2025-03-12 21:24:32] [INFO] Converting JSON to MD: C:\Users\Chris\cFish.io\wp-content\plugins\gutenberg\gutenberg-es_VE-22103b0fceb70bf4f3ed789172c4cc4e.json
[2025-03-12 21:24:32] [INFO] Skipping excluded file: C:\Users\Chris\cFish.io\wp-content\plugins\gutenberg\gutenberg-es_VE-22103b0fceb70bf4f3ed789172c4cc4e.json
[2025-03-12 21:24:32] [INFO] Converting JSON to MD: C:\Users\Chris\cFish.io\wp-content\plugins\gutenberg\gutenberg-es_VE-2db29b02b406fc710377e5966a268a5b.json
[2025-03-12 21:24:32] [INFO] Skipping excluded file: C:\Users\Chris\cFish.io\wp-content\plugins\gutenberg\gutenberg-es_VE-2db29b02b406fc710377e5966a268a5b.json
[2025-03-12 21:24:33] [INFO] Converting JSON to MD: C:\Users\Chris\cFish.io\wp-content\plugins\gutenberg\gutenberg-es_VE-2ecc15db55b460a0c1c65371b1c7144e.json
[2025-03-12 21:24:33] [INFO] Skipping excluded file: C:\Users\Chris\cFish.io\wp-content\plugins\gutenberg\gutenberg-es_VE-2ecc15db55b460a0c1c65371b1c7144e.json
[2025-03-12 21:24:33] [INFO] Converting JSON to MD: C:\Users\Chris\cFish.io\wp-content\plugins\gutenberg\gutenberg-es_VE-562b384b5ba625d9c67b6a487da0fb82.json
[2025-03-12 21:24:33] [INFO] Skipping excluded file: C:\Users\Chris\cFish.io\wp-content\plugins\gutenberg\gutenberg-es_VE-562b384b5ba625d9c67b6a487da0fb82.json
[2025-03-12 21:24:33] [INFO] Converting JSON to MD: C:\Users\Chris\cFish.io\wp-content\plugins\gutenberg\gutenberg-es_VE-57ca266aaa51c0865f9b606c3b122edf.json
[2025-03-12 21:24:33] [INFO] Skipping excluded file: C:\Users\Chris\cFish.io\wp-content\plugins\gutenberg\gutenberg-es_VE-57ca266aaa51c0865f9b606c3b122edf.json
[2025-03-12 21:24:33] [INFO] Converting JSON to MD: C:\Users\Chris\cFish.io\wp-content\plugins\gutenberg\gutenberg-es_VE-5a39926d0d16d0b7e0231768f706d685.json
[2025-03-12 21:24:33] [INFO] Skipping excluded file: C:\Users\Chris\cFish.io\wp-content\plugins\gutenberg\gutenberg-es_VE-5a39926d0d16d0b7e0231768f706d685.json
[2025-03-12 21:24:33] [INFO] Converting JSON to MD: C:\Users\Chris\cFish.io\wp-content\plugins\gutenberg\gutenberg-es_VE-5b24ba153c5b34da32d79d6bf83c42fd.json
[2025-03-12 21:24:33] [INFO] Skipping excluded file: C:\Users\Chris\cFish.io\wp-content\plugins\gutenberg\gutenberg-es_VE-5b24ba153c5b34da32d79d6bf83c42fd.json
[2025-03-12 21:24:33] [INFO] Converting JSON to MD: C:\Users\Chris\cFish.io\wp-content\plugins\gutenberg\gutenberg-es_VE-5b6fdbd8b6d8e74e269a71b5e2a640ae.json
[2025-03-12 21:24:33] [INFO] Skipping excluded file: C:\Users\Chris\cFish.io\wp-content\plugins\gutenberg\gutenberg-es_VE-5b6fdbd8b6d8e74e269a71b5e2a640ae.json
[2025-03-12 21:24:33] [INFO] Converting JSON to MD: C:\Users\Chris\cFish.io\wp-content\plugins\gutenberg\gutenberg-es_VE-664bd2d849a376fcdd35ecc175c8077e.json
[2025-03-12 21:24:33] [INFO] Skipping excluded file: C:\Users\Chris\cFish.io\wp-content\plugins\gutenberg\gutenberg-es_VE-664bd2d849a376fcdd35ecc175c8077e.json
[2025-03-12 21:24:33] [INFO] Converting JSON to MD: C:\Users\Chris\cFish.io\wp-content\plugins\gutenberg\gutenberg-es_VE-669341f094c411cfc73de2f3b74475cd.json
[2025-03-12 21:24:33] [INFO] Skipping excluded file: C:\Users\Chris\cFish.io\wp-content\plugins\gutenberg\gutenberg-es_VE-669341f094c411cfc73de2f3b74475cd.json
[2025-03-12 21:24:33] [INFO] Converting JSON to MD: C:\Users\Chris\cFish.io\wp-content\plugins\gutenberg\gutenberg-es_VE-6da18768062abe6e705a5ac7876b5642.json
[2025-03-12 21:24:33] [INFO] Skipping excluded file: C:\Users\Chris\cFish.io\wp-content\plugins\gutenberg\gutenberg-es_VE-6da18768062abe6e705a5ac7876b5642.json
[2025-03-12 21:24:34] [INFO] Converting JSON to MD: C:\Users\Chris\cFish.io\wp-content\plugins\gutenberg\gutenberg-es_VE-84a7625187e218b518298469e531382d.json
[2025-03-12 21:24:34] [INFO] Skipping excluded file: C:\Users\Chris\cFish.io\wp-content\plugins\gutenberg\gutenberg-es_VE-84a7625187e218b518298469e531382d.json
[2025-03-12 21:24:34] [INFO] Converting JSON to MD: C:\Users\Chris\cFish.io\wp-content\plugins\gutenberg\gutenberg-es_VE-89337192c82f6ec91cfe1bb3aafe66b2.json
[2025-03-12 21:24:34] [INFO] Skipping excluded file: C:\Users\Chris\cFish.io\wp-content\plugins\gutenberg\gutenberg-es_VE-89337192c82f6ec91cfe1bb3aafe66b2.json
[2025-03-12 21:24:34] [INFO] Converting JSON to MD: C:\Users\Chris\cFish.io\wp-content\plugins\gutenberg\gutenberg-es_VE-8dd62110e8ea51d13ad3f5c26b723f2f.json
[2025-03-12 21:24:34] [INFO] Skipping excluded file: C:\Users\Chris\cFish.io\wp-content\plugins\gutenberg\gutenberg-es_VE-8dd62110e8ea51d13ad3f5c26b723f2f.json
[2025-03-12 21:24:34] [INFO] Converting JSON to MD: C:\Users\Chris\cFish.io\wp-content\plugins\gutenberg\gutenberg-es_VE-b28e16a397b8722f99fae785b95a4478.json
[2025-03-12 21:24:34] [INFO] Skipping excluded file: C:\Users\Chris\cFish.io\wp-content\plugins\gutenberg\gutenberg-es_VE-b28e16a397b8722f99fae785b95a4478.json
[2025-03-12 21:24:34] [INFO] Converting JSON to MD: C:\Users\Chris\cFish.io\wp-content\plugins\gutenberg\gutenberg-es_VE-ba39bebc48939c14ec581e7cf44bb27a.json
[2025-03-12 21:24:34] [INFO] Skipping excluded file: C:\Users\Chris\cFish.io\wp-content\plugins\gutenberg\gutenberg-es_VE-ba39bebc48939c14ec581e7cf44bb27a.json
[2025-03-12 21:24:34] [INFO] Converting JSON to MD: C:\Users\Chris\cFish.io\wp-content\plugins\gutenberg\gutenberg-es_VE-bd25c177bb43e960435d8bf33c14f6d3.json
[2025-03-12 21:24:34] [INFO] Skipping excluded file: C:\Users\Chris\cFish.io\wp-content\plugins\gutenberg\gutenberg-es_VE-bd25c177bb43e960435d8bf33c14f6d3.json
[2025-03-12 21:24:34] [INFO] Converting JSON to MD: C:\Users\Chris\cFish.io\wp-content\plugins\gutenberg\gutenberg-es_VE-c4c26f565695d6a88d0e7ab2e54949c3.json
[2025-03-12 21:24:34] [INFO] Skipping excluded file: C:\Users\Chris\cFish.io\wp-content\plugins\gutenberg\gutenberg-es_VE-c4c26f565695d6a88d0e7ab2e54949c3.json
[2025-03-12 21:24:34] [INFO] Converting JSON to MD: C:\Users\Chris\cFish.io\wp-content\plugins\gutenberg\gutenberg-es_VE-cc0ae1a9d2f54754d6de5eabbcb89f5b.json
[2025-03-12 21:24:34] [INFO] Skipping excluded file: C:\Users\Chris\cFish.io\wp-content\plugins\gutenberg\gutenberg-es_VE-cc0ae1a9d2f54754d6de5eabbcb89f5b.json
[2025-03-12 21:24:35] [INFO] Converting JSON to MD: C:\Users\Chris\cFish.io\wp-content\plugins\gutenberg\gutenberg-es_VE-d4accdff3b7b226dad1f5f72ccee5bae.json
[2025-03-12 21:24:35] [INFO] Skipping excluded file: C:\Users\Chris\cFish.io\wp-content\plugins\gutenberg\gutenberg-es_VE-d4accdff3b7b226dad1f5f72ccee5bae.json
[2025-03-12 21:24:35] [INFO] Converting JSON to MD: C:\Users\Chris\cFish.io\wp-content\plugins\gutenberg\gutenberg-es_VE-d83116db7e3459d9c9a90cae3216278f.json
[2025-03-12 21:24:35] [INFO] Skipping excluded file: C:\Users\Chris\cFish.io\wp-content\plugins\gutenberg\gutenberg-es_VE-d83116db7e3459d9c9a90cae3216278f.json
[2025-03-12 21:24:35] [INFO] Converting JSON to MD: C:\Users\Chris\cFish.io\wp-content\plugins\gutenberg\gutenberg-es_VE-e5d3200f2f39097aa25c45c0f7243af8.json
[2025-03-12 21:24:35] [INFO] Skipping excluded file: C:\Users\Chris\cFish.io\wp-content\plugins\gutenberg\gutenberg-es_VE-e5d3200f2f39097aa25c45c0f7243af8.json
[2025-03-12 21:24:35] [INFO] Converting JSON to MD: C:\Users\Chris\cFish.io\wp-content\plugins\gutenberg\gutenberg-es_VE-e7b6005012912540099a002617fcee91.json
[2025-03-12 21:24:35] [INFO] Skipping excluded file: C:\Users\Chris\cFish.io\wp-content\plugins\gutenberg\gutenberg-es_VE-e7b6005012912540099a002617fcee91.json
[2025-03-12 21:24:35] [INFO] Converting JSON to MD: C:\Users\Chris\cFish.io\wp-content\plugins\gutenberg\gutenberg-es_VE-f39744326030f4f787227808e504b523.json
[2025-03-12 21:24:35] [INFO] Skipping excluded file: C:\Users\Chris\cFish.io\wp-content\plugins\gutenberg\gutenberg-es_VE-f39744326030f4f787227808e504b523.json
[2025-03-12 21:24:35] [INFO] Converting JSON to MD: C:\Users\Chris\cFish.io\wp-content\plugins\gutenberg\gutenberg-fa_IR-04418208c292b36bc4a3469b3ffc3d41.json
[2025-03-12 21:24:35] [INFO] Skipping excluded file: C:\Users\Chris\cFish.io\wp-content\plugins\gutenberg\gutenberg-fa_IR-04418208c292b36bc4a3469b3ffc3d41.json
[2025-03-12 21:24:35] [INFO] Converting JSON to MD: C:\Users\Chris\cFish.io\wp-content\plugins\gutenberg\gutenberg-fa_IR-07d88e6a803e01276b9bfcc1203e862e.json
[2025-03-12 21:24:35] [INFO] Skipping excluded file: C:\Users\Chris\cFish.io\wp-content\plugins\gutenberg\gutenberg-fa_IR-07d88e6a803e01276b9bfcc1203e862e.json
[2025-03-12 21:24:35] [INFO] Converting JSON to MD: C:\Users\Chris\cFish.io\wp-content\plugins\gutenberg\gutenberg-fa_IR-07ef134978802e52988301e5564a124c.json
[2025-03-12 21:24:35] [INFO] Skipping excluded file: C:\Users\Chris\cFish.io\wp-content\plugins\gutenberg\gutenberg-fa_IR-07ef134978802e52988301e5564a124c.json
[2025-03-12 21:24:35] [INFO] Converting JSON to MD: C:\Users\Chris\cFish.io\wp-content\plugins\gutenberg\gutenberg-fa_IR-17d863d02d419d257cce84f2a9934b91.json
[2025-03-12 21:24:35] [INFO] Skipping excluded file: C:\Users\Chris\cFish.io\wp-content\plugins\gutenberg\gutenberg-fa_IR-17d863d02d419d257cce84f2a9934b91.json
[2025-03-12 21:24:36] [INFO] Converting JSON to MD: C:\Users\Chris\cFish.io\wp-content\plugins\gutenberg\gutenberg-fa_IR-195c2ee33af3438dc681885037a9dd77.json
[2025-03-12 21:24:36] [INFO] Skipping excluded file: C:\Users\Chris\cFish.io\wp-content\plugins\gutenberg\gutenberg-fa_IR-195c2ee33af3438dc681885037a9dd77.json
[2025-03-12 21:24:36] [INFO] Converting JSON to MD: C:\Users\Chris\cFish.io\wp-content\plugins\gutenberg\gutenberg-fa_IR-22103b0fceb70bf4f3ed789172c4cc4e.json
[2025-03-12 21:24:36] [INFO] Skipping excluded file: C:\Users\Chris\cFish.io\wp-content\plugins\gutenberg\gutenberg-fa_IR-22103b0fceb70bf4f3ed789172c4cc4e.json
[2025-03-12 21:24:36] [INFO] Converting JSON to MD: C:\Users\Chris\cFish.io\wp-content\plugins\gutenberg\gutenberg-fa_IR-2db29b02b406fc710377e5966a268a5b.json
[2025-03-12 21:24:36] [INFO] Skipping excluded file: C:\Users\Chris\cFish.io\wp-content\plugins\gutenberg\gutenberg-fa_IR-2db29b02b406fc710377e5966a268a5b.json
[2025-03-12 21:24:36] [INFO] Converting JSON to MD: C:\Users\Chris\cFish.io\wp-content\plugins\gutenberg\gutenberg-fa_IR-2ecc15db55b460a0c1c65371b1c7144e.json
[2025-03-12 21:24:36] [INFO] Skipping excluded file: C:\Users\Chris\cFish.io\wp-content\plugins\gutenberg\gutenberg-fa_IR-2ecc15db55b460a0c1c65371b1c7144e.json
[2025-03-12 21:24:36] [INFO] Converting JSON to MD: C:\Users\Chris\cFish.io\wp-content\plugins\gutenberg\gutenberg-fa_IR-562b384b5ba625d9c67b6a487da0fb82.json
[2025-03-12 21:24:36] [INFO] Skipping excluded file: C:\Users\Chris\cFish.io\wp-content\plugins\gutenberg\gutenberg-fa_IR-562b384b5ba625d9c67b6a487da0fb82.json
[2025-03-12 21:24:36] [INFO] Converting JSON to MD: C:\Users\Chris\cFish.io\wp-content\plugins\gutenberg\gutenberg-fa_IR-57ca266aaa51c0865f9b606c3b122edf.json
[2025-03-12 21:24:36] [INFO] Skipping excluded file: C:\Users\Chris\cFish.io\wp-content\plugins\gutenberg\gutenberg-fa_IR-57ca266aaa51c0865f9b606c3b122edf.json
[2025-03-12 21:24:36] [INFO] Converting JSON to MD: C:\Users\Chris\cFish.io\wp-content\plugins\gutenberg\gutenberg-fa_IR-5a39926d0d16d0b7e0231768f706d685.json
[2025-03-12 21:24:36] [INFO] Skipping excluded file: C:\Users\Chris\cFish.io\wp-content\plugins\gutenberg\gutenberg-fa_IR-5a39926d0d16d0b7e0231768f706d685.json
[2025-03-12 21:24:36] [INFO] Converting JSON to MD: C:\Users\Chris\cFish.io\wp-content\plugins\gutenberg\gutenberg-fa_IR-5b24ba153c5b34da32d79d6bf83c42fd.json
[2025-03-12 21:24:36] [INFO] Skipping excluded file: C:\Users\Chris\cFish.io\wp-content\plugins\gutenberg\gutenberg-fa_IR-5b24ba153c5b34da32d79d6bf83c42fd.json
[2025-03-12 21:24:36] [INFO] Converting JSON to MD: C:\Users\Chris\cFish.io\wp-content\plugins\gutenberg\gutenberg-fa_IR-5b6fdbd8b6d8e74e269a71b5e2a640ae.json
[2025-03-12 21:24:36] [INFO] Skipping excluded file: C:\Users\Chris\cFish.io\wp-content\plugins\gutenberg\gutenberg-fa_IR-5b6fdbd8b6d8e74e269a71b5e2a640ae.json
[2025-03-12 21:24:37] [INFO] Converting JSON to MD: C:\Users\Chris\cFish.io\wp-content\plugins\gutenberg\gutenberg-fa_IR-664bd2d849a376fcdd35ecc175c8077e.json
[2025-03-12 21:24:37] [INFO] Skipping excluded file: C:\Users\Chris\cFish.io\wp-content\plugins\gutenberg\gutenberg-fa_IR-664bd2d849a376fcdd35ecc175c8077e.json
[2025-03-12 21:24:37] [INFO] Converting JSON to MD: C:\Users\Chris\cFish.io\wp-content\plugins\gutenberg\gutenberg-fa_IR-669341f094c411cfc73de2f3b74475cd.json
[2025-03-12 21:24:37] [INFO] Skipping excluded file: C:\Users\Chris\cFish.io\wp-content\plugins\gutenberg\gutenberg-fa_IR-669341f094c411cfc73de2f3b74475cd.json
[2025-03-12 21:24:37] [INFO] Converting JSON to MD: C:\Users\Chris\cFish.io\wp-content\plugins\gutenberg\gutenberg-fa_IR-6da18768062abe6e705a5ac7876b5642.json
[2025-03-12 21:24:37] [INFO] Skipping excluded file: C:\Users\Chris\cFish.io\wp-content\plugins\gutenberg\gutenberg-fa_IR-6da18768062abe6e705a5ac7876b5642.json
[2025-03-12 21:24:37] [INFO] Converting JSON to MD: C:\Users\Chris\cFish.io\wp-content\plugins\gutenberg\gutenberg-fa_IR-84a7625187e218b518298469e531382d.json
[2025-03-12 21:24:37] [INFO] Skipping excluded file: C:\Users\Chris\cFish.io\wp-content\plugins\gutenberg\gutenberg-fa_IR-84a7625187e218b518298469e531382d.json
[2025-03-12 21:24:37] [INFO] Converting JSON to MD: C:\Users\Chris\cFish.io\wp-content\plugins\gutenberg\gutenberg-fa_IR-89337192c82f6ec91cfe1bb3aafe66b2.json
[2025-03-12 21:24:37] [INFO] Skipping excluded file: C:\Users\Chris\cFish.io\wp-content\plugins\gutenberg\gutenberg-fa_IR-89337192c82f6ec91cfe1bb3aafe66b2.json
[2025-03-12 21:24:37] [INFO] Converting JSON to MD: C:\Users\Chris\cFish.io\wp-content\plugins\gutenberg\gutenberg-fa_IR-8dd62110e8ea51d13ad3f5c26b723f2f.json
[2025-03-12 21:24:37] [INFO] Skipping excluded file: C:\Users\Chris\cFish.io\wp-content\plugins\gutenberg\gutenberg-fa_IR-8dd62110e8ea51d13ad3f5c26b723f2f.json
[2025-03-12 21:24:37] [INFO] Converting JSON to MD: C:\Users\Chris\cFish.io\wp-content\plugins\gutenberg\gutenberg-fa_IR-b28e16a397b8722f99fae785b95a4478.json
[2025-03-12 21:24:37] [INFO] Skipping excluded file: C:\Users\Chris\cFish.io\wp-content\plugins\gutenberg\gutenberg-fa_IR-b28e16a397b8722f99fae785b95a4478.json
[2025-03-12 21:24:37] [INFO] Converting JSON to MD: C:\Users\Chris\cFish.io\wp-content\plugins\gutenberg\gutenberg-fa_IR-ba39bebc48939c14ec581e7cf44bb27a.json
[2025-03-12 21:24:37] [INFO] Skipping excluded file: C:\Users\Chris\cFish.io\wp-content\plugins\gutenberg\gutenberg-fa_IR-ba39bebc48939c14ec581e7cf44bb27a.json
[2025-03-12 21:24:38] [INFO] Converting JSON to MD: C:\Users\Chris\cFish.io\wp-content\plugins\gutenberg\gutenberg-fa_IR-bd25c177bb43e960435d8bf33c14f6d3.json
[2025-03-12 21:24:38] [INFO] Skipping excluded file: C:\Users\Chris\cFish.io\wp-content\plugins\gutenberg\gutenberg-fa_IR-bd25c177bb43e960435d8bf33c14f6d3.json
[2025-03-12 21:24:38] [INFO] Converting JSON to MD: C:\Users\Chris\cFish.io\wp-content\plugins\gutenberg\gutenberg-fa_IR-c4c26f565695d6a88d0e7ab2e54949c3.json
[2025-03-12 21:24:38] [INFO] Skipping excluded file: C:\Users\Chris\cFish.io\wp-content\plugins\gutenberg\gutenberg-fa_IR-c4c26f565695d6a88d0e7ab2e54949c3.json
[2025-03-12 21:24:38] [INFO] Converting JSON to MD: C:\Users\Chris\cFish.io\wp-content\plugins\gutenberg\gutenberg-fa_IR-cc0ae1a9d2f54754d6de5eabbcb89f5b.json
[2025-03-12 21:24:38] [INFO] Skipping excluded file: C:\Users\Chris\cFish.io\wp-content\plugins\gutenberg\gutenberg-fa_IR-cc0ae1a9d2f54754d6de5eabbcb89f5b.json
[2025-03-12 21:24:38] [INFO] Converting JSON to MD: C:\Users\Chris\cFish.io\wp-content\plugins\gutenberg\gutenberg-fa_IR-d4accdff3b7b226dad1f5f72ccee5bae.json
[2025-03-12 21:24:38] [INFO] Skipping excluded file: C:\Users\Chris\cFish.io\wp-content\plugins\gutenberg\gutenberg-fa_IR-d4accdff3b7b226dad1f5f72ccee5bae.json
[2025-03-12 21:24:38] [INFO] Converting JSON to MD: C:\Users\Chris\cFish.io\wp-content\plugins\gutenberg\gutenberg-fa_IR-d83116db7e3459d9c9a90cae3216278f.json
[2025-03-12 21:24:38] [INFO] Skipping excluded file: C:\Users\Chris\cFish.io\wp-content\plugins\gutenberg\gutenberg-fa_IR-d83116db7e3459d9c9a90cae3216278f.json
[2025-03-12 21:24:38] [INFO] Converting JSON to MD: C:\Users\Chris\cFish.io\wp-content\plugins\gutenberg\gutenberg-fa_IR-e5d3200f2f39097aa25c45c0f7243af8.json
[2025-03-12 21:24:38] [INFO] Skipping excluded file: C:\Users\Chris\cFish.io\wp-content\plugins\gutenberg\gutenberg-fa_IR-e5d3200f2f39097aa25c45c0f7243af8.json
[2025-03-12 21:24:38] [INFO] Converting JSON to MD: C:\Users\Chris\cFish.io\wp-content\plugins\gutenberg\gutenberg-fa_IR-e7b6005012912540099a002617fcee91.json
[2025-03-12 21:24:38] [INFO] Skipping excluded file: C:\Users\Chris\cFish.io\wp-content\plugins\gutenberg\gutenberg-fa_IR-e7b6005012912540099a002617fcee91.json
[2025-03-12 21:24:38] [INFO] Converting JSON to MD: C:\Users\Chris\cFish.io\wp-content\plugins\gutenberg\gutenberg-fa_IR-f39744326030f4f787227808e504b523.json
[2025-03-12 21:24:38] [INFO] Skipping excluded file: C:\Users\Chris\cFish.io\wp-content\plugins\gutenberg\gutenberg-fa_IR-f39744326030f4f787227808e504b523.json
[2025-03-12 21:24:38] [INFO] Converting JSON to MD: C:\Users\Chris\cFish.io\wp-content\plugins\gutenberg\gutenberg-fr_FR-04418208c292b36bc4a3469b3ffc3d41.json
[2025-03-12 21:24:38] [INFO] Skipping excluded file: C:\Users\Chris\cFish.io\wp-content\plugins\gutenberg\gutenberg-fr_FR-04418208c292b36bc4a3469b3ffc3d41.json
[2025-03-12 21:24:39] [INFO] Converting JSON to MD: C:\Users\Chris\cFish.io\wp-content\plugins\gutenberg\gutenberg-fr_FR-07d88e6a803e01276b9bfcc1203e862e.json
[2025-03-12 21:24:39] [INFO] Skipping excluded file: C:\Users\Chris\cFish.io\wp-content\plugins\gutenberg\gutenberg-fr_FR-07d88e6a803e01276b9bfcc1203e862e.json
[2025-03-12 21:24:39] [INFO] Converting JSON to MD: C:\Users\Chris\cFish.io\wp-content\plugins\gutenberg\gutenberg-fr_FR-07ef134978802e52988301e5564a124c.json
[2025-03-12 21:24:39] [INFO] Skipping excluded file: C:\Users\Chris\cFish.io\wp-content\plugins\gutenberg\gutenberg-fr_FR-07ef134978802e52988301e5564a124c.json
[2025-03-12 21:24:39] [INFO] Converting JSON to MD: C:\Users\Chris\cFish.io\wp-content\plugins\gutenberg\gutenberg-fr_FR-17d863d02d419d257cce84f2a9934b91.json
[2025-03-12 21:24:39] [INFO] Skipping excluded file: C:\Users\Chris\cFish.io\wp-content\plugins\gutenberg\gutenberg-fr_FR-17d863d02d419d257cce84f2a9934b91.json
[2025-03-12 21:24:39] [INFO] Converting JSON to MD: C:\Users\Chris\cFish.io\wp-content\plugins\gutenberg\gutenberg-fr_FR-195c2ee33af3438dc681885037a9dd77.json
[2025-03-12 21:24:39] [INFO] Skipping excluded file: C:\Users\Chris\cFish.io\wp-content\plugins\gutenberg\gutenberg-fr_FR-195c2ee33af3438dc681885037a9dd77.json
[2025-03-12 21:24:39] [INFO] Converting JSON to MD: C:\Users\Chris\cFish.io\wp-content\plugins\gutenberg\gutenberg-fr_FR-22103b0fceb70bf4f3ed789172c4cc4e.json
[2025-03-12 21:24:39] [INFO] Skipping excluded file: C:\Users\Chris\cFish.io\wp-content\plugins\gutenberg\gutenberg-fr_FR-22103b0fceb70bf4f3ed789172c4cc4e.json
[2025-03-12 21:24:39] [INFO] Converting JSON to MD: C:\Users\Chris\cFish.io\wp-content\plugins\gutenberg\gutenberg-fr_FR-2db29b02b406fc710377e5966a268a5b.json
[2025-03-12 21:24:39] [INFO] Skipping excluded file: C:\Users\Chris\cFish.io\wp-content\plugins\gutenberg\gutenberg-fr_FR-2db29b02b406fc710377e5966a268a5b.json
[2025-03-12 21:24:39] [INFO] Converting JSON to MD: C:\Users\Chris\cFish.io\wp-content\plugins\gutenberg\gutenberg-fr_FR-2ecc15db55b460a0c1c65371b1c7144e.json
[2025-03-12 21:24:39] [INFO] Skipping excluded file: C:\Users\Chris\cFish.io\wp-content\plugins\gutenberg\gutenberg-fr_FR-2ecc15db55b460a0c1c65371b1c7144e.json
[2025-03-12 21:24:39] [INFO] Converting JSON to MD: C:\Users\Chris\cFish.io\wp-content\plugins\gutenberg\gutenberg-fr_FR-562b384b5ba625d9c67b6a487da0fb82.json
[2025-03-12 21:24:39] [INFO] Skipping excluded file: C:\Users\Chris\cFish.io\wp-content\plugins\gutenberg\gutenberg-fr_FR-562b384b5ba625d9c67b6a487da0fb82.json
[2025-03-12 21:24:40] [INFO] Converting JSON to MD: C:\Users\Chris\cFish.io\wp-content\plugins\gutenberg\gutenberg-fr_FR-57ca266aaa51c0865f9b606c3b122edf.json
[2025-03-12 21:24:40] [INFO] Skipping excluded file: C:\Users\Chris\cFish.io\wp-content\plugins\gutenberg\gutenberg-fr_FR-57ca266aaa51c0865f9b606c3b122edf.json
[2025-03-12 21:24:40] [INFO] Converting JSON to MD: C:\Users\Chris\cFish.io\wp-content\plugins\gutenberg\gutenberg-fr_FR-5a39926d0d16d0b7e0231768f706d685.json
[2025-03-12 21:24:40] [INFO] Skipping excluded file: C:\Users\Chris\cFish.io\wp-content\plugins\gutenberg\gutenberg-fr_FR-5a39926d0d16d0b7e0231768f706d685.json
[2025-03-12 21:24:40] [INFO] Converting JSON to MD: C:\Users\Chris\cFish.io\wp-content\plugins\gutenberg\gutenberg-fr_FR-5b24ba153c5b34da32d79d6bf83c42fd.json
[2025-03-12 21:24:40] [INFO] Skipping excluded file: C:\Users\Chris\cFish.io\wp-content\plugins\gutenberg\gutenberg-fr_FR-5b24ba153c5b34da32d79d6bf83c42fd.json
[2025-03-12 21:24:40] [INFO] Converting JSON to MD: C:\Users\Chris\cFish.io\wp-content\plugins\gutenberg\gutenberg-fr_FR-5b6fdbd8b6d8e74e269a71b5e2a640ae.json
[2025-03-12 21:24:40] [INFO] Skipping excluded file: C:\Users\Chris\cFish.io\wp-content\plugins\gutenberg\gutenberg-fr_FR-5b6fdbd8b6d8e74e269a71b5e2a640ae.json
[2025-03-12 21:24:40] [INFO] Converting JSON to MD: C:\Users\Chris\cFish.io\wp-content\plugins\gutenberg\gutenberg-fr_FR-664bd2d849a376fcdd35ecc175c8077e.json
[2025-03-12 21:24:40] [INFO] Skipping excluded file: C:\Users\Chris\cFish.io\wp-content\plugins\gutenberg\gutenberg-fr_FR-664bd2d849a376fcdd35ecc175c8077e.json
[2025-03-12 21:24:40] [INFO] Converting JSON to MD: C:\Users\Chris\cFish.io\wp-content\plugins\gutenberg\gutenberg-fr_FR-669341f094c411cfc73de2f3b74475cd.json
[2025-03-12 21:24:40] [INFO] Skipping excluded file: C:\Users\Chris\cFish.io\wp-content\plugins\gutenberg\gutenberg-fr_FR-669341f094c411cfc73de2f3b74475cd.json
[2025-03-12 21:24:40] [INFO] Converting JSON to MD: C:\Users\Chris\cFish.io\wp-content\plugins\gutenberg\gutenberg-fr_FR-6da18768062abe6e705a5ac7876b5642.json
[2025-03-12 21:24:40] [INFO] Skipping excluded file: C:\Users\Chris\cFish.io\wp-content\plugins\gutenberg\gutenberg-fr_FR-6da18768062abe6e705a5ac7876b5642.json
[2025-03-12 21:24:40] [INFO] Converting JSON to MD: C:\Users\Chris\cFish.io\wp-content\plugins\gutenberg\gutenberg-fr_FR-84a7625187e218b518298469e531382d.json
[2025-03-12 21:24:40] [INFO] Skipping excluded file: C:\Users\Chris\cFish.io\wp-content\plugins\gutenberg\gutenberg-fr_FR-84a7625187e218b518298469e531382d.json
[2025-03-12 21:24:40] [INFO] Converting JSON to MD: C:\Users\Chris\cFish.io\wp-content\plugins\gutenberg\gutenberg-fr_FR-89337192c82f6ec91cfe1bb3aafe66b2.json
[2025-03-12 21:24:40] [INFO] Skipping excluded file: C:\Users\Chris\cFish.io\wp-content\plugins\gutenberg\gutenberg-fr_FR-89337192c82f6ec91cfe1bb3aafe66b2.json
[2025-03-12 21:24:41] [INFO] Converting JSON to MD: C:\Users\Chris\cFish.io\wp-content\plugins\gutenberg\gutenberg-fr_FR-8dd62110e8ea51d13ad3f5c26b723f2f.json
[2025-03-12 21:24:41] [INFO] Skipping excluded file: C:\Users\Chris\cFish.io\wp-content\plugins\gutenberg\gutenberg-fr_FR-8dd62110e8ea51d13ad3f5c26b723f2f.json
[2025-03-12 21:24:41] [INFO] Converting JSON to MD: C:\Users\Chris\cFish.io\wp-content\plugins\gutenberg\gutenberg-fr_FR-b28e16a397b8722f99fae785b95a4478.json
[2025-03-12 21:24:41] [INFO] Skipping excluded file: C:\Users\Chris\cFish.io\wp-content\plugins\gutenberg\gutenberg-fr_FR-b28e16a397b8722f99fae785b95a4478.json
[2025-03-12 21:24:41] [INFO] Converting JSON to MD: C:\Users\Chris\cFish.io\wp-content\plugins\gutenberg\gutenberg-fr_FR-ba39bebc48939c14ec581e7cf44bb27a.json
[2025-03-12 21:24:41] [INFO] Skipping excluded file: C:\Users\Chris\cFish.io\wp-content\plugins\gutenberg\gutenberg-fr_FR-ba39bebc48939c14ec581e7cf44bb27a.json
[2025-03-12 21:24:41] [INFO] Converting JSON to MD: C:\Users\Chris\cFish.io\wp-content\plugins\gutenberg\gutenberg-fr_FR-bd25c177bb43e960435d8bf33c14f6d3.json
[2025-03-12 21:24:41] [INFO] Skipping excluded file: C:\Users\Chris\cFish.io\wp-content\plugins\gutenberg\gutenberg-fr_FR-bd25c177bb43e960435d8bf33c14f6d3.json
[2025-03-12 21:24:41] [INFO] Converting JSON to MD: C:\Users\Chris\cFish.io\wp-content\plugins\gutenberg\gutenberg-fr_FR-c4c26f565695d6a88d0e7ab2e54949c3.json
[2025-03-12 21:24:41] [INFO] Skipping excluded file: C:\Users\Chris\cFish.io\wp-content\plugins\gutenberg\gutenberg-fr_FR-c4c26f565695d6a88d0e7ab2e54949c3.json
[2025-03-12 21:24:41] [INFO] Converting JSON to MD: C:\Users\Chris\cFish.io\wp-content\plugins\gutenberg\gutenberg-fr_FR-cc0ae1a9d2f54754d6de5eabbcb89f5b.json
[2025-03-12 21:24:41] [INFO] Skipping excluded file: C:\Users\Chris\cFish.io\wp-content\plugins\gutenberg\gutenberg-fr_FR-cc0ae1a9d2f54754d6de5eabbcb89f5b.json
[2025-03-12 21:24:41] [INFO] Converting JSON to MD: C:\Users\Chris\cFish.io\wp-content\plugins\gutenberg\gutenberg-fr_FR-d4accdff3b7b226dad1f5f72ccee5bae.json
[2025-03-12 21:24:41] [INFO] Skipping excluded file: C:\Users\Chris\cFish.io\wp-content\plugins\gutenberg\gutenberg-fr_FR-d4accdff3b7b226dad1f5f72ccee5bae.json
[2025-03-12 21:24:41] [INFO] Converting JSON to MD: C:\Users\Chris\cFish.io\wp-content\plugins\gutenberg\gutenberg-fr_FR-d83116db7e3459d9c9a90cae3216278f.json
[2025-03-12 21:24:41] [INFO] Skipping excluded file: C:\Users\Chris\cFish.io\wp-content\plugins\gutenberg\gutenberg-fr_FR-d83116db7e3459d9c9a90cae3216278f.json
[2025-03-12 21:24:42] [INFO] Converting JSON to MD: C:\Users\Chris\cFish.io\wp-content\plugins\gutenberg\gutenberg-fr_FR-e5d3200f2f39097aa25c45c0f7243af8.json
[2025-03-12 21:24:42] [INFO] Skipping excluded file: C:\Users\Chris\cFish.io\wp-content\plugins\gutenberg\gutenberg-fr_FR-e5d3200f2f39097aa25c45c0f7243af8.json
[2025-03-12 21:24:42] [INFO] Converting JSON to MD: C:\Users\Chris\cFish.io\wp-content\plugins\gutenberg\gutenberg-fr_FR-e7b6005012912540099a002617fcee91.json
[2025-03-12 21:24:42] [INFO] Skipping excluded file: C:\Users\Chris\cFish.io\wp-content\plugins\gutenberg\gutenberg-fr_FR-e7b6005012912540099a002617fcee91.json
[2025-03-12 21:24:42] [INFO] Converting JSON to MD: C:\Users\Chris\cFish.io\wp-content\plugins\gutenberg\gutenberg-fr_FR-f39744326030f4f787227808e504b523.json
[2025-03-12 21:24:42] [INFO] Skipping excluded file: C:\Users\Chris\cFish.io\wp-content\plugins\gutenberg\gutenberg-fr_FR-f39744326030f4f787227808e504b523.json
[2025-03-12 21:24:42] [INFO] Converting JSON to MD: C:\Users\Chris\cFish.io\wp-content\plugins\gutenberg\gutenberg-gl_ES-04418208c292b36bc4a3469b3ffc3d41.json
[2025-03-12 21:24:42] [INFO] Skipping excluded file: C:\Users\Chris\cFish.io\wp-content\plugins\gutenberg\gutenberg-gl_ES-04418208c292b36bc4a3469b3ffc3d41.json
[2025-03-12 21:24:42] [INFO] Converting JSON to MD: C:\Users\Chris\cFish.io\wp-content\plugins\gutenberg\gutenberg-gl_ES-07d88e6a803e01276b9bfcc1203e862e.json
[2025-03-12 21:24:42] [INFO] Skipping excluded file: C:\Users\Chris\cFish.io\wp-content\plugins\gutenberg\gutenberg-gl_ES-07d88e6a803e01276b9bfcc1203e862e.json
[2025-03-12 21:24:42] [INFO] Converting JSON to MD: C:\Users\Chris\cFish.io\wp-content\plugins\gutenberg\gutenberg-gl_ES-07ef134978802e52988301e5564a124c.json
[2025-03-12 21:24:42] [INFO] Skipping excluded file: C:\Users\Chris\cFish.io\wp-content\plugins\gutenberg\gutenberg-gl_ES-07ef134978802e52988301e5564a124c.json
[2025-03-12 21:24:42] [INFO] Converting JSON to MD: C:\Users\Chris\cFish.io\wp-content\plugins\gutenberg\gutenberg-gl_ES-17d863d02d419d257cce84f2a9934b91.json
[2025-03-12 21:24:42] [INFO] Skipping excluded file: C:\Users\Chris\cFish.io\wp-content\plugins\gutenberg\gutenberg-gl_ES-17d863d02d419d257cce84f2a9934b91.json
[2025-03-12 21:24:42] [INFO] Converting JSON to MD: C:\Users\Chris\cFish.io\wp-content\plugins\gutenberg\gutenberg-gl_ES-195c2ee33af3438dc681885037a9dd77.json
[2025-03-12 21:24:42] [INFO] Skipping excluded file: C:\Users\Chris\cFish.io\wp-content\plugins\gutenberg\gutenberg-gl_ES-195c2ee33af3438dc681885037a9dd77.json
[2025-03-12 21:24:42] [INFO] Converting JSON to MD: C:\Users\Chris\cFish.io\wp-content\plugins\gutenberg\gutenberg-gl_ES-22103b0fceb70bf4f3ed789172c4cc4e.json
[2025-03-12 21:24:42] [INFO] Skipping excluded file: C:\Users\Chris\cFish.io\wp-content\plugins\gutenberg\gutenberg-gl_ES-22103b0fceb70bf4f3ed789172c4cc4e.json
[2025-03-12 21:24:43] [INFO] Converting JSON to MD: C:\Users\Chris\cFish.io\wp-content\plugins\gutenberg\gutenberg-gl_ES-2db29b02b406fc710377e5966a268a5b.json
[2025-03-12 21:24:43] [INFO] Skipping excluded file: C:\Users\Chris\cFish.io\wp-content\plugins\gutenberg\gutenberg-gl_ES-2db29b02b406fc710377e5966a268a5b.json
[2025-03-12 21:24:43] [INFO] Converting JSON to MD: C:\Users\Chris\cFish.io\wp-content\plugins\gutenberg\gutenberg-gl_ES-2ecc15db55b460a0c1c65371b1c7144e.json
[2025-03-12 21:24:43] [INFO] Skipping excluded file: C:\Users\Chris\cFish.io\wp-content\plugins\gutenberg\gutenberg-gl_ES-2ecc15db55b460a0c1c65371b1c7144e.json
[2025-03-12 21:24:43] [INFO] Converting JSON to MD: C:\Users\Chris\cFish.io\wp-content\plugins\gutenberg\gutenberg-gl_ES-562b384b5ba625d9c67b6a487da0fb82.json
[2025-03-12 21:24:43] [INFO] Skipping excluded file: C:\Users\Chris\cFish.io\wp-content\plugins\gutenberg\gutenberg-gl_ES-562b384b5ba625d9c67b6a487da0fb82.json
[2025-03-12 21:24:43] [INFO] Converting JSON to MD: C:\Users\Chris\cFish.io\wp-content\plugins\gutenberg\gutenberg-gl_ES-57ca266aaa51c0865f9b606c3b122edf.json
[2025-03-12 21:24:43] [INFO] Skipping excluded file: C:\Users\Chris\cFish.io\wp-content\plugins\gutenberg\gutenberg-gl_ES-57ca266aaa51c0865f9b606c3b122edf.json
[2025-03-12 21:24:43] [INFO] Converting JSON to MD: C:\Users\Chris\cFish.io\wp-content\plugins\gutenberg\gutenberg-gl_ES-5a39926d0d16d0b7e0231768f706d685.json
[2025-03-12 21:24:43] [INFO] Skipping excluded file: C:\Users\Chris\cFish.io\wp-content\plugins\gutenberg\gutenberg-gl_ES-5a39926d0d16d0b7e0231768f706d685.json
[2025-03-12 21:24:43] [INFO] Converting JSON to MD: C:\Users\Chris\cFish.io\wp-content\plugins\gutenberg\gutenberg-gl_ES-5b24ba153c5b34da32d79d6bf83c42fd.json
[2025-03-12 21:24:43] [INFO] Skipping excluded file: C:\Users\Chris\cFish.io\wp-content\plugins\gutenberg\gutenberg-gl_ES-5b24ba153c5b34da32d79d6bf83c42fd.json
[2025-03-12 21:24:43] [INFO] Converting JSON to MD: C:\Users\Chris\cFish.io\wp-content\plugins\gutenberg\gutenberg-gl_ES-5b6fdbd8b6d8e74e269a71b5e2a640ae.json
[2025-03-12 21:24:43] [INFO] Skipping excluded file: C:\Users\Chris\cFish.io\wp-content\plugins\gutenberg\gutenberg-gl_ES-5b6fdbd8b6d8e74e269a71b5e2a640ae.json
[2025-03-12 21:24:43] [INFO] Converting JSON to MD: C:\Users\Chris\cFish.io\wp-content\plugins\gutenberg\gutenberg-gl_ES-664bd2d849a376fcdd35ecc175c8077e.json
[2025-03-12 21:24:43] [INFO] Skipping excluded file: C:\Users\Chris\cFish.io\wp-content\plugins\gutenberg\gutenberg-gl_ES-664bd2d849a376fcdd35ecc175c8077e.json
[2025-03-12 21:24:43] [INFO] Converting JSON to MD: C:\Users\Chris\cFish.io\wp-content\plugins\gutenberg\gutenberg-gl_ES-669341f094c411cfc73de2f3b74475cd.json
[2025-03-12 21:24:43] [INFO] Skipping excluded file: C:\Users\Chris\cFish.io\wp-content\plugins\gutenberg\gutenberg-gl_ES-669341f094c411cfc73de2f3b74475cd.json
[2025-03-12 21:24:44] [INFO] Converting JSON to MD: C:\Users\Chris\cFish.io\wp-content\plugins\gutenberg\gutenberg-gl_ES-6da18768062abe6e705a5ac7876b5642.json
[2025-03-12 21:24:44] [INFO] Skipping excluded file: C:\Users\Chris\cFish.io\wp-content\plugins\gutenberg\gutenberg-gl_ES-6da18768062abe6e705a5ac7876b5642.json
[2025-03-12 21:24:44] [INFO] Converting JSON to MD: C:\Users\Chris\cFish.io\wp-content\plugins\gutenberg\gutenberg-gl_ES-84a7625187e218b518298469e531382d.json
[2025-03-12 21:24:44] [INFO] Skipping excluded file: C:\Users\Chris\cFish.io\wp-content\plugins\gutenberg\gutenberg-gl_ES-84a7625187e218b518298469e531382d.json
[2025-03-12 21:24:44] [INFO] Converting JSON to MD: C:\Users\Chris\cFish.io\wp-content\plugins\gutenberg\gutenberg-gl_ES-89337192c82f6ec91cfe1bb3aafe66b2.json
[2025-03-12 21:24:44] [INFO] Skipping excluded file: C:\Users\Chris\cFish.io\wp-content\plugins\gutenberg\gutenberg-gl_ES-89337192c82f6ec91cfe1bb3aafe66b2.json
[2025-03-12 21:24:44] [INFO] Converting JSON to MD: C:\Users\Chris\cFish.io\wp-content\plugins\gutenberg\gutenberg-gl_ES-8dd62110e8ea51d13ad3f5c26b723f2f.json
[2025-03-12 21:24:44] [INFO] Skipping excluded file: C:\Users\Chris\cFish.io\wp-content\plugins\gutenberg\gutenberg-gl_ES-8dd62110e8ea51d13ad3f5c26b723f2f.json
[2025-03-12 21:24:44] [INFO] Converting JSON to MD: C:\Users\Chris\cFish.io\wp-content\plugins\gutenberg\gutenberg-gl_ES-b28e16a397b8722f99fae785b95a4478.json
[2025-03-12 21:24:44] [INFO] Skipping excluded file: C:\Users\Chris\cFish.io\wp-content\plugins\gutenberg\gutenberg-gl_ES-b28e16a397b8722f99fae785b95a4478.json
[2025-03-12 21:24:44] [INFO] Converting JSON to MD: C:\Users\Chris\cFish.io\wp-content\plugins\gutenberg\gutenberg-gl_ES-ba39bebc48939c14ec581e7cf44bb27a.json
[2025-03-12 21:24:44] [INFO] Skipping excluded file: C:\Users\Chris\cFish.io\wp-content\plugins\gutenberg\gutenberg-gl_ES-ba39bebc48939c14ec581e7cf44bb27a.json
[2025-03-12 21:24:44] [INFO] Converting JSON to MD: C:\Users\Chris\cFish.io\wp-content\plugins\gutenberg\gutenberg-gl_ES-bd25c177bb43e960435d8bf33c14f6d3.json
[2025-03-12 21:24:44] [INFO] Skipping excluded file: C:\Users\Chris\cFish.io\wp-content\plugins\gutenberg\gutenberg-gl_ES-bd25c177bb43e960435d8bf33c14f6d3.json
[2025-03-12 21:24:44] [INFO] Converting JSON to MD: C:\Users\Chris\cFish.io\wp-content\plugins\gutenberg\gutenberg-gl_ES-c4c26f565695d6a88d0e7ab2e54949c3.json
[2025-03-12 21:24:44] [INFO] Skipping excluded file: C:\Users\Chris\cFish.io\wp-content\plugins\gutenberg\gutenberg-gl_ES-c4c26f565695d6a88d0e7ab2e54949c3.json
[2025-03-12 21:24:45] [INFO] Converting JSON to MD: C:\Users\Chris\cFish.io\wp-content\plugins\gutenberg\gutenberg-gl_ES-cc0ae1a9d2f54754d6de5eabbcb89f5b.json
[2025-03-12 21:24:45] [INFO] Skipping excluded file: C:\Users\Chris\cFish.io\wp-content\plugins\gutenberg\gutenberg-gl_ES-cc0ae1a9d2f54754d6de5eabbcb89f5b.json
[2025-03-12 21:24:45] [INFO] Converting JSON to MD: C:\Users\Chris\cFish.io\wp-content\plugins\gutenberg\gutenberg-gl_ES-d4accdff3b7b226dad1f5f72ccee5bae.json
[2025-03-12 21:24:45] [INFO] Skipping excluded file: C:\Users\Chris\cFish.io\wp-content\plugins\gutenberg\gutenberg-gl_ES-d4accdff3b7b226dad1f5f72ccee5bae.json
[2025-03-12 21:24:45] [INFO] Converting JSON to MD: C:\Users\Chris\cFish.io\wp-content\plugins\gutenberg\gutenberg-gl_ES-d83116db7e3459d9c9a90cae3216278f.json
[2025-03-12 21:24:45] [INFO] Skipping excluded file: C:\Users\Chris\cFish.io\wp-content\plugins\gutenberg\gutenberg-gl_ES-d83116db7e3459d9c9a90cae3216278f.json
[2025-03-12 21:24:45] [INFO] Converting JSON to MD: C:\Users\Chris\cFish.io\wp-content\plugins\gutenberg\gutenberg-gl_ES-e5d3200f2f39097aa25c45c0f7243af8.json
[2025-03-12 21:24:45] [INFO] Skipping excluded file: C:\Users\Chris\cFish.io\wp-content\plugins\gutenberg\gutenberg-gl_ES-e5d3200f2f39097aa25c45c0f7243af8.json
[2025-03-12 21:24:45] [INFO] Converting JSON to MD: C:\Users\Chris\cFish.io\wp-content\plugins\gutenberg\gutenberg-gl_ES-e7b6005012912540099a002617fcee91.json
[2025-03-12 21:24:45] [INFO] Skipping excluded file: C:\Users\Chris\cFish.io\wp-content\plugins\gutenberg\gutenberg-gl_ES-e7b6005012912540099a002617fcee91.json
[2025-03-12 21:24:45] [INFO] Converting JSON to MD: C:\Users\Chris\cFish.io\wp-content\plugins\gutenberg\gutenberg-gl_ES-f39744326030f4f787227808e504b523.json
[2025-03-12 21:24:45] [INFO] Skipping excluded file: C:\Users\Chris\cFish.io\wp-content\plugins\gutenberg\gutenberg-gl_ES-f39744326030f4f787227808e504b523.json
[2025-03-12 21:24:45] [INFO] Converting JSON to MD: C:\Users\Chris\cFish.io\wp-content\plugins\gutenberg\gutenberg-he_IL-04418208c292b36bc4a3469b3ffc3d41.json
[2025-03-12 21:24:45] [INFO] Skipping excluded file: C:\Users\Chris\cFish.io\wp-content\plugins\gutenberg\gutenberg-he_IL-04418208c292b36bc4a3469b3ffc3d41.json
[2025-03-12 21:24:45] [INFO] Converting JSON to MD: C:\Users\Chris\cFish.io\wp-content\plugins\gutenberg\gutenberg-he_IL-07d88e6a803e01276b9bfcc1203e862e.json
[2025-03-12 21:24:45] [INFO] Skipping excluded file: C:\Users\Chris\cFish.io\wp-content\plugins\gutenberg\gutenberg-he_IL-07d88e6a803e01276b9bfcc1203e862e.json
[2025-03-12 21:24:45] [INFO] Converting JSON to MD: C:\Users\Chris\cFish.io\wp-content\plugins\gutenberg\gutenberg-he_IL-07ef134978802e52988301e5564a124c.json
[2025-03-12 21:24:45] [INFO] Skipping excluded file: C:\Users\Chris\cFish.io\wp-content\plugins\gutenberg\gutenberg-he_IL-07ef134978802e52988301e5564a124c.json
[2025-03-12 21:24:46] [INFO] Converting JSON to MD: C:\Users\Chris\cFish.io\wp-content\plugins\gutenberg\gutenberg-he_IL-17d863d02d419d257cce84f2a9934b91.json
[2025-03-12 21:24:46] [INFO] Skipping excluded file: C:\Users\Chris\cFish.io\wp-content\plugins\gutenberg\gutenberg-he_IL-17d863d02d419d257cce84f2a9934b91.json
[2025-03-12 21:24:46] [INFO] Converting JSON to MD: C:\Users\Chris\cFish.io\wp-content\plugins\gutenberg\gutenberg-he_IL-195c2ee33af3438dc681885037a9dd77.json
[2025-03-12 21:24:46] [INFO] Skipping excluded file: C:\Users\Chris\cFish.io\wp-content\plugins\gutenberg\gutenberg-he_IL-195c2ee33af3438dc681885037a9dd77.json
[2025-03-12 21:24:46] [INFO] Converting JSON to MD: C:\Users\Chris\cFish.io\wp-content\plugins\gutenberg\gutenberg-he_IL-2db29b02b406fc710377e5966a268a5b.json
[2025-03-12 21:24:46] [INFO] Skipping excluded file: C:\Users\Chris\cFish.io\wp-content\plugins\gutenberg\gutenberg-he_IL-2db29b02b406fc710377e5966a268a5b.json
[2025-03-12 21:24:46] [INFO] Converting JSON to MD: C:\Users\Chris\cFish.io\wp-content\plugins\gutenberg\gutenberg-he_IL-2ecc15db55b460a0c1c65371b1c7144e.json
[2025-03-12 21:24:46] [INFO] Skipping excluded file: C:\Users\Chris\cFish.io\wp-content\plugins\gutenberg\gutenberg-he_IL-2ecc15db55b460a0c1c65371b1c7144e.json
[2025-03-12 21:24:46] [INFO] Converting JSON to MD: C:\Users\Chris\cFish.io\wp-content\plugins\gutenberg\gutenberg-he_IL-562b384b5ba625d9c67b6a487da0fb82.json
[2025-03-12 21:24:46] [INFO] Skipping excluded file: C:\Users\Chris\cFish.io\wp-content\plugins\gutenberg\gutenberg-he_IL-562b384b5ba625d9c67b6a487da0fb82.json
[2025-03-12 21:24:46] [INFO] Converting JSON to MD: C:\Users\Chris\cFish.io\wp-content\plugins\gutenberg\gutenberg-he_IL-57ca266aaa51c0865f9b606c3b122edf.json
[2025-03-12 21:24:46] [INFO] Skipping excluded file: C:\Users\Chris\cFish.io\wp-content\plugins\gutenberg\gutenberg-he_IL-57ca266aaa51c0865f9b606c3b122edf.json
[2025-03-12 21:24:46] [INFO] Converting JSON to MD: C:\Users\Chris\cFish.io\wp-content\plugins\gutenberg\gutenberg-he_IL-5a39926d0d16d0b7e0231768f706d685.json
[2025-03-12 21:24:46] [INFO] Skipping excluded file: C:\Users\Chris\cFish.io\wp-content\plugins\gutenberg\gutenberg-he_IL-5a39926d0d16d0b7e0231768f706d685.json
[2025-03-12 21:24:46] [INFO] Converting JSON to MD: C:\Users\Chris\cFish.io\wp-content\plugins\gutenberg\gutenberg-he_IL-5b24ba153c5b34da32d79d6bf83c42fd.json
[2025-03-12 21:24:46] [INFO] Skipping excluded file: C:\Users\Chris\cFish.io\wp-content\plugins\gutenberg\gutenberg-he_IL-5b24ba153c5b34da32d79d6bf83c42fd.json
[2025-03-12 21:24:46] [INFO] Converting JSON to MD: C:\Users\Chris\cFish.io\wp-content\plugins\gutenberg\gutenberg-he_IL-5b6fdbd8b6d8e74e269a71b5e2a640ae.json
[2025-03-12 21:24:46] [INFO] Skipping excluded file: C:\Users\Chris\cFish.io\wp-content\plugins\gutenberg\gutenberg-he_IL-5b6fdbd8b6d8e74e269a71b5e2a640ae.json
[2025-03-12 21:24:47] [INFO] Converting JSON to MD: C:\Users\Chris\cFish.io\wp-content\plugins\gutenberg\gutenberg-he_IL-664bd2d849a376fcdd35ecc175c8077e.json
[2025-03-12 21:24:47] [INFO] Skipping excluded file: C:\Users\Chris\cFish.io\wp-content\plugins\gutenberg\gutenberg-he_IL-664bd2d849a376fcdd35ecc175c8077e.json
[2025-03-12 21:24:47] [INFO] Converting JSON to MD: C:\Users\Chris\cFish.io\wp-content\plugins\gutenberg\gutenberg-he_IL-669341f094c411cfc73de2f3b74475cd.json
[2025-03-12 21:24:47] [INFO] Skipping excluded file: C:\Users\Chris\cFish.io\wp-content\plugins\gutenberg\gutenberg-he_IL-669341f094c411cfc73de2f3b74475cd.json
[2025-03-12 21:24:47] [INFO] Converting JSON to MD: C:\Users\Chris\cFish.io\wp-content\plugins\gutenberg\gutenberg-he_IL-6da18768062abe6e705a5ac7876b5642.json
[2025-03-12 21:24:47] [INFO] Skipping excluded file: C:\Users\Chris\cFish.io\wp-content\plugins\gutenberg\gutenberg-he_IL-6da18768062abe6e705a5ac7876b5642.json
[2025-03-12 21:24:47] [INFO] Converting JSON to MD: C:\Users\Chris\cFish.io\wp-content\plugins\gutenberg\gutenberg-he_IL-84a7625187e218b518298469e531382d.json
[2025-03-12 21:24:47] [INFO] Skipping excluded file: C:\Users\Chris\cFish.io\wp-content\plugins\gutenberg\gutenberg-he_IL-84a7625187e218b518298469e531382d.json
[2025-03-12 21:24:47] [INFO] Converting JSON to MD: C:\Users\Chris\cFish.io\wp-content\plugins\gutenberg\gutenberg-he_IL-89337192c82f6ec91cfe1bb3aafe66b2.json
[2025-03-12 21:24:47] [INFO] Skipping excluded file: C:\Users\Chris\cFish.io\wp-content\plugins\gutenberg\gutenberg-he_IL-89337192c82f6ec91cfe1bb3aafe66b2.json
[2025-03-12 21:24:47] [INFO] Converting JSON to MD: C:\Users\Chris\cFish.io\wp-content\plugins\gutenberg\gutenberg-he_IL-b28e16a397b8722f99fae785b95a4478.json
[2025-03-12 21:24:47] [INFO] Skipping excluded file: C:\Users\Chris\cFish.io\wp-content\plugins\gutenberg\gutenberg-he_IL-b28e16a397b8722f99fae785b95a4478.json
[2025-03-12 21:24:47] [INFO] Converting JSON to MD: C:\Users\Chris\cFish.io\wp-content\plugins\gutenberg\gutenberg-he_IL-ba39bebc48939c14ec581e7cf44bb27a.json
[2025-03-12 21:24:47] [INFO] Skipping excluded file: C:\Users\Chris\cFish.io\wp-content\plugins\gutenberg\gutenberg-he_IL-ba39bebc48939c14ec581e7cf44bb27a.json
[2025-03-12 21:24:47] [INFO] Converting JSON to MD: C:\Users\Chris\cFish.io\wp-content\plugins\gutenberg\gutenberg-he_IL-bd25c177bb43e960435d8bf33c14f6d3.json
[2025-03-12 21:24:47] [INFO] Skipping excluded file: C:\Users\Chris\cFish.io\wp-content\plugins\gutenberg\gutenberg-he_IL-bd25c177bb43e960435d8bf33c14f6d3.json
[2025-03-12 21:24:48] [INFO] Converting JSON to MD: C:\Users\Chris\cFish.io\wp-content\plugins\gutenberg\gutenberg-he_IL-c4c26f565695d6a88d0e7ab2e54949c3.json
[2025-03-12 21:24:48] [INFO] Skipping excluded file: C:\Users\Chris\cFish.io\wp-content\plugins\gutenberg\gutenberg-he_IL-c4c26f565695d6a88d0e7ab2e54949c3.json
[2025-03-12 21:24:48] [INFO] Converting JSON to MD: C:\Users\Chris\cFish.io\wp-content\plugins\gutenberg\gutenberg-he_IL-cc0ae1a9d2f54754d6de5eabbcb89f5b.json
[2025-03-12 21:24:48] [INFO] Skipping excluded file: C:\Users\Chris\cFish.io\wp-content\plugins\gutenberg\gutenberg-he_IL-cc0ae1a9d2f54754d6de5eabbcb89f5b.json
[2025-03-12 21:24:48] [INFO] Converting JSON to MD: C:\Users\Chris\cFish.io\wp-content\plugins\gutenberg\gutenberg-he_IL-d4accdff3b7b226dad1f5f72ccee5bae.json
[2025-03-12 21:24:48] [INFO] Skipping excluded file: C:\Users\Chris\cFish.io\wp-content\plugins\gutenberg\gutenberg-he_IL-d4accdff3b7b226dad1f5f72ccee5bae.json
[2025-03-12 21:24:48] [INFO] Converting JSON to MD: C:\Users\Chris\cFish.io\wp-content\plugins\gutenberg\gutenberg-he_IL-d83116db7e3459d9c9a90cae3216278f.json
[2025-03-12 21:24:48] [INFO] Skipping excluded file: C:\Users\Chris\cFish.io\wp-content\plugins\gutenberg\gutenberg-he_IL-d83116db7e3459d9c9a90cae3216278f.json
[2025-03-12 21:24:48] [INFO] Converting JSON to MD: C:\Users\Chris\cFish.io\wp-content\plugins\gutenberg\gutenberg-he_IL-e5d3200f2f39097aa25c45c0f7243af8.json
[2025-03-12 21:24:48] [INFO] Skipping excluded file: C:\Users\Chris\cFish.io\wp-content\plugins\gutenberg\gutenberg-he_IL-e5d3200f2f39097aa25c45c0f7243af8.json
[2025-03-12 21:24:48] [INFO] Converting JSON to MD: C:\Users\Chris\cFish.io\wp-content\plugins\gutenberg\gutenberg-he_IL-e7b6005012912540099a002617fcee91.json
[2025-03-12 21:24:48] [INFO] Skipping excluded file: C:\Users\Chris\cFish.io\wp-content\plugins\gutenberg\gutenberg-he_IL-e7b6005012912540099a002617fcee91.json
[2025-03-12 21:24:48] [INFO] Converting JSON to MD: C:\Users\Chris\cFish.io\wp-content\plugins\gutenberg\gutenberg-he_IL-f39744326030f4f787227808e504b523.json
[2025-03-12 21:24:48] [INFO] Skipping excluded file: C:\Users\Chris\cFish.io\wp-content\plugins\gutenberg\gutenberg-he_IL-f39744326030f4f787227808e504b523.json
[2025-03-12 21:24:48] [INFO] Converting JSON to MD: C:\Users\Chris\cFish.io\wp-content\plugins\gutenberg\gutenberg-hr-04418208c292b36bc4a3469b3ffc3d41.json
[2025-03-12 21:24:48] [INFO] Skipping excluded file: C:\Users\Chris\cFish.io\wp-content\plugins\gutenberg\gutenberg-hr-04418208c292b36bc4a3469b3ffc3d41.json
[2025-03-12 21:24:48] [INFO] Converting JSON to MD: C:\Users\Chris\cFish.io\wp-content\plugins\gutenberg\gutenberg-hr-07d88e6a803e01276b9bfcc1203e862e.json
[2025-03-12 21:24:48] [INFO] Skipping excluded file: C:\Users\Chris\cFish.io\wp-content\plugins\gutenberg\gutenberg-hr-07d88e6a803e01276b9bfcc1203e862e.json
[2025-03-12 21:24:49] [INFO] Converting JSON to MD: C:\Users\Chris\cFish.io\wp-content\plugins\gutenberg\gutenberg-hr-07ef134978802e52988301e5564a124c.json
[2025-03-12 21:24:49] [INFO] Skipping excluded file: C:\Users\Chris\cFish.io\wp-content\plugins\gutenberg\gutenberg-hr-07ef134978802e52988301e5564a124c.json
[2025-03-12 21:24:49] [INFO] Converting JSON to MD: C:\Users\Chris\cFish.io\wp-content\plugins\gutenberg\gutenberg-hr-17d863d02d419d257cce84f2a9934b91.json
[2025-03-12 21:24:49] [INFO] Skipping excluded file: C:\Users\Chris\cFish.io\wp-content\plugins\gutenberg\gutenberg-hr-17d863d02d419d257cce84f2a9934b91.json
[2025-03-12 21:24:49] [INFO] Converting JSON to MD: C:\Users\Chris\cFish.io\wp-content\plugins\gutenberg\gutenberg-hr-195c2ee33af3438dc681885037a9dd77.json
[2025-03-12 21:24:49] [INFO] Skipping excluded file: C:\Users\Chris\cFish.io\wp-content\plugins\gutenberg\gutenberg-hr-195c2ee33af3438dc681885037a9dd77.json
[2025-03-12 21:24:49] [INFO] Converting JSON to MD: C:\Users\Chris\cFish.io\wp-content\plugins\gutenberg\gutenberg-hr-2db29b02b406fc710377e5966a268a5b.json
[2025-03-12 21:24:49] [INFO] Skipping excluded file: C:\Users\Chris\cFish.io\wp-content\plugins\gutenberg\gutenberg-hr-2db29b02b406fc710377e5966a268a5b.json
[2025-03-12 21:24:49] [INFO] Converting JSON to MD: C:\Users\Chris\cFish.io\wp-content\plugins\gutenberg\gutenberg-hr-2ecc15db55b460a0c1c65371b1c7144e.json
[2025-03-12 21:24:49] [INFO] Skipping excluded file: C:\Users\Chris\cFish.io\wp-content\plugins\gutenberg\gutenberg-hr-2ecc15db55b460a0c1c65371b1c7144e.json
[2025-03-12 21:24:49] [INFO] Converting JSON to MD: C:\Users\Chris\cFish.io\wp-content\plugins\gutenberg\gutenberg-hr-562b384b5ba625d9c67b6a487da0fb82.json
[2025-03-12 21:24:49] [INFO] Skipping excluded file: C:\Users\Chris\cFish.io\wp-content\plugins\gutenberg\gutenberg-hr-562b384b5ba625d9c67b6a487da0fb82.json
[2025-03-12 21:24:49] [INFO] Converting JSON to MD: C:\Users\Chris\cFish.io\wp-content\plugins\gutenberg\gutenberg-hr-57ca266aaa51c0865f9b606c3b122edf.json
[2025-03-12 21:24:49] [INFO] Skipping excluded file: C:\Users\Chris\cFish.io\wp-content\plugins\gutenberg\gutenberg-hr-57ca266aaa51c0865f9b606c3b122edf.json
[2025-03-12 21:24:49] [INFO] Converting JSON to MD: C:\Users\Chris\cFish.io\wp-content\plugins\gutenberg\gutenberg-hr-5a39926d0d16d0b7e0231768f706d685.json
[2025-03-12 21:24:49] [INFO] Skipping excluded file: C:\Users\Chris\cFish.io\wp-content\plugins\gutenberg\gutenberg-hr-5a39926d0d16d0b7e0231768f706d685.json
[2025-03-12 21:24:49] [INFO] Converting JSON to MD: C:\Users\Chris\cFish.io\wp-content\plugins\gutenberg\gutenberg-hr-5b24ba153c5b34da32d79d6bf83c42fd.json
[2025-03-12 21:24:49] [INFO] Skipping excluded file: C:\Users\Chris\cFish.io\wp-content\plugins\gutenberg\gutenberg-hr-5b24ba153c5b34da32d79d6bf83c42fd.json
[2025-03-12 21:24:50] [INFO] Converting JSON to MD: C:\Users\Chris\cFish.io\wp-content\plugins\gutenberg\gutenberg-hr-5b6fdbd8b6d8e74e269a71b5e2a640ae.json
[2025-03-12 21:24:50] [INFO] Skipping excluded file: C:\Users\Chris\cFish.io\wp-content\plugins\gutenberg\gutenberg-hr-5b6fdbd8b6d8e74e269a71b5e2a640ae.json
[2025-03-12 21:24:50] [INFO] Converting JSON to MD: C:\Users\Chris\cFish.io\wp-content\plugins\gutenberg\gutenberg-hr-669341f094c411cfc73de2f3b74475cd.json
[2025-03-12 21:24:50] [INFO] Skipping excluded file: C:\Users\Chris\cFish.io\wp-content\plugins\gutenberg\gutenberg-hr-669341f094c411cfc73de2f3b74475cd.json
[2025-03-12 21:24:50] [INFO] Converting JSON to MD: C:\Users\Chris\cFish.io\wp-content\plugins\gutenberg\gutenberg-hr-6da18768062abe6e705a5ac7876b5642.json
[2025-03-12 21:24:50] [INFO] Skipping excluded file: C:\Users\Chris\cFish.io\wp-content\plugins\gutenberg\gutenberg-hr-6da18768062abe6e705a5ac7876b5642.json
[2025-03-12 21:24:50] [INFO] Converting JSON to MD: C:\Users\Chris\cFish.io\wp-content\plugins\gutenberg\gutenberg-hr-84a7625187e218b518298469e531382d.json
[2025-03-12 21:24:50] [INFO] Skipping excluded file: C:\Users\Chris\cFish.io\wp-content\plugins\gutenberg\gutenberg-hr-84a7625187e218b518298469e531382d.json
[2025-03-12 21:24:50] [INFO] Converting JSON to MD: C:\Users\Chris\cFish.io\wp-content\plugins\gutenberg\gutenberg-hr-89337192c82f6ec91cfe1bb3aafe66b2.json
[2025-03-12 21:24:50] [INFO] Skipping excluded file: C:\Users\Chris\cFish.io\wp-content\plugins\gutenberg\gutenberg-hr-89337192c82f6ec91cfe1bb3aafe66b2.json
[2025-03-12 21:24:50] [INFO] Converting JSON to MD: C:\Users\Chris\cFish.io\wp-content\plugins\gutenberg\gutenberg-hr-8dd62110e8ea51d13ad3f5c26b723f2f.json
[2025-03-12 21:24:50] [INFO] Skipping excluded file: C:\Users\Chris\cFish.io\wp-content\plugins\gutenberg\gutenberg-hr-8dd62110e8ea51d13ad3f5c26b723f2f.json
[2025-03-12 21:24:50] [INFO] Converting JSON to MD: C:\Users\Chris\cFish.io\wp-content\plugins\gutenberg\gutenberg-hr-b28e16a397b8722f99fae785b95a4478.json
[2025-03-12 21:24:50] [INFO] Skipping excluded file: C:\Users\Chris\cFish.io\wp-content\plugins\gutenberg\gutenberg-hr-b28e16a397b8722f99fae785b95a4478.json
[2025-03-12 21:24:50] [INFO] Converting JSON to MD: C:\Users\Chris\cFish.io\wp-content\plugins\gutenberg\gutenberg-hr-ba39bebc48939c14ec581e7cf44bb27a.json
[2025-03-12 21:24:50] [INFO] Skipping excluded file: C:\Users\Chris\cFish.io\wp-content\plugins\gutenberg\gutenberg-hr-ba39bebc48939c14ec581e7cf44bb27a.json
[2025-03-12 21:24:51] [INFO] Converting JSON to MD: C:\Users\Chris\cFish.io\wp-content\plugins\gutenberg\gutenberg-hr-bd25c177bb43e960435d8bf33c14f6d3.json
[2025-03-12 21:24:51] [INFO] Skipping excluded file: C:\Users\Chris\cFish.io\wp-content\plugins\gutenberg\gutenberg-hr-bd25c177bb43e960435d8bf33c14f6d3.json
[2025-03-12 21:24:51] [INFO] Converting JSON to MD: C:\Users\Chris\cFish.io\wp-content\plugins\gutenberg\gutenberg-hr-c4c26f565695d6a88d0e7ab2e54949c3.json
[2025-03-12 21:24:51] [INFO] Skipping excluded file: C:\Users\Chris\cFish.io\wp-content\plugins\gutenberg\gutenberg-hr-c4c26f565695d6a88d0e7ab2e54949c3.json
[2025-03-12 21:24:51] [INFO] Converting JSON to MD: C:\Users\Chris\cFish.io\wp-content\plugins\gutenberg\gutenberg-hr-cc0ae1a9d2f54754d6de5eabbcb89f5b.json
[2025-03-12 21:24:51] [INFO] Skipping excluded file: C:\Users\Chris\cFish.io\wp-content\plugins\gutenberg\gutenberg-hr-cc0ae1a9d2f54754d6de5eabbcb89f5b.json
[2025-03-12 21:24:51] [INFO] Converting JSON to MD: C:\Users\Chris\cFish.io\wp-content\plugins\gutenberg\gutenberg-hr-d4accdff3b7b226dad1f5f72ccee5bae.json
[2025-03-12 21:24:51] [INFO] Skipping excluded file: C:\Users\Chris\cFish.io\wp-content\plugins\gutenberg\gutenberg-hr-d4accdff3b7b226dad1f5f72ccee5bae.json
[2025-03-12 21:24:51] [INFO] Converting JSON to MD: C:\Users\Chris\cFish.io\wp-content\plugins\gutenberg\gutenberg-hr-d83116db7e3459d9c9a90cae3216278f.json
[2025-03-12 21:24:51] [INFO] Skipping excluded file: C:\Users\Chris\cFish.io\wp-content\plugins\gutenberg\gutenberg-hr-d83116db7e3459d9c9a90cae3216278f.json
[2025-03-12 21:24:51] [INFO] Converting JSON to MD: C:\Users\Chris\cFish.io\wp-content\plugins\gutenberg\gutenberg-hr-e5d3200f2f39097aa25c45c0f7243af8.json
[2025-03-12 21:24:51] [INFO] Skipping excluded file: C:\Users\Chris\cFish.io\wp-content\plugins\gutenberg\gutenberg-hr-e5d3200f2f39097aa25c45c0f7243af8.json
[2025-03-12 21:24:51] [INFO] Converting JSON to MD: C:\Users\Chris\cFish.io\wp-content\plugins\gutenberg\gutenberg-hr-e7b6005012912540099a002617fcee91.json
[2025-03-12 21:24:51] [INFO] Skipping excluded file: C:\Users\Chris\cFish.io\wp-content\plugins\gutenberg\gutenberg-hr-e7b6005012912540099a002617fcee91.json
[2025-03-12 21:24:51] [INFO] Converting JSON to MD: C:\Users\Chris\cFish.io\wp-content\plugins\gutenberg\gutenberg-hr-f39744326030f4f787227808e504b523.json
[2025-03-12 21:24:51] [INFO] Skipping excluded file: C:\Users\Chris\cFish.io\wp-content\plugins\gutenberg\gutenberg-hr-f39744326030f4f787227808e504b523.json
[2025-03-12 21:24:51] [INFO] Converting JSON to MD: C:\Users\Chris\cFish.io\wp-content\plugins\gutenberg\gutenberg-hsb-04418208c292b36bc4a3469b3ffc3d41.json
[2025-03-12 21:24:51] [INFO] Skipping excluded file: C:\Users\Chris\cFish.io\wp-content\plugins\gutenberg\gutenberg-hsb-04418208c292b36bc4a3469b3ffc3d41.json
[2025-03-12 21:24:52] [INFO] Converting JSON to MD: C:\Users\Chris\cFish.io\wp-content\plugins\gutenberg\gutenberg-hsb-07d88e6a803e01276b9bfcc1203e862e.json
[2025-03-12 21:24:52] [INFO] Skipping excluded file: C:\Users\Chris\cFish.io\wp-content\plugins\gutenberg\gutenberg-hsb-07d88e6a803e01276b9bfcc1203e862e.json
[2025-03-12 21:24:52] [INFO] Converting JSON to MD: C:\Users\Chris\cFish.io\wp-content\plugins\gutenberg\gutenberg-hsb-07ef134978802e52988301e5564a124c.json
[2025-03-12 21:24:52] [INFO] Skipping excluded file: C:\Users\Chris\cFish.io\wp-content\plugins\gutenberg\gutenberg-hsb-07ef134978802e52988301e5564a124c.json
[2025-03-12 21:24:52] [INFO] Converting JSON to MD: C:\Users\Chris\cFish.io\wp-content\plugins\gutenberg\gutenberg-hsb-17d863d02d419d257cce84f2a9934b91.json
[2025-03-12 21:24:52] [INFO] Skipping excluded file: C:\Users\Chris\cFish.io\wp-content\plugins\gutenberg\gutenberg-hsb-17d863d02d419d257cce84f2a9934b91.json
[2025-03-12 21:24:52] [INFO] Converting JSON to MD: C:\Users\Chris\cFish.io\wp-content\plugins\gutenberg\gutenberg-hsb-195c2ee33af3438dc681885037a9dd77.json
[2025-03-12 21:24:52] [INFO] Skipping excluded file: C:\Users\Chris\cFish.io\wp-content\plugins\gutenberg\gutenberg-hsb-195c2ee33af3438dc681885037a9dd77.json
[2025-03-12 21:24:52] [INFO] Converting JSON to MD: C:\Users\Chris\cFish.io\wp-content\plugins\gutenberg\gutenberg-hsb-2db29b02b406fc710377e5966a268a5b.json
[2025-03-12 21:24:52] [INFO] Skipping excluded file: C:\Users\Chris\cFish.io\wp-content\plugins\gutenberg\gutenberg-hsb-2db29b02b406fc710377e5966a268a5b.json
[2025-03-12 21:24:52] [INFO] Converting JSON to MD: C:\Users\Chris\cFish.io\wp-content\plugins\gutenberg\gutenberg-hsb-2ecc15db55b460a0c1c65371b1c7144e.json
[2025-03-12 21:24:52] [INFO] Skipping excluded file: C:\Users\Chris\cFish.io\wp-content\plugins\gutenberg\gutenberg-hsb-2ecc15db55b460a0c1c65371b1c7144e.json
[2025-03-12 21:24:52] [INFO] Converting JSON to MD: C:\Users\Chris\cFish.io\wp-content\plugins\gutenberg\gutenberg-hsb-562b384b5ba625d9c67b6a487da0fb82.json
[2025-03-12 21:24:52] [INFO] Skipping excluded file: C:\Users\Chris\cFish.io\wp-content\plugins\gutenberg\gutenberg-hsb-562b384b5ba625d9c67b6a487da0fb82.json
[2025-03-12 21:24:52] [INFO] Converting JSON to MD: C:\Users\Chris\cFish.io\wp-content\plugins\gutenberg\gutenberg-hsb-57ca266aaa51c0865f9b606c3b122edf.json
[2025-03-12 21:24:52] [INFO] Skipping excluded file: C:\Users\Chris\cFish.io\wp-content\plugins\gutenberg\gutenberg-hsb-57ca266aaa51c0865f9b606c3b122edf.json
[2025-03-12 21:24:53] [INFO] Converting JSON to MD: C:\Users\Chris\cFish.io\wp-content\plugins\gutenberg\gutenberg-hsb-5a39926d0d16d0b7e0231768f706d685.json
[2025-03-12 21:24:53] [INFO] Skipping excluded file: C:\Users\Chris\cFish.io\wp-content\plugins\gutenberg\gutenberg-hsb-5a39926d0d16d0b7e0231768f706d685.json
[2025-03-12 21:24:53] [INFO] Converting JSON to MD: C:\Users\Chris\cFish.io\wp-content\plugins\gutenberg\gutenberg-hsb-5b24ba153c5b34da32d79d6bf83c42fd.json
[2025-03-12 21:24:53] [INFO] Skipping excluded file: C:\Users\Chris\cFish.io\wp-content\plugins\gutenberg\gutenberg-hsb-5b24ba153c5b34da32d79d6bf83c42fd.json
[2025-03-12 21:24:53] [INFO] Converting JSON to MD: C:\Users\Chris\cFish.io\wp-content\plugins\gutenberg\gutenberg-hsb-5b6fdbd8b6d8e74e269a71b5e2a640ae.json
[2025-03-12 21:24:53] [INFO] Skipping excluded file: C:\Users\Chris\cFish.io\wp-content\plugins\gutenberg\gutenberg-hsb-5b6fdbd8b6d8e74e269a71b5e2a640ae.json
[2025-03-12 21:24:53] [INFO] Converting JSON to MD: C:\Users\Chris\cFish.io\wp-content\plugins\gutenberg\gutenberg-hsb-664bd2d849a376fcdd35ecc175c8077e.json
[2025-03-12 21:24:53] [INFO] Skipping excluded file: C:\Users\Chris\cFish.io\wp-content\plugins\gutenberg\gutenberg-hsb-664bd2d849a376fcdd35ecc175c8077e.json
[2025-03-12 21:24:53] [INFO] Converting JSON to MD: C:\Users\Chris\cFish.io\wp-content\plugins\gutenberg\gutenberg-hsb-669341f094c411cfc73de2f3b74475cd.json
[2025-03-12 21:24:53] [INFO] Skipping excluded file: C:\Users\Chris\cFish.io\wp-content\plugins\gutenberg\gutenberg-hsb-669341f094c411cfc73de2f3b74475cd.json
[2025-03-12 21:24:53] [INFO] Converting JSON to MD: C:\Users\Chris\cFish.io\wp-content\plugins\gutenberg\gutenberg-hsb-6da18768062abe6e705a5ac7876b5642.json
[2025-03-12 21:24:53] [INFO] Skipping excluded file: C:\Users\Chris\cFish.io\wp-content\plugins\gutenberg\gutenberg-hsb-6da18768062abe6e705a5ac7876b5642.json
[2025-03-12 21:24:53] [INFO] Converting JSON to MD: C:\Users\Chris\cFish.io\wp-content\plugins\gutenberg\gutenberg-hsb-84a7625187e218b518298469e531382d.json
[2025-03-12 21:24:53] [INFO] Skipping excluded file: C:\Users\Chris\cFish.io\wp-content\plugins\gutenberg\gutenberg-hsb-84a7625187e218b518298469e531382d.json
[2025-03-12 21:24:53] [INFO] Converting JSON to MD: C:\Users\Chris\cFish.io\wp-content\plugins\gutenberg\gutenberg-hsb-89337192c82f6ec91cfe1bb3aafe66b2.json
[2025-03-12 21:24:53] [INFO] Skipping excluded file: C:\Users\Chris\cFish.io\wp-content\plugins\gutenberg\gutenberg-hsb-89337192c82f6ec91cfe1bb3aafe66b2.json
[2025-03-12 21:24:53] [INFO] Converting JSON to MD: C:\Users\Chris\cFish.io\wp-content\plugins\gutenberg\gutenberg-hsb-b28e16a397b8722f99fae785b95a4478.json
[2025-03-12 21:24:53] [INFO] Skipping excluded file: C:\Users\Chris\cFish.io\wp-content\plugins\gutenberg\gutenberg-hsb-b28e16a397b8722f99fae785b95a4478.json
[2025-03-12 21:24:54] [INFO] Converting JSON to MD: C:\Users\Chris\cFish.io\wp-content\plugins\gutenberg\gutenberg-hsb-ba39bebc48939c14ec581e7cf44bb27a.json
[2025-03-12 21:24:54] [INFO] Skipping excluded file: C:\Users\Chris\cFish.io\wp-content\plugins\gutenberg\gutenberg-hsb-ba39bebc48939c14ec581e7cf44bb27a.json
[2025-03-12 21:24:54] [INFO] Converting JSON to MD: C:\Users\Chris\cFish.io\wp-content\plugins\gutenberg\gutenberg-hsb-bd25c177bb43e960435d8bf33c14f6d3.json
[2025-03-12 21:24:54] [INFO] Skipping excluded file: C:\Users\Chris\cFish.io\wp-content\plugins\gutenberg\gutenberg-hsb-bd25c177bb43e960435d8bf33c14f6d3.json
[2025-03-12 21:24:54] [INFO] Converting JSON to MD: C:\Users\Chris\cFish.io\wp-content\plugins\gutenberg\gutenberg-hsb-c4c26f565695d6a88d0e7ab2e54949c3.json
[2025-03-12 21:24:54] [INFO] Skipping excluded file: C:\Users\Chris\cFish.io\wp-content\plugins\gutenberg\gutenberg-hsb-c4c26f565695d6a88d0e7ab2e54949c3.json
[2025-03-12 21:24:54] [INFO] Converting JSON to MD: C:\Users\Chris\cFish.io\wp-content\plugins\gutenberg\gutenberg-hsb-cc0ae1a9d2f54754d6de5eabbcb89f5b.json
[2025-03-12 21:24:54] [INFO] Skipping excluded file: C:\Users\Chris\cFish.io\wp-content\plugins\gutenberg\gutenberg-hsb-cc0ae1a9d2f54754d6de5eabbcb89f5b.json
[2025-03-12 21:24:54] [INFO] Converting JSON to MD: C:\Users\Chris\cFish.io\wp-content\plugins\gutenberg\gutenberg-hsb-d4accdff3b7b226dad1f5f72ccee5bae.json
[2025-03-12 21:24:54] [INFO] Skipping excluded file: C:\Users\Chris\cFish.io\wp-content\plugins\gutenberg\gutenberg-hsb-d4accdff3b7b226dad1f5f72ccee5bae.json
[2025-03-12 21:24:54] [INFO] Converting JSON to MD: C:\Users\Chris\cFish.io\wp-content\plugins\gutenberg\gutenberg-hsb-d83116db7e3459d9c9a90cae3216278f.json
[2025-03-12 21:24:54] [INFO] Skipping excluded file: C:\Users\Chris\cFish.io\wp-content\plugins\gutenberg\gutenberg-hsb-d83116db7e3459d9c9a90cae3216278f.json
[2025-03-12 21:24:54] [INFO] Converting JSON to MD: C:\Users\Chris\cFish.io\wp-content\plugins\gutenberg\gutenberg-hsb-e5d3200f2f39097aa25c45c0f7243af8.json
[2025-03-12 21:24:54] [INFO] Skipping excluded file: C:\Users\Chris\cFish.io\wp-content\plugins\gutenberg\gutenberg-hsb-e5d3200f2f39097aa25c45c0f7243af8.json
[2025-03-12 21:24:54] [INFO] Converting JSON to MD: C:\Users\Chris\cFish.io\wp-content\plugins\gutenberg\gutenberg-hsb-e7b6005012912540099a002617fcee91.json
[2025-03-12 21:24:54] [INFO] Skipping excluded file: C:\Users\Chris\cFish.io\wp-content\plugins\gutenberg\gutenberg-hsb-e7b6005012912540099a002617fcee91.json
[2025-03-12 21:24:54] [INFO] Converting JSON to MD: C:\Users\Chris\cFish.io\wp-content\plugins\gutenberg\gutenberg-hsb-f39744326030f4f787227808e504b523.json
[2025-03-12 21:24:54] [INFO] Skipping excluded file: C:\Users\Chris\cFish.io\wp-content\plugins\gutenberg\gutenberg-hsb-f39744326030f4f787227808e504b523.json
[2025-03-12 21:24:55] [INFO] Converting JSON to MD: C:\Users\Chris\cFish.io\wp-content\plugins\gutenberg\gutenberg-id_ID-04418208c292b36bc4a3469b3ffc3d41.json
[2025-03-12 21:24:55] [INFO] Skipping excluded file: C:\Users\Chris\cFish.io\wp-content\plugins\gutenberg\gutenberg-id_ID-04418208c292b36bc4a3469b3ffc3d41.json
[2025-03-12 21:24:55] [INFO] Converting JSON to MD: C:\Users\Chris\cFish.io\wp-content\plugins\gutenberg\gutenberg-id_ID-07d88e6a803e01276b9bfcc1203e862e.json
[2025-03-12 21:24:55] [INFO] Skipping excluded file: C:\Users\Chris\cFish.io\wp-content\plugins\gutenberg\gutenberg-id_ID-07d88e6a803e01276b9bfcc1203e862e.json
[2025-03-12 21:24:55] [INFO] Converting JSON to MD: C:\Users\Chris\cFish.io\wp-content\plugins\gutenberg\gutenberg-id_ID-07ef134978802e52988301e5564a124c.json
[2025-03-12 21:24:55] [INFO] Skipping excluded file: C:\Users\Chris\cFish.io\wp-content\plugins\gutenberg\gutenberg-id_ID-07ef134978802e52988301e5564a124c.json
[2025-03-12 21:24:55] [INFO] Converting JSON to MD: C:\Users\Chris\cFish.io\wp-content\plugins\gutenberg\gutenberg-id_ID-17d863d02d419d257cce84f2a9934b91.json
[2025-03-12 21:24:55] [INFO] Skipping excluded file: C:\Users\Chris\cFish.io\wp-content\plugins\gutenberg\gutenberg-id_ID-17d863d02d419d257cce84f2a9934b91.json
[2025-03-12 21:24:55] [INFO] Converting JSON to MD: C:\Users\Chris\cFish.io\wp-content\plugins\gutenberg\gutenberg-id_ID-195c2ee33af3438dc681885037a9dd77.json
[2025-03-12 21:24:55] [INFO] Skipping excluded file: C:\Users\Chris\cFish.io\wp-content\plugins\gutenberg\gutenberg-id_ID-195c2ee33af3438dc681885037a9dd77.json
[2025-03-12 21:24:55] [INFO] Converting JSON to MD: C:\Users\Chris\cFish.io\wp-content\plugins\gutenberg\gutenberg-id_ID-22103b0fceb70bf4f3ed789172c4cc4e.json
[2025-03-12 21:24:55] [INFO] Skipping excluded file: C:\Users\Chris\cFish.io\wp-content\plugins\gutenberg\gutenberg-id_ID-22103b0fceb70bf4f3ed789172c4cc4e.json
[2025-03-12 21:24:55] [INFO] Converting JSON to MD: C:\Users\Chris\cFish.io\wp-content\plugins\gutenberg\gutenberg-id_ID-2db29b02b406fc710377e5966a268a5b.json
[2025-03-12 21:24:55] [INFO] Skipping excluded file: C:\Users\Chris\cFish.io\wp-content\plugins\gutenberg\gutenberg-id_ID-2db29b02b406fc710377e5966a268a5b.json
[2025-03-12 21:24:55] [INFO] Converting JSON to MD: C:\Users\Chris\cFish.io\wp-content\plugins\gutenberg\gutenberg-id_ID-2ecc15db55b460a0c1c65371b1c7144e.json
[2025-03-12 21:24:55] [INFO] Skipping excluded file: C:\Users\Chris\cFish.io\wp-content\plugins\gutenberg\gutenberg-id_ID-2ecc15db55b460a0c1c65371b1c7144e.json
[2025-03-12 21:24:56] [INFO] Converting JSON to MD: C:\Users\Chris\cFish.io\wp-content\plugins\gutenberg\gutenberg-id_ID-562b384b5ba625d9c67b6a487da0fb82.json
[2025-03-12 21:24:56] [INFO] Skipping excluded file: C:\Users\Chris\cFish.io\wp-content\plugins\gutenberg\gutenberg-id_ID-562b384b5ba625d9c67b6a487da0fb82.json
[2025-03-12 21:24:56] [INFO] Converting JSON to MD: C:\Users\Chris\cFish.io\wp-content\plugins\gutenberg\gutenberg-id_ID-57ca266aaa51c0865f9b606c3b122edf.json
[2025-03-12 21:24:56] [INFO] Skipping excluded file: C:\Users\Chris\cFish.io\wp-content\plugins\gutenberg\gutenberg-id_ID-57ca266aaa51c0865f9b606c3b122edf.json
[2025-03-12 21:24:56] [INFO] Converting JSON to MD: C:\Users\Chris\cFish.io\wp-content\plugins\gutenberg\gutenberg-id_ID-5a39926d0d16d0b7e0231768f706d685.json
[2025-03-12 21:24:56] [INFO] Skipping excluded file: C:\Users\Chris\cFish.io\wp-content\plugins\gutenberg\gutenberg-id_ID-5a39926d0d16d0b7e0231768f706d685.json
[2025-03-12 21:24:56] [INFO] Converting JSON to MD: C:\Users\Chris\cFish.io\wp-content\plugins\gutenberg\gutenberg-id_ID-5b24ba153c5b34da32d79d6bf83c42fd.json
[2025-03-12 21:24:56] [INFO] Skipping excluded file: C:\Users\Chris\cFish.io\wp-content\plugins\gutenberg\gutenberg-id_ID-5b24ba153c5b34da32d79d6bf83c42fd.json
[2025-03-12 21:24:56] [INFO] Converting JSON to MD: C:\Users\Chris\cFish.io\wp-content\plugins\gutenberg\gutenberg-id_ID-5b6fdbd8b6d8e74e269a71b5e2a640ae.json
[2025-03-12 21:24:56] [INFO] Skipping excluded file: C:\Users\Chris\cFish.io\wp-content\plugins\gutenberg\gutenberg-id_ID-5b6fdbd8b6d8e74e269a71b5e2a640ae.json
[2025-03-12 21:24:56] [INFO] Converting JSON to MD: C:\Users\Chris\cFish.io\wp-content\plugins\gutenberg\gutenberg-id_ID-664bd2d849a376fcdd35ecc175c8077e.json
[2025-03-12 21:24:56] [INFO] Skipping excluded file: C:\Users\Chris\cFish.io\wp-content\plugins\gutenberg\gutenberg-id_ID-664bd2d849a376fcdd35ecc175c8077e.json
[2025-03-12 21:24:56] [INFO] Converting JSON to MD: C:\Users\Chris\cFish.io\wp-content\plugins\gutenberg\gutenberg-id_ID-669341f094c411cfc73de2f3b74475cd.json
[2025-03-12 21:24:56] [INFO] Skipping excluded file: C:\Users\Chris\cFish.io\wp-content\plugins\gutenberg\gutenberg-id_ID-669341f094c411cfc73de2f3b74475cd.json
[2025-03-12 21:24:56] [INFO] Converting JSON to MD: C:\Users\Chris\cFish.io\wp-content\plugins\gutenberg\gutenberg-id_ID-6da18768062abe6e705a5ac7876b5642.json
[2025-03-12 21:24:56] [INFO] Skipping excluded file: C:\Users\Chris\cFish.io\wp-content\plugins\gutenberg\gutenberg-id_ID-6da18768062abe6e705a5ac7876b5642.json
[2025-03-12 21:24:56] [INFO] Converting JSON to MD: C:\Users\Chris\cFish.io\wp-content\plugins\gutenberg\gutenberg-id_ID-84a7625187e218b518298469e531382d.json
[2025-03-12 21:24:56] [INFO] Skipping excluded file: C:\Users\Chris\cFish.io\wp-content\plugins\gutenberg\gutenberg-id_ID-84a7625187e218b518298469e531382d.json
[2025-03-12 21:24:57] [INFO] Converting JSON to MD: C:\Users\Chris\cFish.io\wp-content\plugins\gutenberg\gutenberg-id_ID-89337192c82f6ec91cfe1bb3aafe66b2.json
[2025-03-12 21:24:57] [INFO] Skipping excluded file: C:\Users\Chris\cFish.io\wp-content\plugins\gutenberg\gutenberg-id_ID-89337192c82f6ec91cfe1bb3aafe66b2.json
[2025-03-12 21:24:57] [INFO] Converting JSON to MD: C:\Users\Chris\cFish.io\wp-content\plugins\gutenberg\gutenberg-id_ID-8dd62110e8ea51d13ad3f5c26b723f2f.json
[2025-03-12 21:24:57] [INFO] Skipping excluded file: C:\Users\Chris\cFish.io\wp-content\plugins\gutenberg\gutenberg-id_ID-8dd62110e8ea51d13ad3f5c26b723f2f.json
[2025-03-12 21:24:57] [INFO] Converting JSON to MD: C:\Users\Chris\cFish.io\wp-content\plugins\gutenberg\gutenberg-id_ID-b28e16a397b8722f99fae785b95a4478.json
[2025-03-12 21:24:57] [INFO] Skipping excluded file: C:\Users\Chris\cFish.io\wp-content\plugins\gutenberg\gutenberg-id_ID-b28e16a397b8722f99fae785b95a4478.json
[2025-03-12 21:24:57] [INFO] Converting JSON to MD: C:\Users\Chris\cFish.io\wp-content\plugins\gutenberg\gutenberg-id_ID-ba39bebc48939c14ec581e7cf44bb27a.json
[2025-03-12 21:24:57] [INFO] Skipping excluded file: C:\Users\Chris\cFish.io\wp-content\plugins\gutenberg\gutenberg-id_ID-ba39bebc48939c14ec581e7cf44bb27a.json
[2025-03-12 21:24:57] [INFO] Converting JSON to MD: C:\Users\Chris\cFish.io\wp-content\plugins\gutenberg\gutenberg-id_ID-bd25c177bb43e960435d8bf33c14f6d3.json
[2025-03-12 21:24:57] [INFO] Skipping excluded file: C:\Users\Chris\cFish.io\wp-content\plugins\gutenberg\gutenberg-id_ID-bd25c177bb43e960435d8bf33c14f6d3.json
[2025-03-12 21:24:57] [INFO] Converting JSON to MD: C:\Users\Chris\cFish.io\wp-content\plugins\gutenberg\gutenberg-id_ID-c4c26f565695d6a88d0e7ab2e54949c3.json
[2025-03-12 21:24:57] [INFO] Skipping excluded file: C:\Users\Chris\cFish.io\wp-content\plugins\gutenberg\gutenberg-id_ID-c4c26f565695d6a88d0e7ab2e54949c3.json
[2025-03-12 21:24:57] [INFO] Converting JSON to MD: C:\Users\Chris\cFish.io\wp-content\plugins\gutenberg\gutenberg-id_ID-cc0ae1a9d2f54754d6de5eabbcb89f5b.json
[2025-03-12 21:24:57] [INFO] Skipping excluded file: C:\Users\Chris\cFish.io\wp-content\plugins\gutenberg\gutenberg-id_ID-cc0ae1a9d2f54754d6de5eabbcb89f5b.json
[2025-03-12 21:24:57] [INFO] Converting JSON to MD: C:\Users\Chris\cFish.io\wp-content\plugins\gutenberg\gutenberg-id_ID-d4accdff3b7b226dad1f5f72ccee5bae.json
[2025-03-12 21:24:57] [INFO] Skipping excluded file: C:\Users\Chris\cFish.io\wp-content\plugins\gutenberg\gutenberg-id_ID-d4accdff3b7b226dad1f5f72ccee5bae.json
[2025-03-12 21:24:57] [INFO] Converting JSON to MD: C:\Users\Chris\cFish.io\wp-content\plugins\gutenberg\gutenberg-id_ID-d83116db7e3459d9c9a90cae3216278f.json
[2025-03-12 21:24:57] [INFO] Skipping excluded file: C:\Users\Chris\cFish.io\wp-content\plugins\gutenberg\gutenberg-id_ID-d83116db7e3459d9c9a90cae3216278f.json
[2025-03-12 21:24:58] [INFO] Converting JSON to MD: C:\Users\Chris\cFish.io\wp-content\plugins\gutenberg\gutenberg-id_ID-e5d3200f2f39097aa25c45c0f7243af8.json
[2025-03-12 21:24:58] [INFO] Skipping excluded file: C:\Users\Chris\cFish.io\wp-content\plugins\gutenberg\gutenberg-id_ID-e5d3200f2f39097aa25c45c0f7243af8.json
[2025-03-12 21:24:58] [INFO] Converting JSON to MD: C:\Users\Chris\cFish.io\wp-content\plugins\gutenberg\gutenberg-id_ID-e7b6005012912540099a002617fcee91.json
[2025-03-12 21:24:58] [INFO] Skipping excluded file: C:\Users\Chris\cFish.io\wp-content\plugins\gutenberg\gutenberg-id_ID-e7b6005012912540099a002617fcee91.json
[2025-03-12 21:24:58] [INFO] Converting JSON to MD: C:\Users\Chris\cFish.io\wp-content\plugins\gutenberg\gutenberg-id_ID-f39744326030f4f787227808e504b523.json
[2025-03-12 21:24:58] [INFO] Skipping excluded file: C:\Users\Chris\cFish.io\wp-content\plugins\gutenberg\gutenberg-id_ID-f39744326030f4f787227808e504b523.json
[2025-03-12 21:24:58] [INFO] Converting JSON to MD: C:\Users\Chris\cFish.io\wp-content\plugins\gutenberg\gutenberg-it_IT-04418208c292b36bc4a3469b3ffc3d41.json
[2025-03-12 21:24:58] [INFO] Skipping excluded file: C:\Users\Chris\cFish.io\wp-content\plugins\gutenberg\gutenberg-it_IT-04418208c292b36bc4a3469b3ffc3d41.json
[2025-03-12 21:24:58] [INFO] Converting JSON to MD: C:\Users\Chris\cFish.io\wp-content\plugins\gutenberg\gutenberg-it_IT-07d88e6a803e01276b9bfcc1203e862e.json
[2025-03-12 21:24:58] [INFO] Skipping excluded file: C:\Users\Chris\cFish.io\wp-content\plugins\gutenberg\gutenberg-it_IT-07d88e6a803e01276b9bfcc1203e862e.json
[2025-03-12 21:24:58] [INFO] Converting JSON to MD: C:\Users\Chris\cFish.io\wp-content\plugins\gutenberg\gutenberg-it_IT-07ef134978802e52988301e5564a124c.json
[2025-03-12 21:24:58] [INFO] Skipping excluded file: C:\Users\Chris\cFish.io\wp-content\plugins\gutenberg\gutenberg-it_IT-07ef134978802e52988301e5564a124c.json
[2025-03-12 21:24:58] [INFO] Converting JSON to MD: C:\Users\Chris\cFish.io\wp-content\plugins\gutenberg\gutenberg-it_IT-17d863d02d419d257cce84f2a9934b91.json
[2025-03-12 21:24:58] [INFO] Skipping excluded file: C:\Users\Chris\cFish.io\wp-content\plugins\gutenberg\gutenberg-it_IT-17d863d02d419d257cce84f2a9934b91.json
[2025-03-12 21:24:58] [INFO] Converting JSON to MD: C:\Users\Chris\cFish.io\wp-content\plugins\gutenberg\gutenberg-it_IT-195c2ee33af3438dc681885037a9dd77.json
[2025-03-12 21:24:58] [INFO] Skipping excluded file: C:\Users\Chris\cFish.io\wp-content\plugins\gutenberg\gutenberg-it_IT-195c2ee33af3438dc681885037a9dd77.json
[2025-03-12 21:24:59] [INFO] Converting JSON to MD: C:\Users\Chris\cFish.io\wp-content\plugins\gutenberg\gutenberg-it_IT-22103b0fceb70bf4f3ed789172c4cc4e.json
[2025-03-12 21:24:59] [INFO] Skipping excluded file: C:\Users\Chris\cFish.io\wp-content\plugins\gutenberg\gutenberg-it_IT-22103b0fceb70bf4f3ed789172c4cc4e.json
[2025-03-12 21:24:59] [INFO] Converting JSON to MD: C:\Users\Chris\cFish.io\wp-content\plugins\gutenberg\gutenberg-it_IT-2db29b02b406fc710377e5966a268a5b.json
[2025-03-12 21:24:59] [INFO] Skipping excluded file: C:\Users\Chris\cFish.io\wp-content\plugins\gutenberg\gutenberg-it_IT-2db29b02b406fc710377e5966a268a5b.json
[2025-03-12 21:24:59] [INFO] Converting JSON to MD: C:\Users\Chris\cFish.io\wp-content\plugins\gutenberg\gutenberg-it_IT-2ecc15db55b460a0c1c65371b1c7144e.json
[2025-03-12 21:24:59] [INFO] Skipping excluded file: C:\Users\Chris\cFish.io\wp-content\plugins\gutenberg\gutenberg-it_IT-2ecc15db55b460a0c1c65371b1c7144e.json
[2025-03-12 21:24:59] [INFO] Converting JSON to MD: C:\Users\Chris\cFish.io\wp-content\plugins\gutenberg\gutenberg-it_IT-562b384b5ba625d9c67b6a487da0fb82.json
[2025-03-12 21:24:59] [INFO] Skipping excluded file: C:\Users\Chris\cFish.io\wp-content\plugins\gutenberg\gutenberg-it_IT-562b384b5ba625d9c67b6a487da0fb82.json
[2025-03-12 21:24:59] [INFO] Converting JSON to MD: C:\Users\Chris\cFish.io\wp-content\plugins\gutenberg\gutenberg-it_IT-57ca266aaa51c0865f9b606c3b122edf.json
[2025-03-12 21:24:59] [INFO] Skipping excluded file: C:\Users\Chris\cFish.io\wp-content\plugins\gutenberg\gutenberg-it_IT-57ca266aaa51c0865f9b606c3b122edf.json
[2025-03-12 21:24:59] [INFO] Converting JSON to MD: C:\Users\Chris\cFish.io\wp-content\plugins\gutenberg\gutenberg-it_IT-5a39926d0d16d0b7e0231768f706d685.json
[2025-03-12 21:24:59] [INFO] Skipping excluded file: C:\Users\Chris\cFish.io\wp-content\plugins\gutenberg\gutenberg-it_IT-5a39926d0d16d0b7e0231768f706d685.json
[2025-03-12 21:24:59] [INFO] Converting JSON to MD: C:\Users\Chris\cFish.io\wp-content\plugins\gutenberg\gutenberg-it_IT-5b24ba153c5b34da32d79d6bf83c42fd.json
[2025-03-12 21:24:59] [INFO] Skipping excluded file: C:\Users\Chris\cFish.io\wp-content\plugins\gutenberg\gutenberg-it_IT-5b24ba153c5b34da32d79d6bf83c42fd.json
[2025-03-12 21:24:59] [INFO] Converting JSON to MD: C:\Users\Chris\cFish.io\wp-content\plugins\gutenberg\gutenberg-it_IT-5b6fdbd8b6d8e74e269a71b5e2a640ae.json
[2025-03-12 21:24:59] [INFO] Skipping excluded file: C:\Users\Chris\cFish.io\wp-content\plugins\gutenberg\gutenberg-it_IT-5b6fdbd8b6d8e74e269a71b5e2a640ae.json
[2025-03-12 21:24:59] [INFO] Converting JSON to MD: C:\Users\Chris\cFish.io\wp-content\plugins\gutenberg\gutenberg-it_IT-664bd2d849a376fcdd35ecc175c8077e.json
[2025-03-12 21:24:59] [INFO] Skipping excluded file: C:\Users\Chris\cFish.io\wp-content\plugins\gutenberg\gutenberg-it_IT-664bd2d849a376fcdd35ecc175c8077e.json
[2025-03-12 21:25:00] [INFO] Converting JSON to MD: C:\Users\Chris\cFish.io\wp-content\plugins\gutenberg\gutenberg-it_IT-669341f094c411cfc73de2f3b74475cd.json
[2025-03-12 21:25:00] [INFO] Skipping excluded file: C:\Users\Chris\cFish.io\wp-content\plugins\gutenberg\gutenberg-it_IT-669341f094c411cfc73de2f3b74475cd.json
[2025-03-12 21:25:00] [INFO] Converting JSON to MD: C:\Users\Chris\cFish.io\wp-content\plugins\gutenberg\gutenberg-it_IT-6da18768062abe6e705a5ac7876b5642.json
[2025-03-12 21:25:00] [INFO] Skipping excluded file: C:\Users\Chris\cFish.io\wp-content\plugins\gutenberg\gutenberg-it_IT-6da18768062abe6e705a5ac7876b5642.json
[2025-03-12 21:25:00] [INFO] Converting JSON to MD: C:\Users\Chris\cFish.io\wp-content\plugins\gutenberg\gutenberg-it_IT-84a7625187e218b518298469e531382d.json
[2025-03-12 21:25:00] [INFO] Skipping excluded file: C:\Users\Chris\cFish.io\wp-content\plugins\gutenberg\gutenberg-it_IT-84a7625187e218b518298469e531382d.json
[2025-03-12 21:25:00] [INFO] Converting JSON to MD: C:\Users\Chris\cFish.io\wp-content\plugins\gutenberg\gutenberg-it_IT-89337192c82f6ec91cfe1bb3aafe66b2.json
[2025-03-12 21:25:00] [INFO] Skipping excluded file: C:\Users\Chris\cFish.io\wp-content\plugins\gutenberg\gutenberg-it_IT-89337192c82f6ec91cfe1bb3aafe66b2.json
[2025-03-12 21:25:00] [INFO] Converting JSON to MD: C:\Users\Chris\cFish.io\wp-content\plugins\gutenberg\gutenberg-it_IT-8dd62110e8ea51d13ad3f5c26b723f2f.json
[2025-03-12 21:25:00] [INFO] Skipping excluded file: C:\Users\Chris\cFish.io\wp-content\plugins\gutenberg\gutenberg-it_IT-8dd62110e8ea51d13ad3f5c26b723f2f.json
[2025-03-12 21:25:00] [INFO] Converting JSON to MD: C:\Users\Chris\cFish.io\wp-content\plugins\gutenberg\gutenberg-it_IT-b28e16a397b8722f99fae785b95a4478.json
[2025-03-12 21:25:00] [INFO] Skipping excluded file: C:\Users\Chris\cFish.io\wp-content\plugins\gutenberg\gutenberg-it_IT-b28e16a397b8722f99fae785b95a4478.json
[2025-03-12 21:25:00] [INFO] Converting JSON to MD: C:\Users\Chris\cFish.io\wp-content\plugins\gutenberg\gutenberg-it_IT-ba39bebc48939c14ec581e7cf44bb27a.json
[2025-03-12 21:25:00] [INFO] Skipping excluded file: C:\Users\Chris\cFish.io\wp-content\plugins\gutenberg\gutenberg-it_IT-ba39bebc48939c14ec581e7cf44bb27a.json
[2025-03-12 21:25:00] [INFO] Converting JSON to MD: C:\Users\Chris\cFish.io\wp-content\plugins\gutenberg\gutenberg-it_IT-bd25c177bb43e960435d8bf33c14f6d3.json
[2025-03-12 21:25:00] [INFO] Skipping excluded file: C:\Users\Chris\cFish.io\wp-content\plugins\gutenberg\gutenberg-it_IT-bd25c177bb43e960435d8bf33c14f6d3.json
[2025-03-12 21:25:01] [INFO] Converting JSON to MD: C:\Users\Chris\cFish.io\wp-content\plugins\gutenberg\gutenberg-it_IT-c4c26f565695d6a88d0e7ab2e54949c3.json
[2025-03-12 21:25:01] [INFO] Skipping excluded file: C:\Users\Chris\cFish.io\wp-content\plugins\gutenberg\gutenberg-it_IT-c4c26f565695d6a88d0e7ab2e54949c3.json
[2025-03-12 21:25:01] [INFO] Converting JSON to MD: C:\Users\Chris\cFish.io\wp-content\plugins\gutenberg\gutenberg-it_IT-cc0ae1a9d2f54754d6de5eabbcb89f5b.json
[2025-03-12 21:25:01] [INFO] Skipping excluded file: C:\Users\Chris\cFish.io\wp-content\plugins\gutenberg\gutenberg-it_IT-cc0ae1a9d2f54754d6de5eabbcb89f5b.json
[2025-03-12 21:25:01] [INFO] Converting JSON to MD: C:\Users\Chris\cFish.io\wp-content\plugins\gutenberg\gutenberg-it_IT-d4accdff3b7b226dad1f5f72ccee5bae.json
[2025-03-12 21:25:01] [INFO] Skipping excluded file: C:\Users\Chris\cFish.io\wp-content\plugins\gutenberg\gutenberg-it_IT-d4accdff3b7b226dad1f5f72ccee5bae.json
[2025-03-12 21:25:01] [INFO] Converting JSON to MD: C:\Users\Chris\cFish.io\wp-content\plugins\gutenberg\gutenberg-it_IT-d83116db7e3459d9c9a90cae3216278f.json
[2025-03-12 21:25:01] [INFO] Skipping excluded file: C:\Users\Chris\cFish.io\wp-content\plugins\gutenberg\gutenberg-it_IT-d83116db7e3459d9c9a90cae3216278f.json
[2025-03-12 21:25:01] [INFO] Converting JSON to MD: C:\Users\Chris\cFish.io\wp-content\plugins\gutenberg\gutenberg-it_IT-e5d3200f2f39097aa25c45c0f7243af8.json
[2025-03-12 21:25:01] [INFO] Skipping excluded file: C:\Users\Chris\cFish.io\wp-content\plugins\gutenberg\gutenberg-it_IT-e5d3200f2f39097aa25c45c0f7243af8.json
[2025-03-12 21:25:01] [INFO] Converting JSON to MD: C:\Users\Chris\cFish.io\wp-content\plugins\gutenberg\gutenberg-it_IT-e7b6005012912540099a002617fcee91.json
[2025-03-12 21:25:01] [INFO] Skipping excluded file: C:\Users\Chris\cFish.io\wp-content\plugins\gutenberg\gutenberg-it_IT-e7b6005012912540099a002617fcee91.json
[2025-03-12 21:25:01] [INFO] Converting JSON to MD: C:\Users\Chris\cFish.io\wp-content\plugins\gutenberg\gutenberg-it_IT-f39744326030f4f787227808e504b523.json
[2025-03-12 21:25:01] [INFO] Skipping excluded file: C:\Users\Chris\cFish.io\wp-content\plugins\gutenberg\gutenberg-it_IT-f39744326030f4f787227808e504b523.json
[2025-03-12 21:25:01] [INFO] Converting JSON to MD: C:\Users\Chris\cFish.io\wp-content\plugins\gutenberg\gutenberg-ja-04418208c292b36bc4a3469b3ffc3d41.json
[2025-03-12 21:25:01] [INFO] Skipping excluded file: C:\Users\Chris\cFish.io\wp-content\plugins\gutenberg\gutenberg-ja-04418208c292b36bc4a3469b3ffc3d41.json
[2025-03-12 21:25:01] [INFO] Converting JSON to MD: C:\Users\Chris\cFish.io\wp-content\plugins\gutenberg\gutenberg-ja-07d88e6a803e01276b9bfcc1203e862e.json
[2025-03-12 21:25:01] [INFO] Skipping excluded file: C:\Users\Chris\cFish.io\wp-content\plugins\gutenberg\gutenberg-ja-07d88e6a803e01276b9bfcc1203e862e.json
[2025-03-12 21:25:02] [INFO] Converting JSON to MD: C:\Users\Chris\cFish.io\wp-content\plugins\gutenberg\gutenberg-ja-07ef134978802e52988301e5564a124c.json
[2025-03-12 21:25:02] [INFO] Skipping excluded file: C:\Users\Chris\cFish.io\wp-content\plugins\gutenberg\gutenberg-ja-07ef134978802e52988301e5564a124c.json
[2025-03-12 21:25:02] [INFO] Converting JSON to MD: C:\Users\Chris\cFish.io\wp-content\plugins\gutenberg\gutenberg-ja-17d863d02d419d257cce84f2a9934b91.json
[2025-03-12 21:25:02] [INFO] Skipping excluded file: C:\Users\Chris\cFish.io\wp-content\plugins\gutenberg\gutenberg-ja-17d863d02d419d257cce84f2a9934b91.json
[2025-03-12 21:25:02] [INFO] Converting JSON to MD: C:\Users\Chris\cFish.io\wp-content\plugins\gutenberg\gutenberg-ja-195c2ee33af3438dc681885037a9dd77.json
[2025-03-12 21:25:02] [INFO] Skipping excluded file: C:\Users\Chris\cFish.io\wp-content\plugins\gutenberg\gutenberg-ja-195c2ee33af3438dc681885037a9dd77.json
[2025-03-12 21:25:02] [INFO] Converting JSON to MD: C:\Users\Chris\cFish.io\wp-content\plugins\gutenberg\gutenberg-ja-22103b0fceb70bf4f3ed789172c4cc4e.json
[2025-03-12 21:25:02] [INFO] Skipping excluded file: C:\Users\Chris\cFish.io\wp-content\plugins\gutenberg\gutenberg-ja-22103b0fceb70bf4f3ed789172c4cc4e.json
[2025-03-12 21:25:02] [INFO] Converting JSON to MD: C:\Users\Chris\cFish.io\wp-content\plugins\gutenberg\gutenberg-ja-2db29b02b406fc710377e5966a268a5b.json
[2025-03-12 21:25:02] [INFO] Skipping excluded file: C:\Users\Chris\cFish.io\wp-content\plugins\gutenberg\gutenberg-ja-2db29b02b406fc710377e5966a268a5b.json
[2025-03-12 21:25:02] [INFO] Converting JSON to MD: C:\Users\Chris\cFish.io\wp-content\plugins\gutenberg\gutenberg-ja-2ecc15db55b460a0c1c65371b1c7144e.json
[2025-03-12 21:25:02] [INFO] Skipping excluded file: C:\Users\Chris\cFish.io\wp-content\plugins\gutenberg\gutenberg-ja-2ecc15db55b460a0c1c65371b1c7144e.json
[2025-03-12 21:25:02] [INFO] Converting JSON to MD: C:\Users\Chris\cFish.io\wp-content\plugins\gutenberg\gutenberg-ja-562b384b5ba625d9c67b6a487da0fb82.json
[2025-03-12 21:25:02] [INFO] Skipping excluded file: C:\Users\Chris\cFish.io\wp-content\plugins\gutenberg\gutenberg-ja-562b384b5ba625d9c67b6a487da0fb82.json
[2025-03-12 21:25:02] [INFO] Converting JSON to MD: C:\Users\Chris\cFish.io\wp-content\plugins\gutenberg\gutenberg-ja-57ca266aaa51c0865f9b606c3b122edf.json
[2025-03-12 21:25:02] [INFO] Skipping excluded file: C:\Users\Chris\cFish.io\wp-content\plugins\gutenberg\gutenberg-ja-57ca266aaa51c0865f9b606c3b122edf.json
[2025-03-12 21:25:03] [INFO] Converting JSON to MD: C:\Users\Chris\cFish.io\wp-content\plugins\gutenberg\gutenberg-ja-5a39926d0d16d0b7e0231768f706d685.json
[2025-03-12 21:25:03] [INFO] Skipping excluded file: C:\Users\Chris\cFish.io\wp-content\plugins\gutenberg\gutenberg-ja-5a39926d0d16d0b7e0231768f706d685.json
[2025-03-12 21:25:03] [INFO] Converting JSON to MD: C:\Users\Chris\cFish.io\wp-content\plugins\gutenberg\gutenberg-ja-5b24ba153c5b34da32d79d6bf83c42fd.json
[2025-03-12 21:25:03] [INFO] Skipping excluded file: C:\Users\Chris\cFish.io\wp-content\plugins\gutenberg\gutenberg-ja-5b24ba153c5b34da32d79d6bf83c42fd.json
[2025-03-12 21:25:03] [INFO] Converting JSON to MD: C:\Users\Chris\cFish.io\wp-content\plugins\gutenberg\gutenberg-ja-5b6fdbd8b6d8e74e269a71b5e2a640ae.json
[2025-03-12 21:25:03] [INFO] Skipping excluded file: C:\Users\Chris\cFish.io\wp-content\plugins\gutenberg\gutenberg-ja-5b6fdbd8b6d8e74e269a71b5e2a640ae.json
[2025-03-12 21:25:03] [INFO] Converting JSON to MD: C:\Users\Chris\cFish.io\wp-content\plugins\gutenberg\gutenberg-ja-664bd2d849a376fcdd35ecc175c8077e.json
[2025-03-12 21:25:03] [INFO] Skipping excluded file: C:\Users\Chris\cFish.io\wp-content\plugins\gutenberg\gutenberg-ja-664bd2d849a376fcdd35ecc175c8077e.json
[2025-03-12 21:25:03] [INFO] Converting JSON to MD: C:\Users\Chris\cFish.io\wp-content\plugins\gutenberg\gutenberg-ja-669341f094c411cfc73de2f3b74475cd.json
[2025-03-12 21:25:03] [INFO] Skipping excluded file: C:\Users\Chris\cFish.io\wp-content\plugins\gutenberg\gutenberg-ja-669341f094c411cfc73de2f3b74475cd.json
[2025-03-12 21:25:03] [INFO] Converting JSON to MD: C:\Users\Chris\cFish.io\wp-content\plugins\gutenberg\gutenberg-ja-6da18768062abe6e705a5ac7876b5642.json
[2025-03-12 21:25:03] [INFO] Skipping excluded file: C:\Users\Chris\cFish.io\wp-content\plugins\gutenberg\gutenberg-ja-6da18768062abe6e705a5ac7876b5642.json
[2025-03-12 21:25:03] [INFO] Converting JSON to MD: C:\Users\Chris\cFish.io\wp-content\plugins\gutenberg\gutenberg-ja-84a7625187e218b518298469e531382d.json
[2025-03-12 21:25:03] [INFO] Skipping excluded file: C:\Users\Chris\cFish.io\wp-content\plugins\gutenberg\gutenberg-ja-84a7625187e218b518298469e531382d.json
[2025-03-12 21:25:03] [INFO] Converting JSON to MD: C:\Users\Chris\cFish.io\wp-content\plugins\gutenberg\gutenberg-ja-89337192c82f6ec91cfe1bb3aafe66b2.json
[2025-03-12 21:25:03] [INFO] Skipping excluded file: C:\Users\Chris\cFish.io\wp-content\plugins\gutenberg\gutenberg-ja-89337192c82f6ec91cfe1bb3aafe66b2.json
[2025-03-12 21:25:03] [INFO] Converting JSON to MD: C:\Users\Chris\cFish.io\wp-content\plugins\gutenberg\gutenberg-ja-8dd62110e8ea51d13ad3f5c26b723f2f.json
[2025-03-12 21:25:03] [INFO] Skipping excluded file: C:\Users\Chris\cFish.io\wp-content\plugins\gutenberg\gutenberg-ja-8dd62110e8ea51d13ad3f5c26b723f2f.json
[2025-03-12 21:25:04] [INFO] Converting JSON to MD: C:\Users\Chris\cFish.io\wp-content\plugins\gutenberg\gutenberg-ja-b28e16a397b8722f99fae785b95a4478.json
[2025-03-12 21:25:04] [INFO] Skipping excluded file: C:\Users\Chris\cFish.io\wp-content\plugins\gutenberg\gutenberg-ja-b28e16a397b8722f99fae785b95a4478.json
[2025-03-12 21:25:04] [INFO] Converting JSON to MD: C:\Users\Chris\cFish.io\wp-content\plugins\gutenberg\gutenberg-ja-ba39bebc48939c14ec581e7cf44bb27a.json
[2025-03-12 21:25:04] [INFO] Skipping excluded file: C:\Users\Chris\cFish.io\wp-content\plugins\gutenberg\gutenberg-ja-ba39bebc48939c14ec581e7cf44bb27a.json
[2025-03-12 21:25:04] [INFO] Converting JSON to MD: C:\Users\Chris\cFish.io\wp-content\plugins\gutenberg\gutenberg-ja-bd25c177bb43e960435d8bf33c14f6d3.json
[2025-03-12 21:25:04] [INFO] Skipping excluded file: C:\Users\Chris\cFish.io\wp-content\plugins\gutenberg\gutenberg-ja-bd25c177bb43e960435d8bf33c14f6d3.json
[2025-03-12 21:25:04] [INFO] Converting JSON to MD: C:\Users\Chris\cFish.io\wp-content\plugins\gutenberg\gutenberg-ja-c4c26f565695d6a88d0e7ab2e54949c3.json
[2025-03-12 21:25:04] [INFO] Skipping excluded file: C:\Users\Chris\cFish.io\wp-content\plugins\gutenberg\gutenberg-ja-c4c26f565695d6a88d0e7ab2e54949c3.json
[2025-03-12 21:25:04] [INFO] Converting JSON to MD: C:\Users\Chris\cFish.io\wp-content\plugins\gutenberg\gutenberg-ja-cc0ae1a9d2f54754d6de5eabbcb89f5b.json
[2025-03-12 21:25:04] [INFO] Skipping excluded file: C:\Users\Chris\cFish.io\wp-content\plugins\gutenberg\gutenberg-ja-cc0ae1a9d2f54754d6de5eabbcb89f5b.json
[2025-03-12 21:25:04] [INFO] Converting JSON to MD: C:\Users\Chris\cFish.io\wp-content\plugins\gutenberg\gutenberg-ja-d4accdff3b7b226dad1f5f72ccee5bae.json
[2025-03-12 21:25:04] [INFO] Skipping excluded file: C:\Users\Chris\cFish.io\wp-content\plugins\gutenberg\gutenberg-ja-d4accdff3b7b226dad1f5f72ccee5bae.json
[2025-03-12 21:25:04] [INFO] Converting JSON to MD: C:\Users\Chris\cFish.io\wp-content\plugins\gutenberg\gutenberg-ja-d83116db7e3459d9c9a90cae3216278f.json
[2025-03-12 21:25:04] [INFO] Skipping excluded file: C:\Users\Chris\cFish.io\wp-content\plugins\gutenberg\gutenberg-ja-d83116db7e3459d9c9a90cae3216278f.json
[2025-03-12 21:25:04] [INFO] Converting JSON to MD: C:\Users\Chris\cFish.io\wp-content\plugins\gutenberg\gutenberg-ja-e5d3200f2f39097aa25c45c0f7243af8.json
[2025-03-12 21:25:05] [INFO] Skipping excluded file: C:\Users\Chris\cFish.io\wp-content\plugins\gutenberg\gutenberg-ja-e5d3200f2f39097aa25c45c0f7243af8.json
[2025-03-12 21:25:05] [INFO] Converting JSON to MD: C:\Users\Chris\cFish.io\wp-content\plugins\gutenberg\gutenberg-ja-e7b6005012912540099a002617fcee91.json
[2025-03-12 21:25:05] [INFO] Skipping excluded file: C:\Users\Chris\cFish.io\wp-content\plugins\gutenberg\gutenberg-ja-e7b6005012912540099a002617fcee91.json
[2025-03-12 21:25:05] [INFO] Converting JSON to MD: C:\Users\Chris\cFish.io\wp-content\plugins\gutenberg\gutenberg-ja-f39744326030f4f787227808e504b523.json
[2025-03-12 21:25:05] [INFO] Skipping excluded file: C:\Users\Chris\cFish.io\wp-content\plugins\gutenberg\gutenberg-ja-f39744326030f4f787227808e504b523.json
[2025-03-12 21:25:05] [INFO] Converting JSON to MD: C:\Users\Chris\cFish.io\wp-content\plugins\gutenberg\gutenberg-ka_GE-04418208c292b36bc4a3469b3ffc3d41.json
[2025-03-12 21:25:05] [INFO] Skipping excluded file: C:\Users\Chris\cFish.io\wp-content\plugins\gutenberg\gutenberg-ka_GE-04418208c292b36bc4a3469b3ffc3d41.json
[2025-03-12 21:25:05] [INFO] Converting JSON to MD: C:\Users\Chris\cFish.io\wp-content\plugins\gutenberg\gutenberg-ka_GE-07d88e6a803e01276b9bfcc1203e862e.json
[2025-03-12 21:25:05] [INFO] Skipping excluded file: C:\Users\Chris\cFish.io\wp-content\plugins\gutenberg\gutenberg-ka_GE-07d88e6a803e01276b9bfcc1203e862e.json
[2025-03-12 21:25:05] [INFO] Converting JSON to MD: C:\Users\Chris\cFish.io\wp-content\plugins\gutenberg\gutenberg-ka_GE-07ef134978802e52988301e5564a124c.json
[2025-03-12 21:25:05] [INFO] Skipping excluded file: C:\Users\Chris\cFish.io\wp-content\plugins\gutenberg\gutenberg-ka_GE-07ef134978802e52988301e5564a124c.json
[2025-03-12 21:25:05] [INFO] Converting JSON to MD: C:\Users\Chris\cFish.io\wp-content\plugins\gutenberg\gutenberg-ka_GE-195c2ee33af3438dc681885037a9dd77.json
[2025-03-12 21:25:05] [INFO] Skipping excluded file: C:\Users\Chris\cFish.io\wp-content\plugins\gutenberg\gutenberg-ka_GE-195c2ee33af3438dc681885037a9dd77.json
[2025-03-12 21:25:05] [INFO] Converting JSON to MD: C:\Users\Chris\cFish.io\wp-content\plugins\gutenberg\gutenberg-ka_GE-2db29b02b406fc710377e5966a268a5b.json
[2025-03-12 21:25:05] [INFO] Skipping excluded file: C:\Users\Chris\cFish.io\wp-content\plugins\gutenberg\gutenberg-ka_GE-2db29b02b406fc710377e5966a268a5b.json
[2025-03-12 21:25:05] [INFO] Converting JSON to MD: C:\Users\Chris\cFish.io\wp-content\plugins\gutenberg\gutenberg-ka_GE-2ecc15db55b460a0c1c65371b1c7144e.json
[2025-03-12 21:25:05] [INFO] Skipping excluded file: C:\Users\Chris\cFish.io\wp-content\plugins\gutenberg\gutenberg-ka_GE-2ecc15db55b460a0c1c65371b1c7144e.json
[2025-03-12 21:25:06] [INFO] Converting JSON to MD: C:\Users\Chris\cFish.io\wp-content\plugins\gutenberg\gutenberg-ka_GE-562b384b5ba625d9c67b6a487da0fb82.json
[2025-03-12 21:25:06] [INFO] Skipping excluded file: C:\Users\Chris\cFish.io\wp-content\plugins\gutenberg\gutenberg-ka_GE-562b384b5ba625d9c67b6a487da0fb82.json
[2025-03-12 21:25:06] [INFO] Converting JSON to MD: C:\Users\Chris\cFish.io\wp-content\plugins\gutenberg\gutenberg-ka_GE-57ca266aaa51c0865f9b606c3b122edf.json
[2025-03-12 21:25:06] [INFO] Skipping excluded file: C:\Users\Chris\cFish.io\wp-content\plugins\gutenberg\gutenberg-ka_GE-57ca266aaa51c0865f9b606c3b122edf.json
[2025-03-12 21:25:06] [INFO] Converting JSON to MD: C:\Users\Chris\cFish.io\wp-content\plugins\gutenberg\gutenberg-ka_GE-5a39926d0d16d0b7e0231768f706d685.json
[2025-03-12 21:25:06] [INFO] Skipping excluded file: C:\Users\Chris\cFish.io\wp-content\plugins\gutenberg\gutenberg-ka_GE-5a39926d0d16d0b7e0231768f706d685.json
[2025-03-12 21:25:06] [INFO] Converting JSON to MD: C:\Users\Chris\cFish.io\wp-content\plugins\gutenberg\gutenberg-ka_GE-5b24ba153c5b34da32d79d6bf83c42fd.json
[2025-03-12 21:25:06] [INFO] Skipping excluded file: C:\Users\Chris\cFish.io\wp-content\plugins\gutenberg\gutenberg-ka_GE-5b24ba153c5b34da32d79d6bf83c42fd.json
[2025-03-12 21:25:06] [INFO] Converting JSON to MD: C:\Users\Chris\cFish.io\wp-content\plugins\gutenberg\gutenberg-ka_GE-5b6fdbd8b6d8e74e269a71b5e2a640ae.json
[2025-03-12 21:25:06] [INFO] Skipping excluded file: C:\Users\Chris\cFish.io\wp-content\plugins\gutenberg\gutenberg-ka_GE-5b6fdbd8b6d8e74e269a71b5e2a640ae.json
[2025-03-12 21:25:06] [INFO] Converting JSON to MD: C:\Users\Chris\cFish.io\wp-content\plugins\gutenberg\gutenberg-ka_GE-669341f094c411cfc73de2f3b74475cd.json
[2025-03-12 21:25:06] [INFO] Skipping excluded file: C:\Users\Chris\cFish.io\wp-content\plugins\gutenberg\gutenberg-ka_GE-669341f094c411cfc73de2f3b74475cd.json
[2025-03-12 21:25:06] [INFO] Converting JSON to MD: C:\Users\Chris\cFish.io\wp-content\plugins\gutenberg\gutenberg-ka_GE-6da18768062abe6e705a5ac7876b5642.json
[2025-03-12 21:25:06] [INFO] Skipping excluded file: C:\Users\Chris\cFish.io\wp-content\plugins\gutenberg\gutenberg-ka_GE-6da18768062abe6e705a5ac7876b5642.json
[2025-03-12 21:25:06] [INFO] Converting JSON to MD: C:\Users\Chris\cFish.io\wp-content\plugins\gutenberg\gutenberg-ka_GE-84a7625187e218b518298469e531382d.json
[2025-03-12 21:25:06] [INFO] Skipping excluded file: C:\Users\Chris\cFish.io\wp-content\plugins\gutenberg\gutenberg-ka_GE-84a7625187e218b518298469e531382d.json
[2025-03-12 21:25:07] [INFO] Converting JSON to MD: C:\Users\Chris\cFish.io\wp-content\plugins\gutenberg\gutenberg-ka_GE-89337192c82f6ec91cfe1bb3aafe66b2.json
[2025-03-12 21:25:07] [INFO] Skipping excluded file: C:\Users\Chris\cFish.io\wp-content\plugins\gutenberg\gutenberg-ka_GE-89337192c82f6ec91cfe1bb3aafe66b2.json
[2025-03-12 21:25:07] [INFO] Converting JSON to MD: C:\Users\Chris\cFish.io\wp-content\plugins\gutenberg\gutenberg-ka_GE-b28e16a397b8722f99fae785b95a4478.json
[2025-03-12 21:25:07] [INFO] Skipping excluded file: C:\Users\Chris\cFish.io\wp-content\plugins\gutenberg\gutenberg-ka_GE-b28e16a397b8722f99fae785b95a4478.json
[2025-03-12 21:25:07] [INFO] Converting JSON to MD: C:\Users\Chris\cFish.io\wp-content\plugins\gutenberg\gutenberg-ka_GE-ba39bebc48939c14ec581e7cf44bb27a.json
[2025-03-12 21:25:07] [INFO] Skipping excluded file: C:\Users\Chris\cFish.io\wp-content\plugins\gutenberg\gutenberg-ka_GE-ba39bebc48939c14ec581e7cf44bb27a.json
[2025-03-12 21:25:07] [INFO] Converting JSON to MD: C:\Users\Chris\cFish.io\wp-content\plugins\gutenberg\gutenberg-ka_GE-c4c26f565695d6a88d0e7ab2e54949c3.json
[2025-03-12 21:25:07] [INFO] Skipping excluded file: C:\Users\Chris\cFish.io\wp-content\plugins\gutenberg\gutenberg-ka_GE-c4c26f565695d6a88d0e7ab2e54949c3.json
[2025-03-12 21:25:07] [INFO] Converting JSON to MD: C:\Users\Chris\cFish.io\wp-content\plugins\gutenberg\gutenberg-ka_GE-cc0ae1a9d2f54754d6de5eabbcb89f5b.json
[2025-03-12 21:25:07] [INFO] Skipping excluded file: C:\Users\Chris\cFish.io\wp-content\plugins\gutenberg\gutenberg-ka_GE-cc0ae1a9d2f54754d6de5eabbcb89f5b.json
[2025-03-12 21:25:07] [INFO] Converting JSON to MD: C:\Users\Chris\cFish.io\wp-content\plugins\gutenberg\gutenberg-ka_GE-d4accdff3b7b226dad1f5f72ccee5bae.json
[2025-03-12 21:25:07] [INFO] Skipping excluded file: C:\Users\Chris\cFish.io\wp-content\plugins\gutenberg\gutenberg-ka_GE-d4accdff3b7b226dad1f5f72ccee5bae.json
[2025-03-12 21:25:07] [INFO] Converting JSON to MD: C:\Users\Chris\cFish.io\wp-content\plugins\gutenberg\gutenberg-ka_GE-d83116db7e3459d9c9a90cae3216278f.json
[2025-03-12 21:25:07] [INFO] Skipping excluded file: C:\Users\Chris\cFish.io\wp-content\plugins\gutenberg\gutenberg-ka_GE-d83116db7e3459d9c9a90cae3216278f.json
[2025-03-12 21:25:07] [INFO] Converting JSON to MD: C:\Users\Chris\cFish.io\wp-content\plugins\gutenberg\gutenberg-ka_GE-e5d3200f2f39097aa25c45c0f7243af8.json
[2025-03-12 21:25:07] [INFO] Skipping excluded file: C:\Users\Chris\cFish.io\wp-content\plugins\gutenberg\gutenberg-ka_GE-e5d3200f2f39097aa25c45c0f7243af8.json
[2025-03-12 21:25:07] [INFO] Converting JSON to MD: C:\Users\Chris\cFish.io\wp-content\plugins\gutenberg\gutenberg-ka_GE-e7b6005012912540099a002617fcee91.json
[2025-03-12 21:25:07] [INFO] Skipping excluded file: C:\Users\Chris\cFish.io\wp-content\plugins\gutenberg\gutenberg-ka_GE-e7b6005012912540099a002617fcee91.json
[2025-03-12 21:25:08] [INFO] Converting JSON to MD: C:\Users\Chris\cFish.io\wp-content\plugins\gutenberg\gutenberg-ka_GE-f39744326030f4f787227808e504b523.json
[2025-03-12 21:25:08] [INFO] Skipping excluded file: C:\Users\Chris\cFish.io\wp-content\plugins\gutenberg\gutenberg-ka_GE-f39744326030f4f787227808e504b523.json
[2025-03-12 21:25:08] [INFO] Converting JSON to MD: C:\Users\Chris\cFish.io\wp-content\plugins\gutenberg\gutenberg-ko_KR-04418208c292b36bc4a3469b3ffc3d41.json
[2025-03-12 21:25:08] [INFO] Skipping excluded file: C:\Users\Chris\cFish.io\wp-content\plugins\gutenberg\gutenberg-ko_KR-04418208c292b36bc4a3469b3ffc3d41.json
[2025-03-12 21:25:08] [INFO] Converting JSON to MD: C:\Users\Chris\cFish.io\wp-content\plugins\gutenberg\gutenberg-ko_KR-07d88e6a803e01276b9bfcc1203e862e.json
[2025-03-12 21:25:08] [INFO] Skipping excluded file: C:\Users\Chris\cFish.io\wp-content\plugins\gutenberg\gutenberg-ko_KR-07d88e6a803e01276b9bfcc1203e862e.json
[2025-03-12 21:25:08] [INFO] Converting JSON to MD: C:\Users\Chris\cFish.io\wp-content\plugins\gutenberg\gutenberg-ko_KR-07ef134978802e52988301e5564a124c.json
[2025-03-12 21:25:08] [INFO] Skipping excluded file: C:\Users\Chris\cFish.io\wp-content\plugins\gutenberg\gutenberg-ko_KR-07ef134978802e52988301e5564a124c.json
[2025-03-12 21:25:08] [INFO] Converting JSON to MD: C:\Users\Chris\cFish.io\wp-content\plugins\gutenberg\gutenberg-ko_KR-17d863d02d419d257cce84f2a9934b91.json
[2025-03-12 21:25:08] [INFO] Skipping excluded file: C:\Users\Chris\cFish.io\wp-content\plugins\gutenberg\gutenberg-ko_KR-17d863d02d419d257cce84f2a9934b91.json
[2025-03-12 21:25:08] [INFO] Converting JSON to MD: C:\Users\Chris\cFish.io\wp-content\plugins\gutenberg\gutenberg-ko_KR-195c2ee33af3438dc681885037a9dd77.json
[2025-03-12 21:25:08] [INFO] Skipping excluded file: C:\Users\Chris\cFish.io\wp-content\plugins\gutenberg\gutenberg-ko_KR-195c2ee33af3438dc681885037a9dd77.json
[2025-03-12 21:25:08] [INFO] Converting JSON to MD: C:\Users\Chris\cFish.io\wp-content\plugins\gutenberg\gutenberg-ko_KR-22103b0fceb70bf4f3ed789172c4cc4e.json
[2025-03-12 21:25:08] [INFO] Skipping excluded file: C:\Users\Chris\cFish.io\wp-content\plugins\gutenberg\gutenberg-ko_KR-22103b0fceb70bf4f3ed789172c4cc4e.json
[2025-03-12 21:25:08] [INFO] Converting JSON to MD: C:\Users\Chris\cFish.io\wp-content\plugins\gutenberg\gutenberg-ko_KR-2db29b02b406fc710377e5966a268a5b.json
[2025-03-12 21:25:08] [INFO] Skipping excluded file: C:\Users\Chris\cFish.io\wp-content\plugins\gutenberg\gutenberg-ko_KR-2db29b02b406fc710377e5966a268a5b.json
[2025-03-12 21:25:08] [INFO] Converting JSON to MD: C:\Users\Chris\cFish.io\wp-content\plugins\gutenberg\gutenberg-ko_KR-2ecc15db55b460a0c1c65371b1c7144e.json
[2025-03-12 21:25:08] [INFO] Skipping excluded file: C:\Users\Chris\cFish.io\wp-content\plugins\gutenberg\gutenberg-ko_KR-2ecc15db55b460a0c1c65371b1c7144e.json
[2025-03-12 21:25:09] [INFO] Converting JSON to MD: C:\Users\Chris\cFish.io\wp-content\plugins\gutenberg\gutenberg-ko_KR-562b384b5ba625d9c67b6a487da0fb82.json
[2025-03-12 21:25:09] [INFO] Skipping excluded file: C:\Users\Chris\cFish.io\wp-content\plugins\gutenberg\gutenberg-ko_KR-562b384b5ba625d9c67b6a487da0fb82.json
[2025-03-12 21:25:09] [INFO] Converting JSON to MD: C:\Users\Chris\cFish.io\wp-content\plugins\gutenberg\gutenberg-ko_KR-57ca266aaa51c0865f9b606c3b122edf.json
[2025-03-12 21:25:09] [INFO] Skipping excluded file: C:\Users\Chris\cFish.io\wp-content\plugins\gutenberg\gutenberg-ko_KR-57ca266aaa51c0865f9b606c3b122edf.json
[2025-03-12 21:25:09] [INFO] Converting JSON to MD: C:\Users\Chris\cFish.io\wp-content\plugins\gutenberg\gutenberg-ko_KR-5a39926d0d16d0b7e0231768f706d685.json
[2025-03-12 21:25:09] [INFO] Skipping excluded file: C:\Users\Chris\cFish.io\wp-content\plugins\gutenberg\gutenberg-ko_KR-5a39926d0d16d0b7e0231768f706d685.json
[2025-03-12 21:25:09] [INFO] Converting JSON to MD: C:\Users\Chris\cFish.io\wp-content\plugins\gutenberg\gutenberg-ko_KR-5b24ba153c5b34da32d79d6bf83c42fd.json
[2025-03-12 21:25:09] [INFO] Skipping excluded file: C:\Users\Chris\cFish.io\wp-content\plugins\gutenberg\gutenberg-ko_KR-5b24ba153c5b34da32d79d6bf83c42fd.json
[2025-03-12 21:25:09] [INFO] Converting JSON to MD: C:\Users\Chris\cFish.io\wp-content\plugins\gutenberg\gutenberg-ko_KR-5b6fdbd8b6d8e74e269a71b5e2a640ae.json
[2025-03-12 21:25:09] [INFO] Skipping excluded file: C:\Users\Chris\cFish.io\wp-content\plugins\gutenberg\gutenberg-ko_KR-5b6fdbd8b6d8e74e269a71b5e2a640ae.json
[2025-03-12 21:25:09] [INFO] Converting JSON to MD: C:\Users\Chris\cFish.io\wp-content\plugins\gutenberg\gutenberg-ko_KR-664bd2d849a376fcdd35ecc175c8077e.json
[2025-03-12 21:25:09] [INFO] Skipping excluded file: C:\Users\Chris\cFish.io\wp-content\plugins\gutenberg\gutenberg-ko_KR-664bd2d849a376fcdd35ecc175c8077e.json
[2025-03-12 21:25:09] [INFO] Converting JSON to MD: C:\Users\Chris\cFish.io\wp-content\plugins\gutenberg\gutenberg-ko_KR-669341f094c411cfc73de2f3b74475cd.json
[2025-03-12 21:25:09] [INFO] Skipping excluded file: C:\Users\Chris\cFish.io\wp-content\plugins\gutenberg\gutenberg-ko_KR-669341f094c411cfc73de2f3b74475cd.json
[2025-03-12 21:25:09] [INFO] Converting JSON to MD: C:\Users\Chris\cFish.io\wp-content\plugins\gutenberg\gutenberg-ko_KR-6da18768062abe6e705a5ac7876b5642.json
[2025-03-12 21:25:09] [INFO] Skipping excluded file: C:\Users\Chris\cFish.io\wp-content\plugins\gutenberg\gutenberg-ko_KR-6da18768062abe6e705a5ac7876b5642.json
[2025-03-12 21:25:10] [INFO] Converting JSON to MD: C:\Users\Chris\cFish.io\wp-content\plugins\gutenberg\gutenberg-ko_KR-84a7625187e218b518298469e531382d.json
[2025-03-12 21:25:10] [INFO] Skipping excluded file: C:\Users\Chris\cFish.io\wp-content\plugins\gutenberg\gutenberg-ko_KR-84a7625187e218b518298469e531382d.json
[2025-03-12 21:25:10] [INFO] Converting JSON to MD: C:\Users\Chris\cFish.io\wp-content\plugins\gutenberg\gutenberg-ko_KR-89337192c82f6ec91cfe1bb3aafe66b2.json
[2025-03-12 21:25:10] [INFO] Skipping excluded file: C:\Users\Chris\cFish.io\wp-content\plugins\gutenberg\gutenberg-ko_KR-89337192c82f6ec91cfe1bb3aafe66b2.json
[2025-03-12 21:25:10] [INFO] Converting JSON to MD: C:\Users\Chris\cFish.io\wp-content\plugins\gutenberg\gutenberg-ko_KR-8dd62110e8ea51d13ad3f5c26b723f2f.json
[2025-03-12 21:25:10] [INFO] Skipping excluded file: C:\Users\Chris\cFish.io\wp-content\plugins\gutenberg\gutenberg-ko_KR-8dd62110e8ea51d13ad3f5c26b723f2f.json
[2025-03-12 21:25:10] [INFO] Converting JSON to MD: C:\Users\Chris\cFish.io\wp-content\plugins\gutenberg\gutenberg-ko_KR-b28e16a397b8722f99fae785b95a4478.json
[2025-03-12 21:25:10] [INFO] Skipping excluded file: C:\Users\Chris\cFish.io\wp-content\plugins\gutenberg\gutenberg-ko_KR-b28e16a397b8722f99fae785b95a4478.json
[2025-03-12 21:25:10] [INFO] Converting JSON to MD: C:\Users\Chris\cFish.io\wp-content\plugins\gutenberg\gutenberg-ko_KR-ba39bebc48939c14ec581e7cf44bb27a.json
[2025-03-12 21:25:10] [INFO] Skipping excluded file: C:\Users\Chris\cFish.io\wp-content\plugins\gutenberg\gutenberg-ko_KR-ba39bebc48939c14ec581e7cf44bb27a.json
[2025-03-12 21:25:10] [INFO] Converting JSON to MD: C:\Users\Chris\cFish.io\wp-content\plugins\gutenberg\gutenberg-ko_KR-bd25c177bb43e960435d8bf33c14f6d3.json
[2025-03-12 21:25:10] [INFO] Skipping excluded file: C:\Users\Chris\cFish.io\wp-content\plugins\gutenberg\gutenberg-ko_KR-bd25c177bb43e960435d8bf33c14f6d3.json
[2025-03-12 21:25:10] [INFO] Converting JSON to MD: C:\Users\Chris\cFish.io\wp-content\plugins\gutenberg\gutenberg-ko_KR-c4c26f565695d6a88d0e7ab2e54949c3.json
[2025-03-12 21:25:10] [INFO] Skipping excluded file: C:\Users\Chris\cFish.io\wp-content\plugins\gutenberg\gutenberg-ko_KR-c4c26f565695d6a88d0e7ab2e54949c3.json
[2025-03-12 21:25:10] [INFO] Converting JSON to MD: C:\Users\Chris\cFish.io\wp-content\plugins\gutenberg\gutenberg-ko_KR-cc0ae1a9d2f54754d6de5eabbcb89f5b.json
[2025-03-12 21:25:10] [INFO] Skipping excluded file: C:\Users\Chris\cFish.io\wp-content\plugins\gutenberg\gutenberg-ko_KR-cc0ae1a9d2f54754d6de5eabbcb89f5b.json
[2025-03-12 21:25:10] [INFO] Converting JSON to MD: C:\Users\Chris\cFish.io\wp-content\plugins\gutenberg\gutenberg-ko_KR-d4accdff3b7b226dad1f5f72ccee5bae.json
[2025-03-12 21:25:10] [INFO] Skipping excluded file: C:\Users\Chris\cFish.io\wp-content\plugins\gutenberg\gutenberg-ko_KR-d4accdff3b7b226dad1f5f72ccee5bae.json
[2025-03-12 21:25:11] [INFO] Converting JSON to MD: C:\Users\Chris\cFish.io\wp-content\plugins\gutenberg\gutenberg-ko_KR-d83116db7e3459d9c9a90cae3216278f.json
[2025-03-12 21:25:11] [INFO] Skipping excluded file: C:\Users\Chris\cFish.io\wp-content\plugins\gutenberg\gutenberg-ko_KR-d83116db7e3459d9c9a90cae3216278f.json
[2025-03-12 21:25:11] [INFO] Converting JSON to MD: C:\Users\Chris\cFish.io\wp-content\plugins\gutenberg\gutenberg-ko_KR-e5d3200f2f39097aa25c45c0f7243af8.json
[2025-03-12 21:25:11] [INFO] Skipping excluded file: C:\Users\Chris\cFish.io\wp-content\plugins\gutenberg\gutenberg-ko_KR-e5d3200f2f39097aa25c45c0f7243af8.json
[2025-03-12 21:25:11] [INFO] Converting JSON to MD: C:\Users\Chris\cFish.io\wp-content\plugins\gutenberg\gutenberg-ko_KR-e7b6005012912540099a002617fcee91.json
[2025-03-12 21:25:11] [INFO] Skipping excluded file: C:\Users\Chris\cFish.io\wp-content\plugins\gutenberg\gutenberg-ko_KR-e7b6005012912540099a002617fcee91.json
[2025-03-12 21:25:11] [INFO] Converting JSON to MD: C:\Users\Chris\cFish.io\wp-content\plugins\gutenberg\gutenberg-ko_KR-f39744326030f4f787227808e504b523.json
[2025-03-12 21:25:11] [INFO] Skipping excluded file: C:\Users\Chris\cFish.io\wp-content\plugins\gutenberg\gutenberg-ko_KR-f39744326030f4f787227808e504b523.json
[2025-03-12 21:25:11] [INFO] Converting JSON to MD: C:\Users\Chris\cFish.io\wp-content\plugins\gutenberg\gutenberg-lv-04418208c292b36bc4a3469b3ffc3d41.json
[2025-03-12 21:25:11] [INFO] Skipping excluded file: C:\Users\Chris\cFish.io\wp-content\plugins\gutenberg\gutenberg-lv-04418208c292b36bc4a3469b3ffc3d41.json
[2025-03-12 21:25:11] [INFO] Converting JSON to MD: C:\Users\Chris\cFish.io\wp-content\plugins\gutenberg\gutenberg-lv-07d88e6a803e01276b9bfcc1203e862e.json
[2025-03-12 21:25:11] [INFO] Skipping excluded file: C:\Users\Chris\cFish.io\wp-content\plugins\gutenberg\gutenberg-lv-07d88e6a803e01276b9bfcc1203e862e.json
[2025-03-12 21:25:11] [INFO] Converting JSON to MD: C:\Users\Chris\cFish.io\wp-content\plugins\gutenberg\gutenberg-lv-07ef134978802e52988301e5564a124c.json
[2025-03-12 21:25:11] [INFO] Skipping excluded file: C:\Users\Chris\cFish.io\wp-content\plugins\gutenberg\gutenberg-lv-07ef134978802e52988301e5564a124c.json
[2025-03-12 21:25:11] [INFO] Converting JSON to MD: C:\Users\Chris\cFish.io\wp-content\plugins\gutenberg\gutenberg-lv-17d863d02d419d257cce84f2a9934b91.json
[2025-03-12 21:25:11] [INFO] Skipping excluded file: C:\Users\Chris\cFish.io\wp-content\plugins\gutenberg\gutenberg-lv-17d863d02d419d257cce84f2a9934b91.json
[2025-03-12 21:25:11] [INFO] Converting JSON to MD: C:\Users\Chris\cFish.io\wp-content\plugins\gutenberg\gutenberg-lv-195c2ee33af3438dc681885037a9dd77.json
[2025-03-12 21:25:11] [INFO] Skipping excluded file: C:\Users\Chris\cFish.io\wp-content\plugins\gutenberg\gutenberg-lv-195c2ee33af3438dc681885037a9dd77.json
[2025-03-12 21:25:12] [INFO] Converting JSON to MD: C:\Users\Chris\cFish.io\wp-content\plugins\gutenberg\gutenberg-lv-22103b0fceb70bf4f3ed789172c4cc4e.json
[2025-03-12 21:25:12] [INFO] Skipping excluded file: C:\Users\Chris\cFish.io\wp-content\plugins\gutenberg\gutenberg-lv-22103b0fceb70bf4f3ed789172c4cc4e.json
[2025-03-12 21:25:12] [INFO] Converting JSON to MD: C:\Users\Chris\cFish.io\wp-content\plugins\gutenberg\gutenberg-lv-2db29b02b406fc710377e5966a268a5b.json
[2025-03-12 21:25:12] [INFO] Skipping excluded file: C:\Users\Chris\cFish.io\wp-content\plugins\gutenberg\gutenberg-lv-2db29b02b406fc710377e5966a268a5b.json
[2025-03-12 21:25:12] [INFO] Converting JSON to MD: C:\Users\Chris\cFish.io\wp-content\plugins\gutenberg\gutenberg-lv-2ecc15db55b460a0c1c65371b1c7144e.json
[2025-03-12 21:25:12] [INFO] Skipping excluded file: C:\Users\Chris\cFish.io\wp-content\plugins\gutenberg\gutenberg-lv-2ecc15db55b460a0c1c65371b1c7144e.json
[2025-03-12 21:25:12] [INFO] Converting JSON to MD: C:\Users\Chris\cFish.io\wp-content\plugins\gutenberg\gutenberg-lv-562b384b5ba625d9c67b6a487da0fb82.json
[2025-03-12 21:25:12] [INFO] Skipping excluded file: C:\Users\Chris\cFish.io\wp-content\plugins\gutenberg\gutenberg-lv-562b384b5ba625d9c67b6a487da0fb82.json
[2025-03-12 21:25:12] [INFO] Converting JSON to MD: C:\Users\Chris\cFish.io\wp-content\plugins\gutenberg\gutenberg-lv-57ca266aaa51c0865f9b606c3b122edf.json
[2025-03-12 21:25:12] [INFO] Skipping excluded file: C:\Users\Chris\cFish.io\wp-content\plugins\gutenberg\gutenberg-lv-57ca266aaa51c0865f9b606c3b122edf.json
[2025-03-12 21:25:12] [INFO] Converting JSON to MD: C:\Users\Chris\cFish.io\wp-content\plugins\gutenberg\gutenberg-lv-5a39926d0d16d0b7e0231768f706d685.json
[2025-03-12 21:25:12] [INFO] Skipping excluded file: C:\Users\Chris\cFish.io\wp-content\plugins\gutenberg\gutenberg-lv-5a39926d0d16d0b7e0231768f706d685.json
[2025-03-12 21:25:12] [INFO] Converting JSON to MD: C:\Users\Chris\cFish.io\wp-content\plugins\gutenberg\gutenberg-lv-5b24ba153c5b34da32d79d6bf83c42fd.json
[2025-03-12 21:25:12] [INFO] Skipping excluded file: C:\Users\Chris\cFish.io\wp-content\plugins\gutenberg\gutenberg-lv-5b24ba153c5b34da32d79d6bf83c42fd.json
[2025-03-12 21:25:12] [INFO] Converting JSON to MD: C:\Users\Chris\cFish.io\wp-content\plugins\gutenberg\gutenberg-lv-5b6fdbd8b6d8e74e269a71b5e2a640ae.json
[2025-03-12 21:25:12] [INFO] Skipping excluded file: C:\Users\Chris\cFish.io\wp-content\plugins\gutenberg\gutenberg-lv-5b6fdbd8b6d8e74e269a71b5e2a640ae.json
[2025-03-12 21:25:13] [INFO] Converting JSON to MD: C:\Users\Chris\cFish.io\wp-content\plugins\gutenberg\gutenberg-lv-664bd2d849a376fcdd35ecc175c8077e.json
[2025-03-12 21:25:13] [INFO] Skipping excluded file: C:\Users\Chris\cFish.io\wp-content\plugins\gutenberg\gutenberg-lv-664bd2d849a376fcdd35ecc175c8077e.json
[2025-03-12 21:25:13] [INFO] Converting JSON to MD: C:\Users\Chris\cFish.io\wp-content\plugins\gutenberg\gutenberg-lv-669341f094c411cfc73de2f3b74475cd.json
[2025-03-12 21:25:13] [INFO] Skipping excluded file: C:\Users\Chris\cFish.io\wp-content\plugins\gutenberg\gutenberg-lv-669341f094c411cfc73de2f3b74475cd.json
[2025-03-12 21:25:13] [INFO] Converting JSON to MD: C:\Users\Chris\cFish.io\wp-content\plugins\gutenberg\gutenberg-lv-6da18768062abe6e705a5ac7876b5642.json
[2025-03-12 21:25:13] [INFO] Skipping excluded file: C:\Users\Chris\cFish.io\wp-content\plugins\gutenberg\gutenberg-lv-6da18768062abe6e705a5ac7876b5642.json
[2025-03-12 21:25:13] [INFO] Converting JSON to MD: C:\Users\Chris\cFish.io\wp-content\plugins\gutenberg\gutenberg-lv-84a7625187e218b518298469e531382d.json
[2025-03-12 21:25:13] [INFO] Skipping excluded file: C:\Users\Chris\cFish.io\wp-content\plugins\gutenberg\gutenberg-lv-84a7625187e218b518298469e531382d.json
[2025-03-12 21:25:13] [INFO] Converting JSON to MD: C:\Users\Chris\cFish.io\wp-content\plugins\gutenberg\gutenberg-lv-89337192c82f6ec91cfe1bb3aafe66b2.json
[2025-03-12 21:25:13] [INFO] Skipping excluded file: C:\Users\Chris\cFish.io\wp-content\plugins\gutenberg\gutenberg-lv-89337192c82f6ec91cfe1bb3aafe66b2.json
[2025-03-12 21:25:13] [INFO] Converting JSON to MD: C:\Users\Chris\cFish.io\wp-content\plugins\gutenberg\gutenberg-lv-8dd62110e8ea51d13ad3f5c26b723f2f.json
[2025-03-12 21:25:13] [INFO] Skipping excluded file: C:\Users\Chris\cFish.io\wp-content\plugins\gutenberg\gutenberg-lv-8dd62110e8ea51d13ad3f5c26b723f2f.json
[2025-03-12 21:25:13] [INFO] Converting JSON to MD: C:\Users\Chris\cFish.io\wp-content\plugins\gutenberg\gutenberg-lv-b28e16a397b8722f99fae785b95a4478.json
[2025-03-12 21:25:13] [INFO] Skipping excluded file: C:\Users\Chris\cFish.io\wp-content\plugins\gutenberg\gutenberg-lv-b28e16a397b8722f99fae785b95a4478.json
[2025-03-12 21:25:13] [INFO] Converting JSON to MD: C:\Users\Chris\cFish.io\wp-content\plugins\gutenberg\gutenberg-lv-ba39bebc48939c14ec581e7cf44bb27a.json
[2025-03-12 21:25:13] [INFO] Skipping excluded file: C:\Users\Chris\cFish.io\wp-content\plugins\gutenberg\gutenberg-lv-ba39bebc48939c14ec581e7cf44bb27a.json
[2025-03-12 21:25:13] [INFO] Converting JSON to MD: C:\Users\Chris\cFish.io\wp-content\plugins\gutenberg\gutenberg-lv-bd25c177bb43e960435d8bf33c14f6d3.json
[2025-03-12 21:25:13] [INFO] Skipping excluded file: C:\Users\Chris\cFish.io\wp-content\plugins\gutenberg\gutenberg-lv-bd25c177bb43e960435d8bf33c14f6d3.json
[2025-03-12 21:25:14] [INFO] Converting JSON to MD: C:\Users\Chris\cFish.io\wp-content\plugins\gutenberg\gutenberg-lv-c4c26f565695d6a88d0e7ab2e54949c3.json
[2025-03-12 21:25:14] [INFO] Skipping excluded file: C:\Users\Chris\cFish.io\wp-content\plugins\gutenberg\gutenberg-lv-c4c26f565695d6a88d0e7ab2e54949c3.json
[2025-03-12 21:25:14] [INFO] Converting JSON to MD: C:\Users\Chris\cFish.io\wp-content\plugins\gutenberg\gutenberg-lv-cc0ae1a9d2f54754d6de5eabbcb89f5b.json
[2025-03-12 21:25:14] [INFO] Skipping excluded file: C:\Users\Chris\cFish.io\wp-content\plugins\gutenberg\gutenberg-lv-cc0ae1a9d2f54754d6de5eabbcb89f5b.json
[2025-03-12 21:25:14] [INFO] Converting JSON to MD: C:\Users\Chris\cFish.io\wp-content\plugins\gutenberg\gutenberg-lv-d4accdff3b7b226dad1f5f72ccee5bae.json
[2025-03-12 21:25:14] [INFO] Skipping excluded file: C:\Users\Chris\cFish.io\wp-content\plugins\gutenberg\gutenberg-lv-d4accdff3b7b226dad1f5f72ccee5bae.json
[2025-03-12 21:25:14] [INFO] Converting JSON to MD: C:\Users\Chris\cFish.io\wp-content\plugins\gutenberg\gutenberg-lv-d83116db7e3459d9c9a90cae3216278f.json
[2025-03-12 21:25:14] [INFO] Skipping excluded file: C:\Users\Chris\cFish.io\wp-content\plugins\gutenberg\gutenberg-lv-d83116db7e3459d9c9a90cae3216278f.json
[2025-03-12 21:25:14] [INFO] Converting JSON to MD: C:\Users\Chris\cFish.io\wp-content\plugins\gutenberg\gutenberg-lv-e5d3200f2f39097aa25c45c0f7243af8.json
[2025-03-12 21:25:14] [INFO] Skipping excluded file: C:\Users\Chris\cFish.io\wp-content\plugins\gutenberg\gutenberg-lv-e5d3200f2f39097aa25c45c0f7243af8.json
[2025-03-12 21:25:14] [INFO] Converting JSON to MD: C:\Users\Chris\cFish.io\wp-content\plugins\gutenberg\gutenberg-lv-e7b6005012912540099a002617fcee91.json
[2025-03-12 21:25:14] [INFO] Skipping excluded file: C:\Users\Chris\cFish.io\wp-content\plugins\gutenberg\gutenberg-lv-e7b6005012912540099a002617fcee91.json
[2025-03-12 21:25:14] [INFO] Converting JSON to MD: C:\Users\Chris\cFish.io\wp-content\plugins\gutenberg\gutenberg-lv-f39744326030f4f787227808e504b523.json
[2025-03-12 21:25:14] [INFO] Skipping excluded file: C:\Users\Chris\cFish.io\wp-content\plugins\gutenberg\gutenberg-lv-f39744326030f4f787227808e504b523.json
[2025-03-12 21:25:14] [INFO] Converting JSON to MD: C:\Users\Chris\cFish.io\wp-content\plugins\gutenberg\gutenberg-mn-04418208c292b36bc4a3469b3ffc3d41.json
[2025-03-12 21:25:14] [INFO] Skipping excluded file: C:\Users\Chris\cFish.io\wp-content\plugins\gutenberg\gutenberg-mn-04418208c292b36bc4a3469b3ffc3d41.json
[2025-03-12 21:25:14] [INFO] Converting JSON to MD: C:\Users\Chris\cFish.io\wp-content\plugins\gutenberg\gutenberg-mn-07d88e6a803e01276b9bfcc1203e862e.json
[2025-03-12 21:25:14] [INFO] Skipping excluded file: C:\Users\Chris\cFish.io\wp-content\plugins\gutenberg\gutenberg-mn-07d88e6a803e01276b9bfcc1203e862e.json
[2025-03-12 21:25:15] [INFO] Converting JSON to MD: C:\Users\Chris\cFish.io\wp-content\plugins\gutenberg\gutenberg-mn-07ef134978802e52988301e5564a124c.json
[2025-03-12 21:25:15] [INFO] Skipping excluded file: C:\Users\Chris\cFish.io\wp-content\plugins\gutenberg\gutenberg-mn-07ef134978802e52988301e5564a124c.json
[2025-03-12 21:25:15] [INFO] Converting JSON to MD: C:\Users\Chris\cFish.io\wp-content\plugins\gutenberg\gutenberg-mn-17d863d02d419d257cce84f2a9934b91.json
[2025-03-12 21:25:15] [INFO] Skipping excluded file: C:\Users\Chris\cFish.io\wp-content\plugins\gutenberg\gutenberg-mn-17d863d02d419d257cce84f2a9934b91.json
