[DEBUG][2025-03-12T11:54:41.933Z] MdJsonSync constructor called with config:
{
  "watchMode": true,
  "verbose": true,
  "lowCpuMode": true,
  "watchDirectories": {
    "markdown": [
      ".",
      "docs",
      "test-data/md"
    ],
    "json": [
      "json",
      "docs/json",
      "test-data/json"
    ]
  },
  "exclusions": [
    ".git",
    "node_modules",
    ".nosync"
  ],
  "backupSettings": {
    "backupDir": "backups",
    "maxBackups": 5,
    "rotationEnabled": true,
    "rotationInterval": 86400000,
    "compressionEnabled": false,
    "debug": true
  },
  "memoryWarningThreshold": 0.7,
  "memoryCriticalThreshold": 0.85
}
[DEBUG][2025-03-12T11:54:41.937Z] Configured watch directories:
{
  "markdown": [
    ".",
    "docs",
    "test-data/md"
  ],
  "json": [
    "json",
    "docs/json",
    "test-data/json"
  ]
}
[DEBUG][2025-03-12T11:54:41.940Z] 🔍 Starting MdJsonSync watcher
[DEBUG][2025-03-12T11:54:41.942Z] Verifying watch directories exist:
[DEBUG][2025-03-12T11:54:41.943Z] ✅ Markdown directory exists: .
[DEBUG][2025-03-12T11:54:41.944Z] ✅ Markdown directory exists: docs
[DEBUG][2025-03-12T11:54:41.944Z] ✅ Markdown directory exists: test-data/md
[DEBUG][2025-03-12T11:54:41.945Z] ✅ JSON directory exists: json
[DEBUG][2025-03-12T11:54:41.946Z] ✅ JSON directory exists: docs/json
[DEBUG][2025-03-12T11:54:41.947Z] ✅ JSON directory exists: test-data/json
[DEBUG][2025-03-12T11:54:41.948Z] Setting up watcher for markdown directory: .
[DEBUG][2025-03-12T11:54:41.949Z] Watch pattern for Markdown: **\*.md
[DEBUG][2025-03-12T11:54:41.959Z] Setting up watcher for markdown directory: docs
[DEBUG][2025-03-12T11:54:41.960Z] Watch pattern for Markdown: docs\**\*.md
[DEBUG][2025-03-12T11:54:41.963Z] Setting up watcher for markdown directory: test-data/md
[DEBUG][2025-03-12T11:54:41.964Z] Watch pattern for Markdown: test-data\md\**\*.md
[DEBUG][2025-03-12T11:54:41.965Z] Setting up watcher for JSON directory: json
[DEBUG][2025-03-12T11:54:41.966Z] Watch pattern for JSON: json\**\*.json
[DEBUG][2025-03-12T11:54:41.969Z] Setting up watcher for JSON directory: docs/json
[DEBUG][2025-03-12T11:54:41.970Z] Watch pattern for JSON: docs\json\**\*.json
[DEBUG][2025-03-12T11:54:41.972Z] Setting up watcher for JSON directory: test-data/json
[DEBUG][2025-03-12T11:54:41.973Z] Watch pattern for JSON: test-data\json\**\*.json
[DEBUG][2025-03-12T11:54:42.080Z] Markdown file detected: 2way sync test.md
[DEBUG][2025-03-12T11:54:42.082Z] Markdown file detected: 2way-sync-test.md
[DEBUG][2025-03-12T11:54:42.084Z] Markdown file detected: agent-architecture.md
[DEBUG][2025-03-12T11:54:42.087Z] Markdown file detected: backup-recovery-plan.md
[DEBUG][2025-03-12T11:54:42.089Z] Markdown file detected: best-practices.md
[DEBUG][2025-03-12T11:54:42.092Z] Markdown file detected: cfish-it.md
[DEBUG][2025-03-12T11:54:42.094Z] Markdown file detected: cfish.md
[DEBUG][2025-03-12T11:54:42.098Z] Markdown file detected: changelog.md
[DEBUG][2025-03-12T11:54:42.101Z] Markdown file detected: deployment-tools.md
[DEBUG][2025-03-12T11:54:42.103Z] Markdown file detected: glossary.md
[DEBUG][2025-03-12T11:54:42.104Z] Markdown file detected: implementation-plan.md
[DEBUG][2025-03-12T11:54:42.106Z] Markdown file detected: implementation-status.md
[DEBUG][2025-03-12T11:54:42.108Z] Markdown file detected: json-sync-system.md
[DEBUG][2025-03-12T11:54:42.109Z] Markdown file detected: maintenance-checklist.md
[DEBUG][2025-03-12T11:54:42.111Z] Markdown file detected: md-json-sync-enhanced-README.md
[DEBUG][2025-03-12T11:54:42.113Z] Markdown file detected: md-json-sync-fixes.md
[DEBUG][2025-03-12T11:54:42.114Z] Markdown file detected: md-json-sync-implementation-verification.md
[DEBUG][2025-03-12T11:54:42.116Z] Markdown file detected: md-json-sync-improvements.md
[DEBUG][2025-03-12T11:54:42.117Z] Markdown file detected: md-json-sync-low-cpu-reference.md
[DEBUG][2025-03-12T11:54:42.119Z] Markdown file detected: md-json-sync-next-steps.md
[DEBUG][2025-03-12T11:54:42.120Z] Markdown file detected: md-json-sync-quick-reference.md
[DEBUG][2025-03-12T11:54:42.121Z] Markdown file detected: md-json-sync-README.md
[DEBUG][2025-03-12T11:54:42.123Z] Markdown file detected: md-json-sync-status-report.md
[DEBUG][2025-03-12T11:54:42.124Z] Markdown file detected: md-json-sync-system-summary.md
[DEBUG][2025-03-12T11:54:42.126Z] Markdown file detected: md-json-sync-testing-findings.md
[DEBUG][2025-03-12T11:54:42.127Z] Markdown file detected: md-to-json-README.md
[DEBUG][2025-03-12T11:54:42.138Z] Markdown file detected: memory-full.md
[DEBUG][2025-03-12T11:54:42.144Z] Markdown file detected: memory-manual.md
[DEBUG][2025-03-12T11:54:42.147Z] Markdown file detected: memory-md-data-loss-resolution.md
[DEBUG][2025-03-12T11:54:42.149Z] Markdown file detected: memory-md-protection.md
[DEBUG][2025-03-12T11:54:42.151Z] Markdown file detected: memory.md
[DEBUG][2025-03-12T11:54:42.152Z] Markdown file detected: merge-test.md
[DEBUG][2025-03-12T11:54:42.153Z] Markdown file detected: README-cursor-integration-testing.md
[DEBUG][2025-03-12T11:54:42.154Z] Markdown file detected: README-cursor-integration.md
[DEBUG][2025-03-12T11:54:42.156Z] Markdown file detected: README-md-json-sync.md
[DEBUG][2025-03-12T11:54:42.157Z] Markdown file detected: README.md
[DEBUG][2025-03-12T11:54:42.159Z] Markdown file detected: recursive-directory-monitoring.md
[DEBUG][2025-03-12T11:54:42.161Z] Markdown file detected: root-directory-monitoring-tasks.md
[DEBUG][2025-03-12T11:54:42.162Z] Markdown file detected: root-directory-monitoring-workarounds.md
[DEBUG][2025-03-12T11:54:42.164Z] Markdown file detected: root-monitor-test.md
[DEBUG][2025-03-12T11:54:42.165Z] Markdown file detected: safe-sync-system.md
[DEBUG][2025-03-12T11:54:42.167Z] Markdown file detected: sop.md
[DEBUG][2025-03-12T11:54:42.168Z] Markdown file detected: spec.md
[DEBUG][2025-03-12T11:54:42.169Z] Markdown file detected: steps.md
[DEBUG][2025-03-12T11:54:42.170Z] Markdown file detected: sync-bidirectional-test.md
[DEBUG][2025-03-12T11:54:42.172Z] Markdown file detected: sync-conflict-test.md
[DEBUG][2025-03-12T11:54:42.174Z] Markdown file detected: sync-test.md
[DEBUG][2025-03-12T11:54:42.175Z] Markdown file detected: terminal-troubleshooting.md
[DEBUG][2025-03-12T11:54:42.177Z] Markdown file detected: test-doc.md
[DEBUG][2025-03-12T11:54:42.178Z] Markdown file detected: test-manual-run.md
[DEBUG][2025-03-12T11:54:42.180Z] Markdown file detected: test-restart-sync.md
[DEBUG][2025-03-12T11:54:42.181Z] Markdown file detected: test-sync.md
[DEBUG][2025-03-12T11:54:42.183Z] Markdown file detected: testing-and-verification.md
[DEBUG][2025-03-12T11:54:42.184Z] Markdown file detected: toolset.md
[DEBUG][2025-03-12T11:54:42.185Z] Markdown file detected: ty.md
[DEBUG][2025-03-12T11:54:42.186Z] Markdown file detected: wordpress-ai-guidelines.md
[DEBUG][2025-03-12T11:54:42.187Z] Markdown file detected: wordpress-com-testing.md
[DEBUG][2025-03-12T11:54:42.189Z] Markdown file detected: wordpress-studio-guide.md
[DEBUG][2025-03-12T11:54:42.190Z] Markdown file detected: docs\implementation-plan.md
[DEBUG][2025-03-12T11:54:42.192Z] Markdown file detected: docs\implementation-status.md
[DEBUG][2025-03-12T11:54:42.193Z] Markdown file detected: docs\json-sync-system.md
[DEBUG][2025-03-12T11:54:42.195Z] Markdown file detected: docs\md-json-sync-implementation-verification.md
[DEBUG][2025-03-12T11:54:42.196Z] Markdown file detected: docs\md-json-sync-improvements.md
[DEBUG][2025-03-12T11:54:42.198Z] Markdown file detected: docs\md-json-sync-low-cpu-reference.md
[DEBUG][2025-03-12T11:54:42.199Z] Markdown file detected: docs\md-json-sync-next-steps.md
[DEBUG][2025-03-12T11:54:42.201Z] Markdown file detected: docs\md-json-sync-quick-reference.md
[DEBUG][2025-03-12T11:54:42.202Z] Markdown file detected: docs\md-json-sync-status-report.md
[DEBUG][2025-03-12T11:54:42.203Z] Markdown file detected: docs\md-json-sync-system-summary.md
[DEBUG][2025-03-12T11:54:42.205Z] Markdown file detected: docs\md-json-sync-testing-findings.md
[DEBUG][2025-03-12T11:54:42.206Z] Markdown file detected: docs\memory-md-data-loss-resolution.md
[DEBUG][2025-03-12T11:54:42.207Z] Markdown file detected: docs\memory-md-protection.md
[DEBUG][2025-03-12T11:54:42.209Z] Markdown file detected: docs\merge-test.md
[DEBUG][2025-03-12T11:54:42.210Z] Markdown file detected: docs\README.md
[DEBUG][2025-03-12T11:54:42.212Z] Markdown file detected: docs\recursive-directory-monitoring.md
[DEBUG][2025-03-12T11:54:42.213Z] Markdown file detected: docs\root-directory-monitoring-tasks.md
[DEBUG][2025-03-12T11:54:42.215Z] Markdown file detected: docs\root-directory-monitoring-workarounds.md
[DEBUG][2025-03-12T11:54:42.216Z] Markdown file detected: docs\safe-sync-system.md
[DEBUG][2025-03-12T11:54:42.217Z] Markdown file detected: docs\sync-bidirectional-test.md
[DEBUG][2025-03-12T11:54:42.219Z] Markdown file detected: docs\sync-test.md
[DEBUG][2025-03-12T11:54:42.220Z] Markdown file detected: docs\testing-and-verification.md
[DEBUG][2025-03-12T11:54:42.222Z] Markdown file detected: docs\wordpress-com-github-deployments.md
[DEBUG][2025-03-12T11:54:42.224Z] Markdown file detected: test-data\md\backup-test.md
[DEBUG][2025-03-12T11:54:42.226Z] Markdown file detected: test-data\md\complex-test.md
[DEBUG][2025-03-12T11:54:42.228Z] Markdown file detected: test-data\md\excluded-file.md
[DEBUG][2025-03-12T11:54:42.230Z] Markdown file detected: test-data\md\interaction-test.md
[DEBUG][2025-03-12T11:54:42.232Z] Markdown file detected: test-data\md\memory.md
[DEBUG][2025-03-12T11:54:42.234Z] Markdown file detected: test-data\md\modified-file.md
[DEBUG][2025-03-12T11:54:42.235Z] Markdown file detected: test-data\md\quick-test.md
[DEBUG][2025-03-12T11:54:42.237Z] Markdown file detected: test-data\md\test-doc.md
[DEBUG][2025-03-12T11:54:42.239Z] Markdown watcher ready, watching paths:
{
  "C:\\Users\\Chris\\cFish.io\\test-data": [
    "md"
  ],
  "C:\\Users\\Chris\\cFish.io\\test-data\\md": [
    "backup-test.md",
    "complex-test.md",
    "excluded-file.md",
    "interaction-test.md",
    "memory.md",
    "modified-file.md",
    "quick-test.md",
    "test-doc.md"
  ],
  "C:\\Users\\Chris\\cFish.io\\test-data\\md\\**\\*.md": []
}
[DEBUG][2025-03-12T11:54:42.244Z] JSON file detected: json\2way-sync-test.json
[DEBUG][2025-03-12T11:54:42.246Z] JSON file detected: json\agent-architecture.json
[DEBUG][2025-03-12T11:54:42.248Z] JSON file detected: json\backup-recovery-plan.json
[DEBUG][2025-03-12T11:54:42.249Z] JSON file detected: json\best-practices.json
[DEBUG][2025-03-12T11:54:42.251Z] JSON file detected: json\cfish-it.json
[DEBUG][2025-03-12T11:54:42.253Z] JSON file detected: json\cfish.json
[DEBUG][2025-03-12T11:54:42.254Z] JSON file detected: json\changelog.json
[DEBUG][2025-03-12T11:54:42.256Z] JSON file detected: json\deployment-tools.json
[DEBUG][2025-03-12T11:54:42.258Z] JSON file detected: json\glossary.json
[DEBUG][2025-03-12T11:54:42.260Z] JSON file detected: json\implementation-plan.json
[DEBUG][2025-03-12T11:54:42.262Z] JSON file detected: json\implementation-status.json
[DEBUG][2025-03-12T11:54:42.264Z] JSON file detected: json\json-sync-system.json
[DEBUG][2025-03-12T11:54:42.266Z] JSON file detected: json\maintenance-checklist.json
[DEBUG][2025-03-12T11:54:42.267Z] JSON file detected: json\md-json-sync-enhanced-README.json
[DEBUG][2025-03-12T11:54:42.269Z] JSON file detected: json\md-json-sync-implementation-verification.json
[DEBUG][2025-03-12T11:54:42.270Z] JSON file detected: json\md-json-sync-improvements.json
[DEBUG][2025-03-12T11:54:42.272Z] JSON file detected: json\md-json-sync-low-cpu-reference.json
[DEBUG][2025-03-12T11:54:42.273Z] JSON file detected: json\md-json-sync-next-steps.json
[DEBUG][2025-03-12T11:54:42.274Z] JSON file detected: json\md-json-sync-quick-reference.json
[DEBUG][2025-03-12T11:54:42.276Z] JSON file detected: json\md-json-sync-README.json
[DEBUG][2025-03-12T11:54:42.277Z] JSON file detected: json\md-json-sync-status-report.json
[DEBUG][2025-03-12T11:54:42.279Z] JSON file detected: json\md-json-sync-system-summary.json
[DEBUG][2025-03-12T11:54:42.280Z] JSON file detected: json\md-json-sync-testing-findings.json
[DEBUG][2025-03-12T11:54:42.282Z] JSON file detected: json\md-to-json-README.json
[DEBUG][2025-03-12T11:54:42.283Z] JSON file detected: json\memory-full.json
[DEBUG][2025-03-12T11:54:42.284Z] JSON file detected: json\memory-manual.json
[DEBUG][2025-03-12T11:54:42.286Z] JSON file detected: json\memory-md-data-loss-resolution.json
[DEBUG][2025-03-12T11:54:42.287Z] JSON file detected: json\memory-md-protection.json
[DEBUG][2025-03-12T11:54:42.289Z] JSON file detected: json\memory.json
[DEBUG][2025-03-12T11:54:42.290Z] JSON file detected: json\merge-test.json
[DEBUG][2025-03-12T11:54:42.291Z] JSON file detected: json\README-cursor-integration.json
[DEBUG][2025-03-12T11:54:42.293Z] JSON file detected: json\README-md-json-sync.json
[DEBUG][2025-03-12T11:54:42.294Z] JSON file detected: json\README.json
[DEBUG][2025-03-12T11:54:42.295Z] JSON file detected: json\recursive-directory-monitoring.json
[DEBUG][2025-03-12T11:54:42.297Z] JSON file detected: json\root-directory-monitoring-tasks.json
[DEBUG][2025-03-12T11:54:42.298Z] JSON file detected: json\root-directory-monitoring-workarounds.json
[DEBUG][2025-03-12T11:54:42.299Z] JSON file detected: json\root-monitor-test.json
[DEBUG][2025-03-12T11:54:42.301Z] JSON file detected: json\safe-sync-system.json
[DEBUG][2025-03-12T11:54:42.302Z] JSON file detected: json\sop.json
[DEBUG][2025-03-12T11:54:42.303Z] JSON file detected: json\spec.json
[DEBUG][2025-03-12T11:54:42.305Z] JSON file detected: json\steps.json
[DEBUG][2025-03-12T11:54:42.306Z] JSON file detected: json\sync-bidirectional-test.json
[DEBUG][2025-03-12T11:54:42.307Z] JSON file detected: json\sync-conflict-test.json
[DEBUG][2025-03-12T11:54:42.309Z] JSON file detected: json\sync-test.json
[DEBUG][2025-03-12T11:54:42.310Z] JSON file detected: json\terminal-troubleshooting.json
[DEBUG][2025-03-12T11:54:42.311Z] JSON file detected: json\test-doc.json
[DEBUG][2025-03-12T11:54:42.312Z] JSON file detected: json\test-json-to-md.json
[DEBUG][2025-03-12T11:54:42.314Z] JSON file detected: json\test-sync.json
[DEBUG][2025-03-12T11:54:42.315Z] JSON file detected: json\testing-and-verification.json
[DEBUG][2025-03-12T11:54:42.317Z] JSON file detected: json\toolset.json
[DEBUG][2025-03-12T11:54:42.318Z] JSON file detected: json\ty.json
[DEBUG][2025-03-12T11:54:42.319Z] JSON file detected: json\wordpress-ai-guidelines.json
[DEBUG][2025-03-12T11:54:42.321Z] JSON file detected: json\wordpress-com-testing.json
[DEBUG][2025-03-12T11:54:42.322Z] JSON file detected: json\wordpress-studio-guide.json
[DEBUG][2025-03-12T11:54:42.324Z] JSON file detected: docs\json\implementation-plan.json
[DEBUG][2025-03-12T11:54:42.326Z] JSON file detected: docs\json\implementation-status.json
[DEBUG][2025-03-12T11:54:42.328Z] JSON file detected: docs\json\json-sync-system.json
[DEBUG][2025-03-12T11:54:42.329Z] JSON file detected: docs\json\md-json-sync-improvements.json
[DEBUG][2025-03-12T11:54:42.330Z] JSON file detected: docs\json\md-json-sync-quick-reference.json
[DEBUG][2025-03-12T11:54:42.332Z] JSON file detected: docs\json\md-json-sync-status-report.json
[DEBUG][2025-03-12T11:54:42.333Z] JSON file detected: docs\json\md-json-sync-system-summary.json
[DEBUG][2025-03-12T11:54:42.334Z] JSON file detected: docs\json\memory-md-data-loss-resolution.json
[DEBUG][2025-03-12T11:54:42.336Z] JSON file detected: docs\json\memory-md-protection.json
[DEBUG][2025-03-12T11:54:42.337Z] JSON file detected: docs\json\merge-test.json
[DEBUG][2025-03-12T11:54:42.338Z] JSON file detected: docs\json\new-json-test.json
[DEBUG][2025-03-12T11:54:42.340Z] JSON file detected: docs\json\README.json
[DEBUG][2025-03-12T11:54:42.341Z] JSON file detected: docs\json\recursive-directory-monitoring.json
[DEBUG][2025-03-12T11:54:42.342Z] JSON file detected: docs\json\root-directory-monitoring-tasks.json
[DEBUG][2025-03-12T11:54:42.344Z] JSON file detected: docs\json\root-directory-monitoring-workarounds.json
[DEBUG][2025-03-12T11:54:42.345Z] JSON file detected: docs\json\safe-sync-system.json
[DEBUG][2025-03-12T11:54:42.347Z] JSON file detected: docs\json\sync-bidirectional-test.json
[DEBUG][2025-03-12T11:54:42.348Z] JSON file detected: docs\json\sync-test-from-json.json
[DEBUG][2025-03-12T11:54:42.349Z] JSON file detected: docs\json\sync-test.json
[DEBUG][2025-03-12T11:54:42.350Z] JSON file detected: docs\json\test-json-to-md.json
[DEBUG][2025-03-12T11:54:42.351Z] JSON file detected: docs\json\testing-and-verification.json
[DEBUG][2025-03-12T11:54:42.353Z] JSON file detected: docs\json\wordpress-com-github-deployments.json
[DEBUG][2025-03-12T11:54:42.355Z] JSON file detected: test-data\json\complex-test.json
[DEBUG][2025-03-12T11:54:42.357Z] JSON file detected: test-data\json\json-test.json
[DEBUG][2025-03-12T11:54:42.358Z] JSON file detected: test-data\json\memory.json
[DEBUG][2025-03-12T11:54:42.359Z] JSON file detected: test-data\json\quick-test.json
[DEBUG][2025-03-12T11:54:42.360Z] JSON watcher ready, watching paths:
{
  "C:\\Users\\Chris\\cFish.io\\test-data": [
    "json"
  ],
  "C:\\Users\\Chris\\cFish.io\\test-data\\json": [
    "complex-test.json",
    "json-test.json",
    "memory.json",
    "quick-test.json"
  ],
  "C:\\Users\\Chris\\cFish.io\\test-data\\json\\**\\*.json": []
}
[DEBUG][2025-03-12T11:54:42.402Z] 📝 Detected change in Markdown file: md-json-sync-improvements.md
[DEBUG][2025-03-12T11:54:42.404Z] Processing change in Markdown file: md-json-sync-improvements.md
[DEBUG][2025-03-12T11:54:42.406Z] Could not find containing directory for md-json-sync-improvements.md, using default: .
[DEBUG][2025-03-12T11:54:42.406Z] Mapping MD to JSON: md-json-sync-improvements.md -> json\md-json-sync-improvements.json
[DEBUG][2025-03-12T11:54:42.407Z] Relative path: md-json-sync-improvements.md
[DEBUG][2025-03-12T11:54:42.408Z] Normalized path: md-json-sync-improvements.md
[DEBUG][2025-03-12T11:54:42.409Z] Reading markdown file: md-json-sync-improvements.md
[DEBUG][2025-03-12T11:54:42.410Z] Transforming markdown to JSON
[DEBUG][2025-03-12T11:54:42.411Z] Converting markdown to JSON
[DEBUG][2025-03-12T11:54:42.411Z] Conversion complete. Found 0 sections
[DEBUG][2025-03-12T11:54:42.412Z] Writing JSON file: json\md-json-sync-improvements.json
[DEBUG][2025-03-12T11:54:42.414Z] ✅ Successfully transformed md-json-sync-improvements.md to json\md-json-sync-improvements.json
[DEBUG][2025-03-12T11:54:42.453Z] 📝 Detected change in JSON file: json\md-json-sync-improvements.json
[DEBUG][2025-03-12T11:54:42.454Z] Processing change in JSON file: json\md-json-sync-improvements.json
[DEBUG][2025-03-12T11:54:42.455Z] Mapping JSON to MD: json\md-json-sync-improvements.json -> md json sync improvements.md
[DEBUG][2025-03-12T11:54:42.456Z] Relative path: md-json-sync-improvements.json
[DEBUG][2025-03-12T11:54:42.457Z] Normalized path: md json sync improvements.json
[DEBUG][2025-03-12T11:54:42.458Z] Reading JSON file: json\md-json-sync-improvements.json
[DEBUG][2025-03-12T11:54:42.458Z] Parsing JSON
[DEBUG][2025-03-12T11:54:42.459Z] Transforming JSON to markdown
[DEBUG][2025-03-12T11:54:42.460Z] Converting JSON to markdown
[DEBUG][2025-03-12T11:54:42.461Z] Added YAML frontmatter with 2 properties
[DEBUG][2025-03-12T11:54:42.461Z] Processing 0 sections
[DEBUG][2025-03-12T11:54:42.462Z] Markdown conversion complete
[DEBUG][2025-03-12T11:54:42.463Z] Writing markdown file: md json sync improvements.md
[DEBUG][2025-03-12T11:54:42.464Z] ✅ Successfully transformed json\md-json-sync-improvements.json to md json sync improvements.md
[DEBUG][2025-03-12T11:54:42.919Z] Markdown file detected: docs\implementation-plan.md
[DEBUG][2025-03-12T11:54:42.921Z] Markdown file detected: docs\implementation-status.md
[DEBUG][2025-03-12T11:54:42.923Z] Markdown file detected: docs\json-sync-system.md
[DEBUG][2025-03-12T11:54:42.924Z] Markdown file detected: docs\md-json-sync-implementation-verification.md
[DEBUG][2025-03-12T11:54:42.926Z] Markdown file detected: docs\md-json-sync-improvements.md
[DEBUG][2025-03-12T11:54:42.927Z] Markdown file detected: docs\md-json-sync-low-cpu-reference.md
[DEBUG][2025-03-12T11:54:42.928Z] Markdown file detected: docs\md-json-sync-next-steps.md
[DEBUG][2025-03-12T11:54:42.930Z] Markdown file detected: docs\md-json-sync-quick-reference.md
[DEBUG][2025-03-12T11:54:42.931Z] Markdown file detected: docs\md-json-sync-status-report.md
[DEBUG][2025-03-12T11:54:42.933Z] Markdown file detected: docs\md-json-sync-system-summary.md
[DEBUG][2025-03-12T11:54:42.934Z] Markdown file detected: docs\md-json-sync-testing-findings.md
[DEBUG][2025-03-12T11:54:42.935Z] Markdown file detected: docs\memory-md-data-loss-resolution.md
[DEBUG][2025-03-12T11:54:42.935Z] Markdown file detected: docs\memory-md-protection.md
[DEBUG][2025-03-12T11:54:42.936Z] Markdown file detected: docs\merge-test.md
[DEBUG][2025-03-12T11:54:42.937Z] Markdown file detected: docs\README.md
[DEBUG][2025-03-12T11:54:42.939Z] Markdown file detected: docs\recursive-directory-monitoring.md
[DEBUG][2025-03-12T11:54:42.940Z] Markdown file detected: docs\root-directory-monitoring-tasks.md
[DEBUG][2025-03-12T11:54:42.941Z] Markdown file detected: docs\root-directory-monitoring-workarounds.md
[DEBUG][2025-03-12T11:54:42.942Z] Markdown file detected: docs\safe-sync-system.md
[DEBUG][2025-03-12T11:54:42.943Z] Markdown file detected: docs\sync-bidirectional-test.md
[DEBUG][2025-03-12T11:54:42.944Z] Markdown file detected: docs\sync-test.md
[DEBUG][2025-03-12T11:54:42.945Z] Markdown file detected: docs\testing-and-verification.md
[DEBUG][2025-03-12T11:54:42.947Z] Markdown file detected: docs\wordpress-com-github-deployments.md
[DEBUG][2025-03-12T11:54:42.949Z] Markdown file detected: json\memory-manual.md
[DEBUG][2025-03-12T11:54:42.950Z] Markdown file detected: shortlinks\cfish-it.md
[DEBUG][2025-03-12T11:54:42.952Z] Markdown file detected: shortlinks\cfish.md
[DEBUG][2025-03-12T11:54:42.953Z] Markdown file detected: shortlinks\README.md
[DEBUG][2025-03-12T11:54:42.955Z] Markdown file detected: shortlinks\ty.md
[DEBUG][2025-03-12T11:54:42.965Z] Markdown file detected: md json sync improvements.md
[DEBUG][2025-03-12T11:54:43.143Z] JSON file detected: json\json\memory-manual.json
[DEBUG][2025-03-12T11:54:43.145Z] Markdown file detected: docs\json\json-sync-system.md
[DEBUG][2025-03-12T11:54:43.147Z] Markdown file detected: docs\json\README.md
[DEBUG][2025-03-12T11:54:43.203Z] JSON file detected: docs\json\json\json-sync-system.json
[DEBUG][2025-03-12T11:54:43.206Z] JSON file detected: docs\json\json\README.json
[DEBUG][2025-03-12T11:54:44.018Z] Initial startup sequence completed
[DEBUG][2025-03-12T11:54:45.213Z] JSON watcher ready, watching paths:
{
  "C:\\Users\\Chris\\cFish.io": [
    "json"
  ],
  "C:\\Users\\Chris\\cFish.io\\json": [
    "2way-sync-test.json",
    "README-cursor-integration.json",
    "README-md-json-sync.json",
    "README.json",
    "agent-architecture.json",
    "backup-recovery-plan.json",
    "best-practices.json",
    "cfish-it.json",
    "cfish.json",
    "changelog.json",
    "deployment-tools.json",
    "glossary.json",
    "implementation-plan.json",
    "implementation-status.json",
    "json",
    "json-sync-system.json",
    "maintenance-checklist.json",
    "md-json-sync-README.json",
    "md-json-sync-enhanced-README.json",
    "md-json-sync-implementation-verification.json",
    "md-json-sync-improvements.json",
    "md-json-sync-low-cpu-reference.json",
    "md-json-sync-next-steps.json",
    "md-json-sync-quick-reference.json",
    "md-json-sync-status-report.json",
    "md-json-sync-system-summary.json",
    "md-json-sync-testing-findings.json",
    "md-to-json-README.json",
    "memory-full.json",
    "memory-manual.json",
    "memory-md-data-loss-resolution.json",
    "memory-md-protection.json",
    "memory.json",
    "merge-test.json",
    "recursive-directory-monitoring.json",
    "root-directory-monitoring-tasks.json",
    "root-directory-monitoring-workarounds.json",
    "root-monitor-test.json",
    "safe-sync-system.json",
    "sop.json",
    "spec.json",
    "steps.json",
    "sync-bidirectional-test.json",
    "sync-conflict-test.json",
    "sync-test.json",
    "terminal-troubleshooting.json",
    "test-doc.json",
    "test-json-to-md.json",
    "test-sync.json",
    "testing-and-verification.json",
    "toolset.json",
    "ty.json",
    "wordpress-ai-guidelines.json",
    "wordpress-com-testing.json",
    "wordpress-studio-guide.json"
  ],
  "C:\\Users\\Chris\\cFish.io\\json\\**\\*.json": [],
  "C:\\Users\\Chris\\cFish.io\\json\\json": [
    "memory-manual.json"
  ]
}
[DEBUG][2025-03-12T11:54:45.611Z] Markdown file detected: docs\json\json-sync-system.md
[DEBUG][2025-03-12T11:54:45.613Z] Markdown file detected: docs\json\README.md
[DEBUG][2025-03-12T11:54:45.614Z] Markdown file detected: shortlinks\json\cfish-it.md
[DEBUG][2025-03-12T11:54:45.616Z] Markdown file detected: shortlinks\json\cfish.md
[DEBUG][2025-03-12T11:54:45.618Z] Markdown file detected: shortlinks\json\ty.md
[DEBUG][2025-03-12T11:54:45.620Z] Markdown file detected: test-critical\md\critical-test.md
[DEBUG][2025-03-12T11:54:45.623Z] Markdown file detected: test-critical\md\excluded.md
[DEBUG][2025-03-12T11:54:45.624Z] Markdown file detected: test-data\json\json-test.md
[DEBUG][2025-03-12T11:54:45.625Z] Markdown file detected: test-data\md\backup-test.md
[DEBUG][2025-03-12T11:54:45.626Z] Markdown file detected: test-data\md\complex-test.md
[DEBUG][2025-03-12T11:54:45.627Z] Markdown file detected: test-data\md\excluded-file.md
[DEBUG][2025-03-12T11:54:45.628Z] Markdown file detected: test-data\md\interaction-test.md
[DEBUG][2025-03-12T11:54:45.629Z] Markdown file detected: test-data\md\memory.md
[DEBUG][2025-03-12T11:54:45.630Z] Markdown file detected: test-data\md\modified-file.md
[DEBUG][2025-03-12T11:54:45.631Z] Markdown file detected: test-data\md\quick-test.md
[DEBUG][2025-03-12T11:54:45.631Z] Markdown file detected: test-data\md\test-doc.md
[DEBUG][2025-03-12T11:54:45.633Z] Markdown file detected: test-merge\md\memory.md
[DEBUG][2025-03-12T11:54:45.830Z] Markdown file detected: docs\json\json\README.md
[DEBUG][2025-03-12T11:54:48.079Z] JSON file detected: docs\json\json\json\README.json
[DEBUG][2025-03-12T11:54:48.080Z] JSON watcher ready, watching paths:
{
  "C:\\Users\\Chris\\cFish.io\\docs": [
    "json"
  ],
  "C:\\Users\\Chris\\cFish.io\\docs\\json": [
    "README.json",
    "implementation-plan.json",
    "implementation-status.json",
    "json",
    "json-sync-system.json",
    "md-json-sync-improvements.json",
    "md-json-sync-quick-reference.json",
    "md-json-sync-status-report.json",
    "md-json-sync-system-summary.json",
    "memory-md-data-loss-resolution.json",
    "memory-md-protection.json",
    "merge-test.json",
    "new-json-test.json",
    "recursive-directory-monitoring.json",
    "root-directory-monitoring-tasks.json",
    "root-directory-monitoring-workarounds.json",
    "safe-sync-system.json",
    "sync-bidirectional-test.json",
    "sync-test-from-json.json",
    "sync-test.json",
    "test-json-to-md.json",
    "testing-and-verification.json",
    "wordpress-com-github-deployments.json"
  ],
  "C:\\Users\\Chris\\cFish.io\\docs\\json\\**\\*.json": [],
  "C:\\Users\\Chris\\cFish.io\\docs\\json\\json": [
    "README.json",
    "json",
    "json-sync-system.json"
  ],
  "C:\\Users\\Chris\\cFish.io\\docs\\json\\json\\json": [
    "README.json"
  ]
}
[DEBUG][2025-03-12T11:54:49.510Z] Markdown file detected: docs\json\json\README.md
[DEBUG][2025-03-12T11:54:49.515Z] Markdown file detected: wp-content\themes\bantry\theme-gen-readme.md
[DEBUG][2025-03-12T11:54:49.518Z] Markdown file detected: wp-content\mu-plugins\wpcomsh\CHANGELOG.md
[DEBUG][2025-03-12T11:54:49.521Z] Markdown file detected: wp-content\mu-plugins\wpcomsh\SECURITY.md
[DEBUG][2025-03-12T11:54:49.531Z] Markdown file detected: wp-content\themes\blockbase\README.md
[DEBUG][2025-03-12T11:54:49.542Z] Markdown file detected: wp-content\themes\twentytwentytwo\CONTRIBUTORS.md
[DEBUG][2025-03-12T11:54:49.545Z] Markdown file detected: wp-content\themes\twentytwentytwo\README.md
[DEBUG][2025-03-12T11:54:49.548Z] Markdown file detected: wp-content\themes\seedlet\README.md
[DEBUG][2025-03-12T11:54:49.552Z] Markdown file detected: wp-content\plugins\cFish\README.md
[DEBUG][2025-03-12T11:54:49.557Z] Markdown file detected: wp-content\plugins\classic-editor\LICENSE.md
[DEBUG][2025-03-12T11:54:49.569Z] Markdown file detected: wp-content\plugins\jetpack\CHANGELOG.md
[DEBUG][2025-03-12T11:54:49.577Z] Markdown file detected: wp-content\plugins\jetpack\SECURITY.md
[DEBUG][2025-03-12T11:54:49.581Z] Markdown file detected: wp-content\plugins\gutenberg\README.md
[DEBUG][2025-03-12T11:54:50.867Z] Markdown watcher ready, watching paths:
{
  "C:\\Users\\Chris\\cFish.io": [
    "docs"
  ],
  "C:\\Users\\Chris\\cFish.io\\docs": [
    "README.md",
    "implementation-plan.md",
    "implementation-status.md",
    "json",
    "json-sync-system.md",
    "md-json-sync-implementation-verification.md",
    "md-json-sync-improvements.md",
    "md-json-sync-low-cpu-reference.md",
    "md-json-sync-next-steps.md",
    "md-json-sync-quick-reference.md",
    "md-json-sync-status-report.md",
    "md-json-sync-system-summary.md",
    "md-json-sync-testing-findings.md",
    "memory-md-data-loss-resolution.md",
    "memory-md-protection.md",
    "merge-test.md",
    "recursive-directory-monitoring.md",
    "root-directory-monitoring-tasks.md",
    "root-directory-monitoring-workarounds.md",
    "safe-sync-system.md",
    "sync-bidirectional-test.md",
    "sync-test.md",
    "testing-and-verification.md",
    "wordpress-com-github-deployments.md"
  ],
  "C:\\Users\\Chris\\cFish.io\\docs\\**\\*.md": [],
  "C:\\Users\\Chris\\cFish.io\\docs\\json": [
    "README.md",
    "json",
    "json-sync-system.md"
  ],
  "C:\\Users\\Chris\\cFish.io\\docs\\json\\json": [
    "README.md",
    "json"
  ],
  "C:\\Users\\Chris\\cFish.io\\docs\\json\\json\\json": []
}
[DEBUG][2025-03-12T11:54:53.855Z] Markdown file detected: wp-content\plugins\easy-digital-downloads\languages\README.md
[DEBUG][2025-03-12T11:54:53.886Z] Markdown file detected: wp-content\plugins\gutenberg\lib\README.md
[DEBUG][2025-03-12T11:54:58.096Z] Markdown file detected: wp-content\plugins\easy-digital-downloads\includes\database\README.md
[DEBUG][2025-03-12T11:54:58.103Z] Markdown file detected: wp-content\plugins\easy-digital-downloads\libraries\Carbon\readme.md
[DEBUG][2025-03-12T11:54:58.106Z] Markdown file detected: wp-content\plugins\easy-digital-downloads\libraries\Stripe\CHANGELOG.md
[DEBUG][2025-03-12T11:54:58.108Z] Markdown file detected: wp-content\plugins\easy-digital-downloads\libraries\Stripe\README.md
[DEBUG][2025-03-12T11:54:58.144Z] Markdown file detected: wp-content\plugins\jetpack\modules\carousel\readme.md
[DEBUG][2025-03-12T11:54:58.146Z] Markdown file detected: wp-content\plugins\jetpack\modules\related-posts\readme.md
[DEBUG][2025-03-12T11:54:58.148Z] Markdown file detected: wp-content\plugins\jetpack\modules\subscriptions\readme.md
[DEBUG][2025-03-12T11:54:58.154Z] Markdown file detected: wp-content\plugins\jetpack\_inc\genericons\README.md
[DEBUG][2025-03-12T11:54:58.158Z] Markdown file detected: wp-includes\sodium_compat\src\Core32\Curve25519\README.md
[DEBUG][2025-03-12T11:54:58.159Z] Markdown file detected: wp-includes\sodium_compat\src\Core\Curve25519\README.md
[DEBUG][2025-03-12T11:55:05.469Z] Markdown file detected: wp-content\themes\twentytwentytwo\assets\fonts\source-serif-pro\LICENSE.md
[DEBUG][2025-03-12T11:55:05.487Z] Markdown file detected: wp-content\plugins\easy-digital-downloads\vendor\symfony\deprecation-contracts\CHANGELOG.md
[DEBUG][2025-03-12T11:55:05.489Z] Markdown file detected: wp-content\plugins\easy-digital-downloads\vendor\symfony\deprecation-contracts\README.md
[DEBUG][2025-03-12T11:55:05.491Z] Markdown file detected: wp-content\plugins\easy-digital-downloads\vendor\symfony\polyfill-php80\README.md
[DEBUG][2025-03-12T11:55:05.494Z] Markdown file detected: wp-content\plugins\edd-auto-register\vendor\easydigitaldownloads\edd-addon-tools\README.md
[DEBUG][2025-03-12T11:55:05.497Z] Markdown file detected: wp-content\plugins\megamenu\classes\scss\0.0.12\LICENSE.md
[DEBUG][2025-03-12T11:55:05.499Z] Markdown file detected: wp-content\plugins\megamenu\classes\scss\1.11.1\LICENSE.md
[DEBUG][2025-03-12T11:55:05.501Z] Markdown file detected: wp-content\plugins\mp3-music-player-by-sonaar\admin\library\cmb-field-select2-master\readme.md
[DEBUG][2025-03-12T11:55:05.502Z] Markdown file detected: wp-content\plugins\mp3-music-player-by-sonaar\admin\library\cmb2\CHANGELOG.md
[DEBUG][2025-03-12T11:55:05.504Z] Markdown file detected: wp-content\plugins\mp3-music-player-by-sonaar\admin\library\cmb2\CODE_OF_CONDUCT.md
[DEBUG][2025-03-12T11:55:05.507Z] Markdown file detected: wp-content\plugins\mp3-music-player-by-sonaar\admin\library\cmb2\CONTRIBUTING.md
[DEBUG][2025-03-12T11:55:05.509Z] Markdown file detected: wp-content\plugins\mp3-music-player-by-sonaar\admin\library\cmb2-conditional-logic\README.md
[DEBUG][2025-03-12T11:55:05.511Z] Markdown file detected: wp-content\plugins\mp3-music-player-by-sonaar\admin\library\cmb2-conditionals\README.md
[DEBUG][2025-03-12T11:55:05.514Z] Markdown file detected: wp-content\plugins\mp3-music-player-by-sonaar\admin\library\cmb2-field-slider-master\README.md
[DEBUG][2025-03-12T11:55:05.516Z] Markdown file detected: wp-content\plugins\mp3-music-player-by-sonaar\admin\library\cmb2-image-select-field-type\README.md
[DEBUG][2025-03-12T11:55:05.519Z] Markdown file detected: wp-content\plugins\mp3-music-player-by-sonaar\admin\library\cmb2-field-faiconselect\README.md
[DEBUG][2025-03-12T11:55:05.521Z] Markdown file detected: wp-content\plugins\mp3-music-player-by-sonaar\admin\library\cmb2-switch-button-metafield\README.md
[DEBUG][2025-03-12T11:55:05.523Z] Markdown file detected: wp-content\plugins\mp3-music-player-by-sonaar\admin\library\cmb2-post-search-field\README.md
[DEBUG][2025-03-12T11:55:05.526Z] Markdown file detected: wp-content\plugins\mp3-music-player-by-sonaar\admin\library\Shortcode_Button\README.md
[DEBUG][2025-03-12T11:55:05.528Z] Markdown file detected: wp-content\plugins\mp3-music-player-by-sonaar\admin\library\cmb2-typography\README.md
[DEBUG][2025-03-12T11:55:05.539Z] Markdown file detected: wp-content\plugins\ultimate-member\includes\lib\action-scheduler\README.md
[DEBUG][2025-03-12T11:55:05.608Z] Markdown file detected: wp-content\plugins\uncanny-automator\vendor\chriskonnertz\string-calc\README.md
[DEBUG][2025-03-12T11:55:05.611Z] Markdown file detected: wp-content\plugins\jetpack\jetpack_vendor\automattic\jetpack-a8c-mc-stats\CHANGELOG.md
[DEBUG][2025-03-12T11:55:05.613Z] Markdown file detected: wp-content\plugins\jetpack\jetpack_vendor\automattic\jetpack-a8c-mc-stats\SECURITY.md
[DEBUG][2025-03-12T11:55:05.616Z] Markdown file detected: wp-content\plugins\jetpack\jetpack_vendor\automattic\jetpack-admin-ui\CHANGELOG.md
[DEBUG][2025-03-12T11:55:05.618Z] Markdown file detected: wp-content\plugins\jetpack\jetpack_vendor\automattic\jetpack-admin-ui\SECURITY.md
[DEBUG][2025-03-12T11:55:05.620Z] Markdown file detected: wp-content\plugins\jetpack\jetpack_vendor\automattic\jetpack-backup\CHANGELOG.md
[DEBUG][2025-03-12T11:55:05.623Z] Markdown file detected: wp-content\plugins\jetpack\jetpack_vendor\automattic\jetpack-backup\SECURITY.md
[DEBUG][2025-03-12T11:55:05.625Z] Markdown file detected: wp-content\plugins\jetpack\jetpack_vendor\automattic\jetpack-assets\CHANGELOG.md
[DEBUG][2025-03-12T11:55:05.628Z] Markdown file detected: wp-content\plugins\jetpack\jetpack_vendor\automattic\jetpack-assets\SECURITY.md
[DEBUG][2025-03-12T11:55:05.630Z] Markdown file detected: wp-content\plugins\jetpack\jetpack_vendor\automattic\jetpack-blaze\CHANGELOG.md
[DEBUG][2025-03-12T11:55:05.632Z] Markdown file detected: wp-content\plugins\jetpack\jetpack_vendor\automattic\jetpack-blaze\SECURITY.md
[DEBUG][2025-03-12T11:55:05.634Z] Markdown file detected: wp-content\plugins\jetpack\jetpack_vendor\automattic\jetpack-blocks\CHANGELOG.md
[DEBUG][2025-03-12T11:55:05.636Z] Markdown file detected: wp-content\plugins\jetpack\jetpack_vendor\automattic\jetpack-blocks\SECURITY.md
[DEBUG][2025-03-12T11:55:05.638Z] Markdown file detected: wp-content\plugins\jetpack\jetpack_vendor\automattic\jetpack-backup-helper-script-manager\CHANGELOG.md
[DEBUG][2025-03-12T11:55:05.641Z] Markdown file detected: wp-content\plugins\jetpack\jetpack_vendor\automattic\jetpack-backup-helper-script-manager\SECURITY.md
[DEBUG][2025-03-12T11:55:05.643Z] Markdown file detected: wp-content\plugins\jetpack\jetpack_vendor\automattic\jetpack-boost-core\CHANGELOG.md
[DEBUG][2025-03-12T11:55:05.645Z] Markdown file detected: wp-content\plugins\jetpack\jetpack_vendor\automattic\jetpack-boost-core\SECURITY.md
[DEBUG][2025-03-12T11:55:05.647Z] Markdown file detected: wp-content\plugins\jetpack\jetpack_vendor\automattic\jetpack-classic-theme-helper\CHANGELOG.md
[DEBUG][2025-03-12T11:55:05.649Z] Markdown file detected: wp-content\plugins\jetpack\jetpack_vendor\automattic\jetpack-classic-theme-helper\SECURITY.md
[DEBUG][2025-03-12T11:55:05.650Z] Markdown file detected: wp-content\plugins\jetpack\jetpack_vendor\automattic\jetpack-boost-speed-score\CHANGELOG.md
[DEBUG][2025-03-12T11:55:05.652Z] Markdown file detected: wp-content\plugins\jetpack\jetpack_vendor\automattic\jetpack-boost-speed-score\SECURITY.md
[DEBUG][2025-03-12T11:55:05.655Z] Markdown file detected: wp-content\plugins\jetpack\jetpack_vendor\automattic\jetpack-compat\CHANGELOG.md
[DEBUG][2025-03-12T11:55:05.657Z] Markdown file detected: wp-content\plugins\jetpack\jetpack_vendor\automattic\jetpack-compat\SECURITY.md
[DEBUG][2025-03-12T11:55:05.659Z] Markdown file detected: wp-content\plugins\jetpack\jetpack_vendor\automattic\jetpack-config\CHANGELOG.md
[DEBUG][2025-03-12T11:55:05.662Z] Markdown file detected: wp-content\plugins\jetpack\jetpack_vendor\automattic\jetpack-config\SECURITY.md
[DEBUG][2025-03-12T11:55:05.664Z] Markdown file detected: wp-content\plugins\jetpack\jetpack_vendor\automattic\jetpack-connection\CHANGELOG.md
[DEBUG][2025-03-12T11:55:05.667Z] Markdown file detected: wp-content\plugins\jetpack\jetpack_vendor\automattic\jetpack-connection\SECURITY.md
[DEBUG][2025-03-12T11:55:05.669Z] Markdown file detected: wp-content\plugins\jetpack\jetpack_vendor\automattic\jetpack-connection\TRACKING.md
[DEBUG][2025-03-12T11:55:05.672Z] Markdown file detected: wp-content\plugins\jetpack\jetpack_vendor\automattic\jetpack-constants\CHANGELOG.md
[DEBUG][2025-03-12T11:55:05.674Z] Markdown file detected: wp-content\plugins\jetpack\jetpack_vendor\automattic\jetpack-constants\SECURITY.md
[DEBUG][2025-03-12T11:55:05.676Z] Markdown file detected: wp-content\plugins\jetpack\jetpack_vendor\automattic\jetpack-device-detection\CHANGELOG.md
[DEBUG][2025-03-12T11:55:05.678Z] Markdown file detected: wp-content\plugins\jetpack\jetpack_vendor\automattic\jetpack-device-detection\SECURITY.md
[DEBUG][2025-03-12T11:55:05.680Z] Markdown file detected: wp-content\plugins\jetpack\jetpack_vendor\automattic\jetpack-external-media\CHANGELOG.md
[DEBUG][2025-03-12T11:55:05.681Z] Markdown file detected: wp-content\plugins\jetpack\jetpack_vendor\automattic\jetpack-external-media\SECURITY.md
[DEBUG][2025-03-12T11:55:05.683Z] Markdown file detected: wp-content\plugins\jetpack\jetpack_vendor\automattic\jetpack-error\CHANGELOG.md
[DEBUG][2025-03-12T11:55:05.685Z] Markdown file detected: wp-content\plugins\jetpack\jetpack_vendor\automattic\jetpack-error\SECURITY.md
[DEBUG][2025-03-12T11:55:05.687Z] Markdown file detected: wp-content\plugins\jetpack\jetpack_vendor\automattic\jetpack-explat\CHANGELOG.md
[DEBUG][2025-03-12T11:55:05.690Z] Markdown file detected: wp-content\plugins\jetpack\jetpack_vendor\automattic\jetpack-explat\SECURITY.md
[DEBUG][2025-03-12T11:55:05.692Z] Markdown file detected: wp-content\plugins\jetpack\jetpack_vendor\automattic\jetpack-image-cdn\CHANGELOG.md
[DEBUG][2025-03-12T11:55:05.693Z] Markdown file detected: wp-content\plugins\jetpack\jetpack_vendor\automattic\jetpack-image-cdn\SECURITY.md
[DEBUG][2025-03-12T11:55:05.695Z] Markdown file detected: wp-content\plugins\jetpack\jetpack_vendor\automattic\jetpack-ip\CHANGELOG.md
[DEBUG][2025-03-12T11:55:05.697Z] Markdown file detected: wp-content\plugins\jetpack\jetpack_vendor\automattic\jetpack-ip\SECURITY.md
[DEBUG][2025-03-12T11:55:05.699Z] Markdown file detected: wp-content\plugins\jetpack\jetpack_vendor\automattic\jetpack-forms\CHANGELOG.md
[DEBUG][2025-03-12T11:55:05.702Z] Markdown file detected: wp-content\plugins\jetpack\jetpack_vendor\automattic\jetpack-forms\SECURITY.md
[DEBUG][2025-03-12T11:55:05.705Z] Markdown file detected: wp-content\plugins\jetpack\jetpack_vendor\automattic\jetpack-jitm\CHANGELOG.md
[DEBUG][2025-03-12T11:55:05.707Z] Markdown file detected: wp-content\plugins\jetpack\jetpack_vendor\automattic\jetpack-jitm\SECURITY.md
[DEBUG][2025-03-12T11:55:05.709Z] Markdown file detected: wp-content\plugins\jetpack\jetpack_vendor\automattic\jetpack-logo\CHANGELOG.md
[DEBUG][2025-03-12T11:55:05.711Z] Markdown file detected: wp-content\plugins\jetpack\jetpack_vendor\automattic\jetpack-logo\SECURITY.md
[DEBUG][2025-03-12T11:55:05.713Z] Markdown file detected: wp-content\plugins\jetpack\jetpack_vendor\automattic\jetpack-licensing\CHANGELOG.md
[DEBUG][2025-03-12T11:55:05.715Z] Markdown file detected: wp-content\plugins\jetpack\jetpack_vendor\automattic\jetpack-licensing\SECURITY.md
[DEBUG][2025-03-12T11:55:05.718Z] Markdown file detected: wp-content\plugins\jetpack\jetpack_vendor\automattic\jetpack-masterbar\CHANGELOG.md
[DEBUG][2025-03-12T11:55:05.720Z] Markdown file detected: wp-content\plugins\jetpack\jetpack_vendor\automattic\jetpack-masterbar\SECURITY.md
[DEBUG][2025-03-12T11:55:05.723Z] Markdown file detected: wp-content\plugins\jetpack\jetpack_vendor\automattic\jetpack-import\CHANGELOG.md
[DEBUG][2025-03-12T11:55:05.725Z] Markdown file detected: wp-content\plugins\jetpack\jetpack_vendor\automattic\jetpack-import\SECURITY.md
[DEBUG][2025-03-12T11:55:05.727Z] Markdown file detected: wp-content\plugins\jetpack\jetpack_vendor\automattic\jetpack-my-jetpack\CHANGELOG.md
[DEBUG][2025-03-12T11:55:05.729Z] Markdown file detected: wp-content\plugins\jetpack\jetpack_vendor\automattic\jetpack-my-jetpack\SECURITY.md
[DEBUG][2025-03-12T11:55:05.731Z] Markdown file detected: wp-content\plugins\jetpack\jetpack_vendor\automattic\jetpack-plugins-installer\CHANGELOG.md
[DEBUG][2025-03-12T11:55:05.733Z] Markdown file detected: wp-content\plugins\jetpack\jetpack_vendor\automattic\jetpack-plugins-installer\SECURITY.md
[DEBUG][2025-03-12T11:55:05.735Z] Markdown file detected: wp-content\plugins\jetpack\jetpack_vendor\automattic\jetpack-password-checker\CHANGELOG.md
[DEBUG][2025-03-12T11:55:05.737Z] Markdown file detected: wp-content\plugins\jetpack\jetpack_vendor\automattic\jetpack-password-checker\SECURITY.md
[DEBUG][2025-03-12T11:55:05.740Z] Markdown file detected: wp-content\plugins\jetpack\jetpack_vendor\automattic\jetpack-post-list\CHANGELOG.md
[DEBUG][2025-03-12T11:55:05.742Z] Markdown file detected: wp-content\plugins\jetpack\jetpack_vendor\automattic\jetpack-post-list\SECURITY.md
[DEBUG][2025-03-12T11:55:05.745Z] Markdown file detected: wp-content\plugins\jetpack\jetpack_vendor\automattic\jetpack-protect-models\CHANGELOG.md
[DEBUG][2025-03-12T11:55:05.747Z] Markdown file detected: wp-content\plugins\jetpack\jetpack_vendor\automattic\jetpack-protect-models\SECURITY.md
[DEBUG][2025-03-12T11:55:05.749Z] Markdown file detected: wp-content\plugins\jetpack\jetpack_vendor\automattic\jetpack-protect-status\CHANGELOG.md
[DEBUG][2025-03-12T11:55:05.751Z] Markdown file detected: wp-content\plugins\jetpack\jetpack_vendor\automattic\jetpack-protect-status\SECURITY.md
[DEBUG][2025-03-12T11:55:05.754Z] Markdown file detected: wp-content\plugins\jetpack\jetpack_vendor\automattic\jetpack-publicize\CHANGELOG.md
[DEBUG][2025-03-12T11:55:05.756Z] Markdown file detected: wp-content\plugins\jetpack\jetpack_vendor\automattic\jetpack-publicize\SECURITY.md
[DEBUG][2025-03-12T11:55:05.758Z] Markdown file detected: wp-content\plugins\jetpack\jetpack_vendor\automattic\jetpack-redirect\CHANGELOG.md
[DEBUG][2025-03-12T11:55:05.760Z] Markdown file detected: wp-content\plugins\jetpack\jetpack_vendor\automattic\jetpack-redirect\SECURITY.md
[DEBUG][2025-03-12T11:55:05.762Z] Markdown file detected: wp-content\plugins\jetpack\jetpack_vendor\automattic\jetpack-search\CHANGELOG.md
[DEBUG][2025-03-12T11:55:05.764Z] Markdown file detected: wp-content\plugins\jetpack\jetpack_vendor\automattic\jetpack-search\SECURITY.md
[DEBUG][2025-03-12T11:55:05.767Z] Markdown file detected: wp-content\plugins\jetpack\jetpack_vendor\automattic\jetpack-status\CHANGELOG.md
[DEBUG][2025-03-12T11:55:05.769Z] Markdown file detected: wp-content\plugins\jetpack\jetpack_vendor\automattic\jetpack-status\SECURITY.md
[DEBUG][2025-03-12T11:55:05.772Z] Markdown file detected: wp-content\plugins\jetpack\jetpack_vendor\automattic\jetpack-sync\CHANGELOG.md
[DEBUG][2025-03-12T11:55:05.774Z] Markdown file detected: wp-content\plugins\jetpack\jetpack_vendor\automattic\jetpack-sync\SECURITY.md
[DEBUG][2025-03-12T11:55:05.776Z] Markdown file detected: wp-content\plugins\jetpack\jetpack_vendor\automattic\jetpack-roles\CHANGELOG.md
[DEBUG][2025-03-12T11:55:05.777Z] Markdown file detected: wp-content\plugins\jetpack\jetpack_vendor\automattic\jetpack-roles\SECURITY.md
[DEBUG][2025-03-12T11:55:05.779Z] Markdown file detected: wp-content\plugins\jetpack\jetpack_vendor\automattic\jetpack-stats\CHANGELOG.md
[DEBUG][2025-03-12T11:55:05.781Z] Markdown file detected: wp-content\plugins\jetpack\jetpack_vendor\automattic\jetpack-stats\SECURITY.md
[DEBUG][2025-03-12T11:55:05.783Z] Markdown file detected: wp-content\plugins\jetpack\jetpack_vendor\automattic\jetpack-stats-admin\CHANGELOG.md
[DEBUG][2025-03-12T11:55:05.786Z] Markdown file detected: wp-content\plugins\jetpack\jetpack_vendor\automattic\jetpack-stats-admin\SECURITY.md
[DEBUG][2025-03-12T11:55:05.788Z] Markdown file detected: wp-content\plugins\jetpack\jetpack_vendor\automattic\jetpack-videopress\CHANGELOG.md
[DEBUG][2025-03-12T11:55:05.791Z] Markdown file detected: wp-content\plugins\jetpack\jetpack_vendor\automattic\jetpack-videopress\SECURITY.md
[DEBUG][2025-03-12T11:55:05.793Z] Markdown file detected: wp-content\plugins\jetpack\jetpack_vendor\automattic\jetpack-wordads\CHANGELOG.md
[DEBUG][2025-03-12T11:55:05.794Z] Markdown file detected: wp-content\plugins\jetpack\jetpack_vendor\automattic\jetpack-wordads\SECURITY.md
[DEBUG][2025-03-12T11:55:05.797Z] Markdown file detected: wp-content\plugins\jetpack\jetpack_vendor\automattic\woocommerce-analytics\CHANGELOG.md
[DEBUG][2025-03-12T11:55:05.798Z] Markdown file detected: wp-content\plugins\jetpack\jetpack_vendor\automattic\woocommerce-analytics\SECURITY.md
[DEBUG][2025-03-12T11:55:05.800Z] Markdown file detected: wp-content\plugins\jetpack\jetpack_vendor\automattic\jetpack-waf\CHANGELOG.md
[DEBUG][2025-03-12T11:55:05.802Z] Markdown file detected: wp-content\plugins\jetpack\jetpack_vendor\automattic\jetpack-waf\SECURITY.md
[DEBUG][2025-03-12T11:55:05.806Z] Markdown file detected: wp-content\plugins\jetpack\vendor\automattic\jetpack-plans\CHANGELOG.md
[DEBUG][2025-03-12T11:55:05.807Z] Markdown file detected: wp-content\plugins\jetpack\vendor\automattic\jetpack-plans\SECURITY.md
[DEBUG][2025-03-12T11:55:05.809Z] Markdown file detected: wp-content\plugins\jetpack\vendor\scssphp\scssphp\LICENSE.md
[DEBUG][2025-03-12T11:55:05.810Z] Markdown file detected: wp-content\plugins\jetpack\vendor\scssphp\scssphp\README.md
[DEBUG][2025-03-12T11:55:05.812Z] Markdown file detected: wp-content\plugins\jetpack\vendor\wikimedia\aho-corasick\README.md
[DEBUG][2025-03-12T11:55:05.814Z] Markdown file detected: wp-content\plugins\jetpack\_inc\lib\markdown\README.md
[DEBUG][2025-03-12T11:55:05.826Z] Markdown file detected: wp-content\plugins\zapier\vendor\firebase\php-jwt\CHANGELOG.md
[DEBUG][2025-03-12T11:55:05.828Z] Markdown file detected: wp-content\plugins\zapier\vendor\firebase\php-jwt\README.md
[DEBUG][2025-03-12T11:55:05.830Z] Markdown file detected: wp-content\plugins\gutenberg\lib\experimental\sync\README.md
[DEBUG][2025-03-12T11:55:06.535Z] 📝 Detected change in Markdown file: md-json-sync-improvements.md
[DEBUG][2025-03-12T11:55:06.537Z] Processing change in Markdown file: md-json-sync-improvements.md
[DEBUG][2025-03-12T11:55:06.539Z] Could not find containing directory for md-json-sync-improvements.md, using default: .
[DEBUG][2025-03-12T11:55:06.541Z] Mapping MD to JSON: md-json-sync-improvements.md -> json\md-json-sync-improvements.json
[DEBUG][2025-03-12T11:55:06.542Z] Relative path: md-json-sync-improvements.md
[DEBUG][2025-03-12T11:55:06.544Z] Normalized path: md-json-sync-improvements.md
[DEBUG][2025-03-12T11:55:06.545Z] Reading markdown file: md-json-sync-improvements.md
[DEBUG][2025-03-12T11:55:06.548Z] Transforming markdown to JSON
[DEBUG][2025-03-12T11:55:06.550Z] Converting markdown to JSON
[DEBUG][2025-03-12T11:55:06.551Z] Conversion complete. Found 0 sections
[DEBUG][2025-03-12T11:55:06.552Z] Writing JSON file: json\md-json-sync-improvements.json
[DEBUG][2025-03-12T11:55:06.554Z] ✅ Successfully transformed md-json-sync-improvements.md to json\md-json-sync-improvements.json
[DEBUG][2025-03-12T11:55:12.399Z] Markdown file detected: wp-content\plugins\easy-digital-downloads\libraries\Symfony\Component\Translation\CHANGELOG.md
[DEBUG][2025-03-12T11:55:12.404Z] Markdown file detected: wp-content\plugins\easy-digital-downloads\libraries\Symfony\Component\Translation\README.md
[DEBUG][2025-03-12T11:55:12.408Z] Markdown file detected: wp-content\plugins\easy-digital-downloads\libraries\Symfony\Contracts\Translation\CHANGELOG.md
[DEBUG][2025-03-12T11:55:12.410Z] Markdown file detected: wp-content\plugins\easy-digital-downloads\libraries\Symfony\Contracts\Translation\README.md
[DEBUG][2025-03-12T11:55:12.412Z] Markdown file detected: wp-content\plugins\easy-digital-downloads\libraries\Symfony\Polyfill\Mbstring\README.md
[DEBUG][2025-03-12T11:55:12.446Z] Markdown file detected: wp-content\plugins\jetpack\jetpack_vendor\automattic\jetpack-videopress\src\Readme.md
[DEBUG][2025-03-12T11:55:12.460Z] 📝 Detected change in JSON file: json\md-json-sync-improvements.json
[DEBUG][2025-03-12T11:55:12.461Z] Processing change in JSON file: json\md-json-sync-improvements.json
[DEBUG][2025-03-12T11:55:12.462Z] Mapping JSON to MD: json\md-json-sync-improvements.json -> md json sync improvements.md
[DEBUG][2025-03-12T11:55:12.463Z] Relative path: md-json-sync-improvements.json
[DEBUG][2025-03-12T11:55:12.464Z] Normalized path: md json sync improvements.json
[DEBUG][2025-03-12T11:55:12.465Z] Reading JSON file: json\md-json-sync-improvements.json
[DEBUG][2025-03-12T11:55:12.466Z] Parsing JSON
[DEBUG][2025-03-12T11:55:12.467Z] Transforming JSON to markdown
[DEBUG][2025-03-12T11:55:12.468Z] Converting JSON to markdown
[DEBUG][2025-03-12T11:55:12.469Z] Added YAML frontmatter with 2 properties
[DEBUG][2025-03-12T11:55:12.470Z] Processing 0 sections
[DEBUG][2025-03-12T11:55:12.471Z] Markdown conversion complete
[DEBUG][2025-03-12T11:55:12.472Z] Writing markdown file: md json sync improvements.md
[DEBUG][2025-03-12T11:55:12.473Z] ✅ Successfully transformed json\md-json-sync-improvements.json to md json sync improvements.md
[DEBUG][2025-03-12T11:55:14.251Z] 📝 Detected change in Markdown file: md json sync improvements.md
[DEBUG][2025-03-12T11:55:14.253Z] Processing change in Markdown file: md json sync improvements.md
[DEBUG][2025-03-12T11:55:14.254Z] Could not find containing directory for md json sync improvements.md, using default: .
[DEBUG][2025-03-12T11:55:14.255Z] Mapping MD to JSON: md json sync improvements.md -> json\md-json-sync-improvements.json
[DEBUG][2025-03-12T11:55:14.255Z] Relative path: md json sync improvements.md
[DEBUG][2025-03-12T11:55:14.256Z] Normalized path: md-json-sync-improvements.md
[DEBUG][2025-03-12T11:55:14.257Z] Reading markdown file: md json sync improvements.md
[DEBUG][2025-03-12T11:55:14.258Z] Transforming markdown to JSON
[DEBUG][2025-03-12T11:55:14.259Z] Converting markdown to JSON
[DEBUG][2025-03-12T11:55:14.260Z] Found YAML frontmatter
[DEBUG][2025-03-12T11:55:14.260Z] Added metadata: lastUpdated = 2025-03-12T11
[DEBUG][2025-03-12T11:55:14.261Z] Added metadata: version = 1.0
[DEBUG][2025-03-12T11:55:14.262Z] Conversion complete. Found 0 sections
[DEBUG][2025-03-12T11:55:14.262Z] Writing JSON file: json\md-json-sync-improvements.json
[DEBUG][2025-03-12T11:55:14.264Z] ✅ Successfully transformed md json sync improvements.md to json\md-json-sync-improvements.json
[DEBUG][2025-03-12T11:55:19.929Z] Markdown file detected: wp-content\plugins\ultimate-member\includes\lib\action-scheduler\lib\cron-expression\README.md
[DEBUG][2025-03-12T11:55:20.229Z] 📝 Detected change in JSON file: json\md-json-sync-improvements.json
[DEBUG][2025-03-12T11:55:20.231Z] Processing change in JSON file: json\md-json-sync-improvements.json
[DEBUG][2025-03-12T11:55:20.232Z] Mapping JSON to MD: json\md-json-sync-improvements.json -> md json sync improvements.md
[DEBUG][2025-03-12T11:55:20.232Z] Relative path: md-json-sync-improvements.json
[DEBUG][2025-03-12T11:55:20.233Z] Normalized path: md json sync improvements.json
[DEBUG][2025-03-12T11:55:20.234Z] Reading JSON file: json\md-json-sync-improvements.json
[DEBUG][2025-03-12T11:55:20.236Z] Parsing JSON
[DEBUG][2025-03-12T11:55:20.237Z] Transforming JSON to markdown
[DEBUG][2025-03-12T11:55:20.237Z] Converting JSON to markdown
[DEBUG][2025-03-12T11:55:20.238Z] Added YAML frontmatter with 2 properties
[DEBUG][2025-03-12T11:55:20.239Z] Processing 0 sections
[DEBUG][2025-03-12T11:55:20.239Z] Markdown conversion complete
[DEBUG][2025-03-12T11:55:20.240Z] Writing markdown file: md json sync improvements.md
[DEBUG][2025-03-12T11:55:20.241Z] ✅ Successfully transformed json\md-json-sync-improvements.json to md json sync improvements.md
[DEBUG][2025-03-12T11:55:20.800Z] 📝 Detected change in Markdown file: md json sync improvements.md
[DEBUG][2025-03-12T11:55:20.802Z] Processing change in Markdown file: md json sync improvements.md
[DEBUG][2025-03-12T11:55:20.803Z] Could not find containing directory for md json sync improvements.md, using default: .
[DEBUG][2025-03-12T11:55:20.804Z] Mapping MD to JSON: md json sync improvements.md -> json\md-json-sync-improvements.json
[DEBUG][2025-03-12T11:55:20.805Z] Relative path: md json sync improvements.md
[DEBUG][2025-03-12T11:55:20.806Z] Normalized path: md-json-sync-improvements.md
[DEBUG][2025-03-12T11:55:20.807Z] Reading markdown file: md json sync improvements.md
[DEBUG][2025-03-12T11:55:20.808Z] Transforming markdown to JSON
[DEBUG][2025-03-12T11:55:20.808Z] Converting markdown to JSON
[DEBUG][2025-03-12T11:55:20.809Z] Found YAML frontmatter
[DEBUG][2025-03-12T11:55:20.809Z] Added metadata: lastUpdated = 2025-03-12T11
[DEBUG][2025-03-12T11:55:20.810Z] Added metadata: version = 1.0
[DEBUG][2025-03-12T11:55:20.811Z] Conversion complete. Found 0 sections
[DEBUG][2025-03-12T11:55:20.812Z] Writing JSON file: json\md-json-sync-improvements.json
[DEBUG][2025-03-12T11:55:20.813Z] ✅ Successfully transformed md json sync improvements.md to json\md-json-sync-improvements.json
[DEBUG][2025-03-12T11:55:22.602Z] 📝 Detected change in Markdown file: 2way sync test.md
[DEBUG][2025-03-12T11:55:22.604Z] Processing change in Markdown file: 2way sync test.md
[DEBUG][2025-03-12T11:55:22.605Z] Could not find containing directory for 2way sync test.md, using default: .
[DEBUG][2025-03-12T11:55:22.606Z] Mapping MD to JSON: 2way sync test.md -> json\2way-sync-test.json
[DEBUG][2025-03-12T11:55:22.607Z] Relative path: 2way sync test.md
[DEBUG][2025-03-12T11:55:22.608Z] Normalized path: 2way-sync-test.md
[DEBUG][2025-03-12T11:55:22.609Z] Reading markdown file: 2way sync test.md
[DEBUG][2025-03-12T11:55:22.610Z] Transforming markdown to JSON
[DEBUG][2025-03-12T11:55:22.611Z] Converting markdown to JSON
[DEBUG][2025-03-12T11:55:22.611Z] Found YAML frontmatter
[DEBUG][2025-03-12T11:55:22.612Z] Added metadata: title = 2way sync test is READY to test CHANGE
[DEBUG][2025-03-12T11:55:22.613Z] Found title: MD-JSON Sync System - Root Directory Test
[DEBUG][2025-03-12T11:55:22.614Z] Found section: Running the Tests
[DEBUG][2025-03-12T11:55:22.615Z] Found section: Conclusion
[DEBUG][2025-03-12T11:55:22.615Z] Found section: Root Directory Test
[DEBUG][2025-03-12T11:55:22.616Z] Found section: Running the Tests
[DEBUG][2025-03-12T11:55:22.617Z] Found section: Conclusion
[DEBUG][2025-03-12T11:55:22.617Z] Conversion complete. Found 5 sections
[DEBUG][2025-03-12T11:55:22.618Z] Writing JSON file: json\2way-sync-test.json
[DEBUG][2025-03-12T11:55:22.620Z] ✅ Successfully transformed 2way sync test.md to json\2way-sync-test.json
[DEBUG][2025-03-12T11:55:25.201Z] 📝 Detected change in JSON file: json\md-json-sync-improvements.json
[DEBUG][2025-03-12T11:55:25.203Z] Processing change in JSON file: json\md-json-sync-improvements.json
[DEBUG][2025-03-12T11:55:25.206Z] Mapping JSON to MD: json\md-json-sync-improvements.json -> md json sync improvements.md
[DEBUG][2025-03-12T11:55:25.207Z] Relative path: md-json-sync-improvements.json
[DEBUG][2025-03-12T11:55:25.209Z] Normalized path: md json sync improvements.json
[DEBUG][2025-03-12T11:55:25.210Z] Reading JSON file: json\md-json-sync-improvements.json
[DEBUG][2025-03-12T11:55:25.211Z] Parsing JSON
[DEBUG][2025-03-12T11:55:25.212Z] Transforming JSON to markdown
[DEBUG][2025-03-12T11:55:25.213Z] Converting JSON to markdown
[DEBUG][2025-03-12T11:55:25.214Z] Added YAML frontmatter with 2 properties
[DEBUG][2025-03-12T11:55:25.215Z] Processing 0 sections
[DEBUG][2025-03-12T11:55:25.216Z] Markdown conversion complete
[DEBUG][2025-03-12T11:55:25.217Z] Writing markdown file: md json sync improvements.md
[DEBUG][2025-03-12T11:55:25.219Z] ✅ Successfully transformed json\md-json-sync-improvements.json to md json sync improvements.md
[DEBUG][2025-03-12T11:55:26.961Z] 📝 Detected change in Markdown file: md json sync improvements.md
[DEBUG][2025-03-12T11:55:26.962Z] Processing change in Markdown file: md json sync improvements.md
[DEBUG][2025-03-12T11:55:26.964Z] Could not find containing directory for md json sync improvements.md, using default: .
[DEBUG][2025-03-12T11:55:26.964Z] Mapping MD to JSON: md json sync improvements.md -> json\md-json-sync-improvements.json
[DEBUG][2025-03-12T11:55:26.965Z] Relative path: md json sync improvements.md
[DEBUG][2025-03-12T11:55:26.966Z] Normalized path: md-json-sync-improvements.md
[DEBUG][2025-03-12T11:55:26.967Z] Reading markdown file: md json sync improvements.md
[DEBUG][2025-03-12T11:55:26.968Z] Transforming markdown to JSON
[DEBUG][2025-03-12T11:55:26.968Z] Converting markdown to JSON
[DEBUG][2025-03-12T11:55:26.969Z] Found YAML frontmatter
[DEBUG][2025-03-12T11:55:26.970Z] Added metadata: lastUpdated = 2025-03-12T11
[DEBUG][2025-03-12T11:55:26.971Z] Added metadata: version = 1.0
[DEBUG][2025-03-12T11:55:26.971Z] Conversion complete. Found 0 sections
[DEBUG][2025-03-12T11:55:26.972Z] Writing JSON file: json\md-json-sync-improvements.json
[DEBUG][2025-03-12T11:55:26.974Z] ✅ Successfully transformed md json sync improvements.md to json\md-json-sync-improvements.json
[DEBUG][2025-03-12T11:55:27.173Z] 📝 Detected change in JSON file: json\2way-sync-test.json
[DEBUG][2025-03-12T11:55:27.174Z] Processing change in JSON file: json\2way-sync-test.json
[DEBUG][2025-03-12T11:55:27.175Z] Mapping JSON to MD: json\2way-sync-test.json -> 2way sync test.md
[DEBUG][2025-03-12T11:55:27.176Z] Relative path: 2way-sync-test.json
[DEBUG][2025-03-12T11:55:27.177Z] Normalized path: 2way sync test.json
[DEBUG][2025-03-12T11:55:27.177Z] Reading JSON file: json\2way-sync-test.json
[DEBUG][2025-03-12T11:55:27.178Z] Parsing JSON
[DEBUG][2025-03-12T11:55:27.179Z] Transforming JSON to markdown
[DEBUG][2025-03-12T11:55:27.180Z] Converting JSON to markdown
[DEBUG][2025-03-12T11:55:27.180Z] Added YAML frontmatter with 3 properties
[DEBUG][2025-03-12T11:55:27.181Z] Added title: MD-JSON Sync System - Root Directory Test
[DEBUG][2025-03-12T11:55:27.182Z] Processing 5 sections
[DEBUG][2025-03-12T11:55:27.182Z] Processing section: Running the Tests
[DEBUG][2025-03-12T11:55:27.183Z] Processing 0 subsections for section Running the Tests
[DEBUG][2025-03-12T11:55:27.184Z] Processing section: Conclusion
[DEBUG][2025-03-12T11:55:27.184Z] Processing 0 subsections for section Conclusion
[DEBUG][2025-03-12T11:55:27.185Z] Processing section: Root Directory Test
[DEBUG][2025-03-12T11:55:27.186Z] Processing 0 subsections for section Root Directory Test
[DEBUG][2025-03-12T11:55:27.186Z] Processing section: Running the Tests
[DEBUG][2025-03-12T11:55:27.187Z] Processing 0 subsections for section Running the Tests
[DEBUG][2025-03-12T11:55:27.188Z] Processing section: Conclusion
[DEBUG][2025-03-12T11:55:27.189Z] Processing 0 subsections for section Conclusion
[DEBUG][2025-03-12T11:55:27.189Z] Markdown conversion complete
[DEBUG][2025-03-12T11:55:27.190Z] Writing markdown file: 2way sync test.md
[DEBUG][2025-03-12T11:55:27.191Z] ✅ Successfully transformed json\2way-sync-test.json to 2way sync test.md
[DEBUG][2025-03-12T11:55:28.590Z] 📝 Detected change in Markdown file: 2way sync test.md
[DEBUG][2025-03-12T11:55:28.592Z] Processing change in Markdown file: 2way sync test.md
[DEBUG][2025-03-12T11:55:28.593Z] Could not find containing directory for 2way sync test.md, using default: .
[DEBUG][2025-03-12T11:55:28.594Z] Mapping MD to JSON: 2way sync test.md -> json\2way-sync-test.json
[DEBUG][2025-03-12T11:55:28.595Z] Relative path: 2way sync test.md
[DEBUG][2025-03-12T11:55:28.595Z] Normalized path: 2way-sync-test.md
[DEBUG][2025-03-12T11:55:28.596Z] Reading markdown file: 2way sync test.md
[DEBUG][2025-03-12T11:55:28.597Z] Transforming markdown to JSON
[DEBUG][2025-03-12T11:55:28.597Z] Converting markdown to JSON
[DEBUG][2025-03-12T11:55:28.598Z] Found YAML frontmatter
[DEBUG][2025-03-12T11:55:28.599Z] Added metadata: lastUpdated = 2025-03-12T11
[DEBUG][2025-03-12T11:55:28.599Z] Added metadata: version = 1.0
[DEBUG][2025-03-12T11:55:28.600Z] Added metadata: title = 2way sync test is READY to test CHANGE
[DEBUG][2025-03-12T11:55:28.601Z] Found title: MD-JSON Sync System - Root Directory Test
[DEBUG][2025-03-12T11:55:28.601Z] Found section: Running the Tests
[DEBUG][2025-03-12T11:55:28.602Z] Found section: Conclusion
[DEBUG][2025-03-12T11:55:28.602Z] Found section: Root Directory Test
[DEBUG][2025-03-12T11:55:28.603Z] Found section: Running the Tests
[DEBUG][2025-03-12T11:55:28.604Z] Found section: Conclusion
[DEBUG][2025-03-12T11:55:28.605Z] Conversion complete. Found 5 sections
[DEBUG][2025-03-12T11:55:28.606Z] Writing JSON file: json\2way-sync-test.json
[DEBUG][2025-03-12T11:55:28.607Z] ✅ Successfully transformed 2way sync test.md to json\2way-sync-test.json
[DEBUG][2025-03-12T11:55:29.985Z] 📝 Detected change in JSON file: json\md-json-sync-improvements.json
[DEBUG][2025-03-12T11:55:29.987Z] Processing change in JSON file: json\md-json-sync-improvements.json
[DEBUG][2025-03-12T11:55:29.988Z] Mapping JSON to MD: json\md-json-sync-improvements.json -> md json sync improvements.md
[DEBUG][2025-03-12T11:55:29.989Z] Relative path: md-json-sync-improvements.json
[DEBUG][2025-03-12T11:55:29.990Z] Normalized path: md json sync improvements.json
[DEBUG][2025-03-12T11:55:29.991Z] Reading JSON file: json\md-json-sync-improvements.json
[DEBUG][2025-03-12T11:55:29.992Z] Parsing JSON
[DEBUG][2025-03-12T11:55:29.992Z] Transforming JSON to markdown
[DEBUG][2025-03-12T11:55:29.993Z] Converting JSON to markdown
[DEBUG][2025-03-12T11:55:29.994Z] Added YAML frontmatter with 2 properties
[DEBUG][2025-03-12T11:55:29.994Z] Processing 0 sections
[DEBUG][2025-03-12T11:55:29.995Z] Markdown conversion complete
[DEBUG][2025-03-12T11:55:29.996Z] Writing markdown file: md json sync improvements.md
[DEBUG][2025-03-12T11:55:29.997Z] ✅ Successfully transformed json\md-json-sync-improvements.json to md json sync improvements.md
[DEBUG][2025-03-12T11:55:31.210Z] 📝 Detected change in Markdown file: md json sync improvements.md
[DEBUG][2025-03-12T11:55:31.211Z] Processing change in Markdown file: md json sync improvements.md
[DEBUG][2025-03-12T11:55:31.213Z] Could not find containing directory for md json sync improvements.md, using default: .
[DEBUG][2025-03-12T11:55:31.214Z] Mapping MD to JSON: md json sync improvements.md -> json\md-json-sync-improvements.json
[DEBUG][2025-03-12T11:55:31.215Z] Relative path: md json sync improvements.md
[DEBUG][2025-03-12T11:55:31.215Z] Normalized path: md-json-sync-improvements.md
[DEBUG][2025-03-12T11:55:31.216Z] Reading markdown file: md json sync improvements.md
[DEBUG][2025-03-12T11:55:31.217Z] Transforming markdown to JSON
[DEBUG][2025-03-12T11:55:31.218Z] Converting markdown to JSON
[DEBUG][2025-03-12T11:55:31.219Z] Found YAML frontmatter
[DEBUG][2025-03-12T11:55:31.219Z] Added metadata: lastUpdated = 2025-03-12T11
[DEBUG][2025-03-12T11:55:31.220Z] Added metadata: version = 1.0
[DEBUG][2025-03-12T11:55:31.221Z] Conversion complete. Found 0 sections
[DEBUG][2025-03-12T11:55:31.222Z] Writing JSON file: json\md-json-sync-improvements.json
[DEBUG][2025-03-12T11:55:31.223Z] ✅ Successfully transformed md json sync improvements.md to json\md-json-sync-improvements.json
[DEBUG][2025-03-12T11:55:33.250Z] 📝 Detected change in JSON file: json\2way-sync-test.json
[DEBUG][2025-03-12T11:55:33.251Z] Processing change in JSON file: json\2way-sync-test.json
[DEBUG][2025-03-12T11:55:33.253Z] Mapping JSON to MD: json\2way-sync-test.json -> 2way sync test.md
[DEBUG][2025-03-12T11:55:33.254Z] Relative path: 2way-sync-test.json
[DEBUG][2025-03-12T11:55:33.255Z] Normalized path: 2way sync test.json
[DEBUG][2025-03-12T11:55:33.256Z] Reading JSON file: json\2way-sync-test.json
[DEBUG][2025-03-12T11:55:33.257Z] Parsing JSON
[DEBUG][2025-03-12T11:55:33.257Z] Transforming JSON to markdown
[DEBUG][2025-03-12T11:55:33.258Z] Converting JSON to markdown
[DEBUG][2025-03-12T11:55:33.259Z] Added YAML frontmatter with 3 properties
[DEBUG][2025-03-12T11:55:33.259Z] Added title: MD-JSON Sync System - Root Directory Test
[DEBUG][2025-03-12T11:55:33.260Z] Processing 5 sections
[DEBUG][2025-03-12T11:55:33.261Z] Processing section: Running the Tests
[DEBUG][2025-03-12T11:55:33.262Z] Processing 0 subsections for section Running the Tests
[DEBUG][2025-03-12T11:55:33.263Z] Processing section: Conclusion
[DEBUG][2025-03-12T11:55:33.263Z] Processing 0 subsections for section Conclusion
[DEBUG][2025-03-12T11:55:33.264Z] Processing section: Root Directory Test
[DEBUG][2025-03-12T11:55:33.265Z] Processing 0 subsections for section Root Directory Test
[DEBUG][2025-03-12T11:55:33.266Z] Processing section: Running the Tests
[DEBUG][2025-03-12T11:55:33.266Z] Processing 0 subsections for section Running the Tests
[DEBUG][2025-03-12T11:55:33.267Z] Processing section: Conclusion
[DEBUG][2025-03-12T11:55:33.268Z] Processing 0 subsections for section Conclusion
[DEBUG][2025-03-12T11:55:33.269Z] Markdown conversion complete
[DEBUG][2025-03-12T11:55:33.270Z] Writing markdown file: 2way sync test.md
[DEBUG][2025-03-12T11:55:33.271Z] ✅ Successfully transformed json\2way-sync-test.json to 2way sync test.md
[DEBUG][2025-03-12T11:55:35.943Z] 📝 Detected change in JSON file: json\md-json-sync-improvements.json
[DEBUG][2025-03-12T11:55:35.944Z] Processing change in JSON file: json\md-json-sync-improvements.json
[DEBUG][2025-03-12T11:55:35.945Z] Mapping JSON to MD: json\md-json-sync-improvements.json -> md json sync improvements.md
[DEBUG][2025-03-12T11:55:35.946Z] Relative path: md-json-sync-improvements.json
[DEBUG][2025-03-12T11:55:35.947Z] Normalized path: md json sync improvements.json
[DEBUG][2025-03-12T11:55:35.948Z] Reading JSON file: json\md-json-sync-improvements.json
[DEBUG][2025-03-12T11:55:35.949Z] Parsing JSON
[DEBUG][2025-03-12T11:55:35.950Z] Transforming JSON to markdown
[DEBUG][2025-03-12T11:55:35.950Z] Converting JSON to markdown
[DEBUG][2025-03-12T11:55:35.951Z] Added YAML frontmatter with 2 properties
[DEBUG][2025-03-12T11:55:35.951Z] Processing 0 sections
[DEBUG][2025-03-12T11:55:35.952Z] Markdown conversion complete
[DEBUG][2025-03-12T11:55:35.953Z] Writing markdown file: md json sync improvements.md
[DEBUG][2025-03-12T11:55:35.954Z] ✅ Successfully transformed json\md-json-sync-improvements.json to md json sync improvements.md
[DEBUG][2025-03-12T11:55:36.923Z] 📝 Detected change in Markdown file: 2way sync test.md
[DEBUG][2025-03-12T11:55:36.924Z] Processing change in Markdown file: 2way sync test.md
[DEBUG][2025-03-12T11:55:36.925Z] Could not find containing directory for 2way sync test.md, using default: .
[DEBUG][2025-03-12T11:55:36.926Z] Mapping MD to JSON: 2way sync test.md -> json\2way-sync-test.json
[DEBUG][2025-03-12T11:55:36.927Z] Relative path: 2way sync test.md
[DEBUG][2025-03-12T11:55:36.928Z] Normalized path: 2way-sync-test.md
[DEBUG][2025-03-12T11:55:36.929Z] Reading markdown file: 2way sync test.md
[DEBUG][2025-03-12T11:55:36.930Z] Transforming markdown to JSON
[DEBUG][2025-03-12T11:55:36.930Z] Converting markdown to JSON
[DEBUG][2025-03-12T11:55:36.931Z] Found YAML frontmatter
[DEBUG][2025-03-12T11:55:36.932Z] Added metadata: lastUpdated = 2025-03-12T11
[DEBUG][2025-03-12T11:55:36.932Z] Added metadata: version = 1.0
[DEBUG][2025-03-12T11:55:36.933Z] Added metadata: title = 2way sync test is READY to test CHANGE
[DEBUG][2025-03-12T11:55:36.934Z] Found title: MD-JSON Sync System - Root Directory Test
[DEBUG][2025-03-12T11:55:36.935Z] Found section: Running the Tests
[DEBUG][2025-03-12T11:55:36.935Z] Found section: Conclusion
[DEBUG][2025-03-12T11:55:36.936Z] Found section: Root Directory Test
[DEBUG][2025-03-12T11:55:36.937Z] Found section: Running the Tests
[DEBUG][2025-03-12T11:55:36.938Z] Found section: Conclusion
[DEBUG][2025-03-12T11:55:36.939Z] Conversion complete. Found 5 sections
[DEBUG][2025-03-12T11:55:36.939Z] Writing JSON file: json\2way-sync-test.json
[DEBUG][2025-03-12T11:55:36.941Z] ✅ Successfully transformed 2way sync test.md to json\2way-sync-test.json
[DEBUG][2025-03-12T11:55:39.203Z] 📝 Detected change in Markdown file: md json sync improvements.md
[DEBUG][2025-03-12T11:55:39.206Z] Processing change in Markdown file: md json sync improvements.md
[DEBUG][2025-03-12T11:55:39.208Z] Could not find containing directory for md json sync improvements.md, using default: .
[DEBUG][2025-03-12T11:55:39.209Z] Mapping MD to JSON: md json sync improvements.md -> json\md-json-sync-improvements.json
[DEBUG][2025-03-12T11:55:39.210Z] Relative path: md json sync improvements.md
[DEBUG][2025-03-12T11:55:39.211Z] Normalized path: md-json-sync-improvements.md
[DEBUG][2025-03-12T11:55:39.212Z] Reading markdown file: md json sync improvements.md
[DEBUG][2025-03-12T11:55:39.214Z] Transforming markdown to JSON
[DEBUG][2025-03-12T11:55:39.215Z] Converting markdown to JSON
[DEBUG][2025-03-12T11:55:39.216Z] Found YAML frontmatter
[DEBUG][2025-03-12T11:55:39.217Z] Added metadata: lastUpdated = 2025-03-12T11
[DEBUG][2025-03-12T11:55:39.218Z] Added metadata: version = 1.0
[DEBUG][2025-03-12T11:55:39.219Z] Conversion complete. Found 0 sections
[DEBUG][2025-03-12T11:55:39.220Z] Writing JSON file: json\md-json-sync-improvements.json
[DEBUG][2025-03-12T11:55:39.222Z] ✅ Successfully transformed md json sync improvements.md to json\md-json-sync-improvements.json
[DEBUG][2025-03-12T11:55:42.712Z] 📝 Detected change in JSON file: json\2way-sync-test.json
[DEBUG][2025-03-12T11:55:42.713Z] Processing change in JSON file: json\2way-sync-test.json
[DEBUG][2025-03-12T11:55:42.715Z] Mapping JSON to MD: json\2way-sync-test.json -> 2way sync test.md
[DEBUG][2025-03-12T11:55:42.716Z] Relative path: 2way-sync-test.json
[DEBUG][2025-03-12T11:55:42.716Z] Normalized path: 2way sync test.json
[DEBUG][2025-03-12T11:55:42.717Z] Reading JSON file: json\2way-sync-test.json
[DEBUG][2025-03-12T11:55:42.718Z] Parsing JSON
[DEBUG][2025-03-12T11:55:42.719Z] Transforming JSON to markdown
[DEBUG][2025-03-12T11:55:42.720Z] Converting JSON to markdown
[DEBUG][2025-03-12T11:55:42.721Z] Added YAML frontmatter with 3 properties
[DEBUG][2025-03-12T11:55:42.722Z] Added title: MD-JSON Sync System - Root Directory Test
[DEBUG][2025-03-12T11:55:42.723Z] Processing 5 sections
[DEBUG][2025-03-12T11:55:42.724Z] Processing section: Running the Tests
[DEBUG][2025-03-12T11:55:42.725Z] Processing 0 subsections for section Running the Tests
[DEBUG][2025-03-12T11:55:42.726Z] Processing section: Conclusion
[DEBUG][2025-03-12T11:55:42.727Z] Processing 0 subsections for section Conclusion
[DEBUG][2025-03-12T11:55:42.728Z] Processing section: Root Directory Test
[DEBUG][2025-03-12T11:55:42.729Z] Processing 0 subsections for section Root Directory Test
[DEBUG][2025-03-12T11:55:42.730Z] Processing section: Running the Tests
[DEBUG][2025-03-12T11:55:42.731Z] Processing 0 subsections for section Running the Tests
[DEBUG][2025-03-12T11:55:42.732Z] Processing section: Conclusion
[DEBUG][2025-03-12T11:55:42.733Z] Processing 0 subsections for section Conclusion
[DEBUG][2025-03-12T11:55:42.734Z] Markdown conversion complete
[DEBUG][2025-03-12T11:55:42.734Z] Writing markdown file: 2way sync test.md
[DEBUG][2025-03-12T11:55:42.736Z] ✅ Successfully transformed json\2way-sync-test.json to 2way sync test.md
[DEBUG][2025-03-12T11:55:44.900Z] 📝 Detected change in JSON file: json\md-json-sync-improvements.json
[DEBUG][2025-03-12T11:55:44.901Z] Processing change in JSON file: json\md-json-sync-improvements.json
[DEBUG][2025-03-12T11:55:44.902Z] Mapping JSON to MD: json\md-json-sync-improvements.json -> md json sync improvements.md
[DEBUG][2025-03-12T11:55:44.903Z] Relative path: md-json-sync-improvements.json
[DEBUG][2025-03-12T11:55:44.904Z] Normalized path: md json sync improvements.json
[DEBUG][2025-03-12T11:55:44.905Z] Reading JSON file: json\md-json-sync-improvements.json
[DEBUG][2025-03-12T11:55:44.906Z] Parsing JSON
[DEBUG][2025-03-12T11:55:44.906Z] Transforming JSON to markdown
[DEBUG][2025-03-12T11:55:44.907Z] Converting JSON to markdown
[DEBUG][2025-03-12T11:55:44.907Z] Added YAML frontmatter with 2 properties
[DEBUG][2025-03-12T11:55:44.908Z] Processing 0 sections
[DEBUG][2025-03-12T11:55:44.909Z] Markdown conversion complete
[DEBUG][2025-03-12T11:55:44.909Z] Writing markdown file: md json sync improvements.md
[DEBUG][2025-03-12T11:55:44.911Z] ✅ Successfully transformed json\md-json-sync-improvements.json to md json sync improvements.md
[DEBUG][2025-03-12T11:55:46.006Z] 📝 Detected change in Markdown file: 2way sync test.md
[DEBUG][2025-03-12T11:55:46.007Z] Processing change in Markdown file: 2way sync test.md
[DEBUG][2025-03-12T11:55:46.008Z] Could not find containing directory for 2way sync test.md, using default: .
[DEBUG][2025-03-12T11:55:46.009Z] Mapping MD to JSON: 2way sync test.md -> json\2way-sync-test.json
[DEBUG][2025-03-12T11:55:46.010Z] Relative path: 2way sync test.md
[DEBUG][2025-03-12T11:55:46.010Z] Normalized path: 2way-sync-test.md
[DEBUG][2025-03-12T11:55:46.011Z] Reading markdown file: 2way sync test.md
[DEBUG][2025-03-12T11:55:46.012Z] Transforming markdown to JSON
[DEBUG][2025-03-12T11:55:46.012Z] Converting markdown to JSON
[DEBUG][2025-03-12T11:55:46.013Z] Found YAML frontmatter
[DEBUG][2025-03-12T11:55:46.014Z] Added metadata: lastUpdated = 2025-03-12T11
[DEBUG][2025-03-12T11:55:46.014Z] Added metadata: version = 1.0
[DEBUG][2025-03-12T11:55:46.015Z] Added metadata: title = 2way sync test is READY to test CHANGE
[DEBUG][2025-03-12T11:55:46.016Z] Found title: MD-JSON Sync System - Root Directory Test
[DEBUG][2025-03-12T11:55:46.016Z] Found section: Running the Tests
[DEBUG][2025-03-12T11:55:46.017Z] Found section: Conclusion
[DEBUG][2025-03-12T11:55:46.018Z] Found section: Root Directory Test
[DEBUG][2025-03-12T11:55:46.018Z] Found section: Running the Tests
[DEBUG][2025-03-12T11:55:46.019Z] Found section: Conclusion
[DEBUG][2025-03-12T11:55:46.020Z] Conversion complete. Found 5 sections
[DEBUG][2025-03-12T11:55:46.020Z] Writing JSON file: json\2way-sync-test.json
[DEBUG][2025-03-12T11:55:46.022Z] ✅ Successfully transformed 2way sync test.md to json\2way-sync-test.json
[DEBUG][2025-03-12T11:55:46.951Z] 📝 Detected change in Markdown file: md json sync improvements.md
[DEBUG][2025-03-12T11:55:46.952Z] Processing change in Markdown file: md json sync improvements.md
[DEBUG][2025-03-12T11:55:46.953Z] Could not find containing directory for md json sync improvements.md, using default: .
[DEBUG][2025-03-12T11:55:46.954Z] Mapping MD to JSON: md json sync improvements.md -> json\md-json-sync-improvements.json
[DEBUG][2025-03-12T11:55:46.955Z] Relative path: md json sync improvements.md
[DEBUG][2025-03-12T11:55:46.956Z] Normalized path: md-json-sync-improvements.md
[DEBUG][2025-03-12T11:55:46.957Z] Reading markdown file: md json sync improvements.md
[DEBUG][2025-03-12T11:55:46.958Z] Transforming markdown to JSON
[DEBUG][2025-03-12T11:55:46.958Z] Converting markdown to JSON
[DEBUG][2025-03-12T11:55:46.959Z] Found YAML frontmatter
[DEBUG][2025-03-12T11:55:46.960Z] Added metadata: lastUpdated = 2025-03-12T11
[DEBUG][2025-03-12T11:55:46.961Z] Added metadata: version = 1.0
[DEBUG][2025-03-12T11:55:46.961Z] Conversion complete. Found 0 sections
[DEBUG][2025-03-12T11:55:46.962Z] Writing JSON file: json\md-json-sync-improvements.json
[DEBUG][2025-03-12T11:55:46.963Z] ✅ Successfully transformed md json sync improvements.md to json\md-json-sync-improvements.json
[DEBUG][2025-03-12T11:55:55.335Z] 📝 Detected change in JSON file: json\2way-sync-test.json
[DEBUG][2025-03-12T11:55:55.338Z] Processing change in JSON file: json\2way-sync-test.json
[DEBUG][2025-03-12T11:55:55.340Z] Mapping JSON to MD: json\2way-sync-test.json -> 2way sync test.md
[DEBUG][2025-03-12T11:55:55.341Z] Relative path: 2way-sync-test.json
[DEBUG][2025-03-12T11:55:55.341Z] Normalized path: 2way sync test.json
[DEBUG][2025-03-12T11:55:55.342Z] Reading JSON file: json\2way-sync-test.json
[DEBUG][2025-03-12T11:55:55.344Z] Parsing JSON
[DEBUG][2025-03-12T11:55:55.344Z] Transforming JSON to markdown
[DEBUG][2025-03-12T11:55:55.345Z] Converting JSON to markdown
[DEBUG][2025-03-12T11:55:55.346Z] Added YAML frontmatter with 3 properties
[DEBUG][2025-03-12T11:55:55.347Z] Added title: MD-JSON Sync System - Root Directory Test
[DEBUG][2025-03-12T11:55:55.348Z] Processing 5 sections
[DEBUG][2025-03-12T11:55:55.349Z] Processing section: Running the Tests
[DEBUG][2025-03-12T11:55:55.350Z] Processing 0 subsections for section Running the Tests
[DEBUG][2025-03-12T11:55:55.351Z] Processing section: Conclusion
[DEBUG][2025-03-12T11:55:55.352Z] Processing 0 subsections for section Conclusion
[DEBUG][2025-03-12T11:55:55.354Z] Processing section: Root Directory Test
[DEBUG][2025-03-12T11:55:55.355Z] Processing 0 subsections for section Root Directory Test
[DEBUG][2025-03-12T11:55:55.356Z] Processing section: Running the Tests
[DEBUG][2025-03-12T11:55:55.356Z] Processing 0 subsections for section Running the Tests
[DEBUG][2025-03-12T11:55:55.358Z] Processing section: Conclusion
[DEBUG][2025-03-12T11:55:55.358Z] Processing 0 subsections for section Conclusion
[DEBUG][2025-03-12T11:55:55.359Z] Markdown conversion complete
[DEBUG][2025-03-12T11:55:55.360Z] Writing markdown file: 2way sync test.md
[DEBUG][2025-03-12T11:55:55.362Z] ✅ Successfully transformed json\2way-sync-test.json to 2way sync test.md
[DEBUG][2025-03-12T11:55:56.740Z] 📝 Detected change in JSON file: json\md-json-sync-improvements.json
[DEBUG][2025-03-12T11:55:56.741Z] Processing change in JSON file: json\md-json-sync-improvements.json
[DEBUG][2025-03-12T11:55:56.743Z] Mapping JSON to MD: json\md-json-sync-improvements.json -> md json sync improvements.md
[DEBUG][2025-03-12T11:55:56.744Z] Relative path: md-json-sync-improvements.json
[DEBUG][2025-03-12T11:55:56.745Z] Normalized path: md json sync improvements.json
[DEBUG][2025-03-12T11:55:56.746Z] Reading JSON file: json\md-json-sync-improvements.json
[DEBUG][2025-03-12T11:55:56.747Z] Parsing JSON
[DEBUG][2025-03-12T11:55:56.748Z] Transforming JSON to markdown
[DEBUG][2025-03-12T11:55:56.749Z] Converting JSON to markdown
[DEBUG][2025-03-12T11:55:56.750Z] Added YAML frontmatter with 2 properties
[DEBUG][2025-03-12T11:55:56.751Z] Processing 0 sections
[DEBUG][2025-03-12T11:55:56.752Z] Markdown conversion complete
[DEBUG][2025-03-12T11:55:56.753Z] Writing markdown file: md json sync improvements.md
[DEBUG][2025-03-12T11:55:56.755Z] ✅ Successfully transformed json\md-json-sync-improvements.json to md json sync improvements.md
[DEBUG][2025-03-12T11:55:58.377Z] 📝 Detected change in Markdown file: 2way sync test.md
[DEBUG][2025-03-12T11:55:58.378Z] Processing change in Markdown file: 2way sync test.md
[DEBUG][2025-03-12T11:55:58.380Z] Could not find containing directory for 2way sync test.md, using default: .
[DEBUG][2025-03-12T11:55:58.381Z] Mapping MD to JSON: 2way sync test.md -> json\2way-sync-test.json
[DEBUG][2025-03-12T11:55:58.382Z] Relative path: 2way sync test.md
[DEBUG][2025-03-12T11:55:58.382Z] Normalized path: 2way-sync-test.md
[DEBUG][2025-03-12T11:55:58.383Z] Reading markdown file: 2way sync test.md
[DEBUG][2025-03-12T11:55:58.384Z] Transforming markdown to JSON
[DEBUG][2025-03-12T11:55:58.385Z] Converting markdown to JSON
[DEBUG][2025-03-12T11:55:58.386Z] Found YAML frontmatter
[DEBUG][2025-03-12T11:55:58.386Z] Added metadata: lastUpdated = 2025-03-12T11
[DEBUG][2025-03-12T11:55:58.388Z] Added metadata: version = 1.0
[DEBUG][2025-03-12T11:55:58.388Z] Added metadata: title = 2way sync test is READY to test CHANGE
[DEBUG][2025-03-12T11:55:58.389Z] Found title: MD-JSON Sync System - Root Directory Test
[DEBUG][2025-03-12T11:55:58.390Z] Found section: Running the Tests
[DEBUG][2025-03-12T11:55:58.391Z] Found section: Conclusion
[DEBUG][2025-03-12T11:55:58.392Z] Found section: Root Directory Test
[DEBUG][2025-03-12T11:55:58.393Z] Found section: Running the Tests
[DEBUG][2025-03-12T11:55:58.394Z] Found section: Conclusion
[DEBUG][2025-03-12T11:55:58.395Z] Conversion complete. Found 5 sections
[DEBUG][2025-03-12T11:55:58.395Z] Writing JSON file: json\2way-sync-test.json
[DEBUG][2025-03-12T11:55:58.398Z] ✅ Successfully transformed 2way sync test.md to json\2way-sync-test.json
[DEBUG][2025-03-12T11:55:58.472Z] 📝 Detected change in Markdown file: md json sync improvements.md
[DEBUG][2025-03-12T11:55:58.474Z] Processing change in Markdown file: md json sync improvements.md
[DEBUG][2025-03-12T11:55:58.475Z] Could not find containing directory for md json sync improvements.md, using default: .
[DEBUG][2025-03-12T11:55:58.476Z] Mapping MD to JSON: md json sync improvements.md -> json\md-json-sync-improvements.json
[DEBUG][2025-03-12T11:55:58.477Z] Relative path: md json sync improvements.md
[DEBUG][2025-03-12T11:55:58.478Z] Normalized path: md-json-sync-improvements.md
[DEBUG][2025-03-12T11:55:58.479Z] Reading markdown file: md json sync improvements.md
[DEBUG][2025-03-12T11:55:58.480Z] Transforming markdown to JSON
[DEBUG][2025-03-12T11:55:58.480Z] Converting markdown to JSON
[DEBUG][2025-03-12T11:55:58.481Z] Found YAML frontmatter
[DEBUG][2025-03-12T11:55:58.482Z] Added metadata: lastUpdated = 2025-03-12T11
[DEBUG][2025-03-12T11:55:58.483Z] Added metadata: version = 1.0
[DEBUG][2025-03-12T11:55:58.484Z] Conversion complete. Found 0 sections
[DEBUG][2025-03-12T11:55:58.485Z] Writing JSON file: json\md-json-sync-improvements.json
[DEBUG][2025-03-12T11:55:58.487Z] ✅ Successfully transformed md json sync improvements.md to json\md-json-sync-improvements.json
[DEBUG][2025-03-12T11:56:07.139Z] 📝 Detected change in JSON file: json\2way-sync-test.json
[DEBUG][2025-03-12T11:56:07.141Z] Processing change in JSON file: json\2way-sync-test.json
[DEBUG][2025-03-12T11:56:07.142Z] Mapping JSON to MD: json\2way-sync-test.json -> 2way sync test.md
[DEBUG][2025-03-12T11:56:07.143Z] Relative path: 2way-sync-test.json
[DEBUG][2025-03-12T11:56:07.143Z] Normalized path: 2way sync test.json
[DEBUG][2025-03-12T11:56:07.144Z] Reading JSON file: json\2way-sync-test.json
[DEBUG][2025-03-12T11:56:07.145Z] Parsing JSON
[DEBUG][2025-03-12T11:56:07.146Z] Transforming JSON to markdown
[DEBUG][2025-03-12T11:56:07.147Z] Converting JSON to markdown
[DEBUG][2025-03-12T11:56:07.147Z] Added YAML frontmatter with 3 properties
[DEBUG][2025-03-12T11:56:07.148Z] Added title: MD-JSON Sync System - Root Directory Test
[DEBUG][2025-03-12T11:56:07.149Z] Processing 5 sections
[DEBUG][2025-03-12T11:56:07.149Z] Processing section: Running the Tests
[DEBUG][2025-03-12T11:56:07.150Z] Processing 0 subsections for section Running the Tests
[DEBUG][2025-03-12T11:56:07.150Z] Processing section: Conclusion
[DEBUG][2025-03-12T11:56:07.151Z] Processing 0 subsections for section Conclusion
[DEBUG][2025-03-12T11:56:07.152Z] Processing section: Root Directory Test
[DEBUG][2025-03-12T11:56:07.153Z] Processing 0 subsections for section Root Directory Test
[DEBUG][2025-03-12T11:56:07.153Z] Processing section: Running the Tests
[DEBUG][2025-03-12T11:56:07.154Z] Processing 0 subsections for section Running the Tests
[DEBUG][2025-03-12T11:56:07.155Z] Processing section: Conclusion
[DEBUG][2025-03-12T11:56:07.155Z] Processing 0 subsections for section Conclusion
[DEBUG][2025-03-12T11:56:07.156Z] Markdown conversion complete
[DEBUG][2025-03-12T11:56:07.157Z] Writing markdown file: 2way sync test.md
[DEBUG][2025-03-12T11:56:07.158Z] ✅ Successfully transformed json\2way-sync-test.json to 2way sync test.md
[DEBUG][2025-03-12T11:56:08.481Z] 📝 Detected change in JSON file: json\md-json-sync-improvements.json
[DEBUG][2025-03-12T11:56:08.482Z] Processing change in JSON file: json\md-json-sync-improvements.json
[DEBUG][2025-03-12T11:56:08.484Z] Mapping JSON to MD: json\md-json-sync-improvements.json -> md json sync improvements.md
[DEBUG][2025-03-12T11:56:08.485Z] Relative path: md-json-sync-improvements.json
[DEBUG][2025-03-12T11:56:08.485Z] Normalized path: md json sync improvements.json
[DEBUG][2025-03-12T11:56:08.487Z] Reading JSON file: json\md-json-sync-improvements.json
[DEBUG][2025-03-12T11:56:08.488Z] Parsing JSON
[DEBUG][2025-03-12T11:56:08.488Z] Transforming JSON to markdown
[DEBUG][2025-03-12T11:56:08.489Z] Converting JSON to markdown
[DEBUG][2025-03-12T11:56:08.490Z] Added YAML frontmatter with 2 properties
[DEBUG][2025-03-12T11:56:08.490Z] Processing 0 sections
[DEBUG][2025-03-12T11:56:08.491Z] Markdown conversion complete
[DEBUG][2025-03-12T11:56:08.492Z] Writing markdown file: md json sync improvements.md
[DEBUG][2025-03-12T11:56:08.493Z] ✅ Successfully transformed json\md-json-sync-improvements.json to md json sync improvements.md
[DEBUG][2025-03-12T11:56:10.228Z] 📝 Detected change in Markdown file: 2way sync test.md
[DEBUG][2025-03-12T11:56:10.229Z] Processing change in Markdown file: 2way sync test.md
[DEBUG][2025-03-12T11:56:10.230Z] Could not find containing directory for 2way sync test.md, using default: .
[DEBUG][2025-03-12T11:56:10.231Z] Mapping MD to JSON: 2way sync test.md -> json\2way-sync-test.json
[DEBUG][2025-03-12T11:56:10.232Z] Relative path: 2way sync test.md
[DEBUG][2025-03-12T11:56:10.233Z] Normalized path: 2way-sync-test.md
[DEBUG][2025-03-12T11:56:10.234Z] Reading markdown file: 2way sync test.md
[DEBUG][2025-03-12T11:56:10.235Z] Transforming markdown to JSON
[DEBUG][2025-03-12T11:56:10.236Z] Converting markdown to JSON
[DEBUG][2025-03-12T11:56:10.237Z] Found YAML frontmatter
[DEBUG][2025-03-12T11:56:10.238Z] Added metadata: lastUpdated = 2025-03-12T11
[DEBUG][2025-03-12T11:56:10.239Z] Added metadata: version = 1.0
[DEBUG][2025-03-12T11:56:10.240Z] Added metadata: title = 2way sync test is READY to test CHANGE
[DEBUG][2025-03-12T11:56:10.240Z] Found title: MD-JSON Sync System - Root Directory Test
[DEBUG][2025-03-12T11:56:10.241Z] Found section: Running the Tests
[DEBUG][2025-03-12T11:56:10.242Z] Found section: Conclusion
[DEBUG][2025-03-12T11:56:10.243Z] Found section: Root Directory Test
[DEBUG][2025-03-12T11:56:10.244Z] Found section: Running the Tests
[DEBUG][2025-03-12T11:56:10.244Z] Found section: Conclusion
[DEBUG][2025-03-12T11:56:10.246Z] Conversion complete. Found 5 sections
[DEBUG][2025-03-12T11:56:10.247Z] Writing JSON file: json\2way-sync-test.json
[DEBUG][2025-03-12T11:56:10.249Z] ✅ Successfully transformed 2way sync test.md to json\2way-sync-test.json
[DEBUG][2025-03-12T11:56:10.342Z] 📝 Detected change in Markdown file: md json sync improvements.md
[DEBUG][2025-03-12T11:56:10.344Z] Processing change in Markdown file: md json sync improvements.md
[DEBUG][2025-03-12T11:56:10.345Z] Could not find containing directory for md json sync improvements.md, using default: .
[DEBUG][2025-03-12T11:56:10.346Z] Mapping MD to JSON: md json sync improvements.md -> json\md-json-sync-improvements.json
[DEBUG][2025-03-12T11:56:10.347Z] Relative path: md json sync improvements.md
[DEBUG][2025-03-12T11:56:10.348Z] Normalized path: md-json-sync-improvements.md
[DEBUG][2025-03-12T11:56:10.349Z] Reading markdown file: md json sync improvements.md
[DEBUG][2025-03-12T11:56:10.350Z] Transforming markdown to JSON
[DEBUG][2025-03-12T11:56:10.351Z] Converting markdown to JSON
[DEBUG][2025-03-12T11:56:10.352Z] Found YAML frontmatter
[DEBUG][2025-03-12T11:56:10.353Z] Added metadata: lastUpdated = 2025-03-12T11
[DEBUG][2025-03-12T11:56:10.354Z] Added metadata: version = 1.0
[DEBUG][2025-03-12T11:56:10.355Z] Conversion complete. Found 0 sections
[DEBUG][2025-03-12T11:56:10.355Z] Writing JSON file: json\md-json-sync-improvements.json
[DEBUG][2025-03-12T11:56:10.357Z] ✅ Successfully transformed md json sync improvements.md to json\md-json-sync-improvements.json
[DEBUG][2025-03-12T11:56:24.428Z] 📝 Detected change in JSON file: json\md-json-sync-improvements.json
[DEBUG][2025-03-12T11:56:24.429Z] Processing change in JSON file: json\md-json-sync-improvements.json
[DEBUG][2025-03-12T11:56:24.430Z] Mapping JSON to MD: json\md-json-sync-improvements.json -> md json sync improvements.md
[DEBUG][2025-03-12T11:56:24.431Z] Relative path: md-json-sync-improvements.json
[DEBUG][2025-03-12T11:56:24.432Z] Normalized path: md json sync improvements.json
[DEBUG][2025-03-12T11:56:24.432Z] Reading JSON file: json\md-json-sync-improvements.json
[DEBUG][2025-03-12T11:56:24.433Z] Parsing JSON
[DEBUG][2025-03-12T11:56:24.434Z] Transforming JSON to markdown
[DEBUG][2025-03-12T11:56:24.434Z] Converting JSON to markdown
[DEBUG][2025-03-12T11:56:24.435Z] Added YAML frontmatter with 2 properties
[DEBUG][2025-03-12T11:56:24.436Z] Processing 0 sections
[DEBUG][2025-03-12T11:56:24.436Z] Markdown conversion complete
[DEBUG][2025-03-12T11:56:24.437Z] Writing markdown file: md json sync improvements.md
[DEBUG][2025-03-12T11:56:24.438Z] ✅ Successfully transformed json\md-json-sync-improvements.json to md json sync improvements.md
[DEBUG][2025-03-12T11:56:25.428Z] 📝 Detected change in JSON file: json\2way-sync-test.json
[DEBUG][2025-03-12T11:56:25.429Z] Processing change in JSON file: json\2way-sync-test.json
[DEBUG][2025-03-12T11:56:25.430Z] Mapping JSON to MD: json\2way-sync-test.json -> 2way sync test.md
[DEBUG][2025-03-12T11:56:25.431Z] Relative path: 2way-sync-test.json
[DEBUG][2025-03-12T11:56:25.432Z] Normalized path: 2way sync test.json
[DEBUG][2025-03-12T11:56:25.433Z] Reading JSON file: json\2way-sync-test.json
[DEBUG][2025-03-12T11:56:25.434Z] Parsing JSON
[DEBUG][2025-03-12T11:56:25.435Z] Transforming JSON to markdown
[DEBUG][2025-03-12T11:56:25.436Z] Converting JSON to markdown
[DEBUG][2025-03-12T11:56:25.437Z] Added YAML frontmatter with 4 properties
[DEBUG][2025-03-12T11:56:25.438Z] Added title: MD-JSON Sync System - Root Directory Test
[DEBUG][2025-03-12T11:56:25.439Z] Processing 6 sections
[DEBUG][2025-03-12T11:56:25.439Z] Processing section: Running the Tests
[DEBUG][2025-03-12T11:56:25.440Z] Processing 0 subsections for section Running the Tests
[DEBUG][2025-03-12T11:56:25.441Z] Processing section: Conclusion
[DEBUG][2025-03-12T11:56:25.441Z] Processing 0 subsections for section Conclusion
[DEBUG][2025-03-12T11:56:25.442Z] Processing section: Root Directory Test
[DEBUG][2025-03-12T11:56:25.443Z] Processing 0 subsections for section Root Directory Test
[DEBUG][2025-03-12T11:56:25.443Z] Processing section: Running the Tests
[DEBUG][2025-03-12T11:56:25.444Z] Processing 0 subsections for section Running the Tests
[DEBUG][2025-03-12T11:56:25.445Z] Processing section: Conclusion
[DEBUG][2025-03-12T11:56:25.446Z] Processing 0 subsections for section Conclusion
[DEBUG][2025-03-12T11:56:25.447Z] Processing section: Debug Test Results
[DEBUG][2025-03-12T11:56:25.447Z] Processing 0 subsections for section Debug Test Results
[DEBUG][2025-03-12T11:56:25.448Z] Markdown conversion complete
[DEBUG][2025-03-12T11:56:25.449Z] Writing markdown file: 2way sync test.md
[DEBUG][2025-03-12T11:56:25.450Z] ✅ Successfully transformed json\2way-sync-test.json to 2way sync test.md
[DEBUG][2025-03-12T11:56:27.859Z] 📝 Detected change in Markdown file: md json sync improvements.md
[DEBUG][2025-03-12T11:56:27.860Z] Processing change in Markdown file: md json sync improvements.md
[DEBUG][2025-03-12T11:56:27.861Z] Could not find containing directory for md json sync improvements.md, using default: .
[DEBUG][2025-03-12T11:56:27.863Z] Mapping MD to JSON: md json sync improvements.md -> json\md-json-sync-improvements.json
[DEBUG][2025-03-12T11:56:27.864Z] Relative path: md json sync improvements.md
[DEBUG][2025-03-12T11:56:27.865Z] Normalized path: md-json-sync-improvements.md
[DEBUG][2025-03-12T11:56:27.866Z] Reading markdown file: md json sync improvements.md
[DEBUG][2025-03-12T11:56:27.867Z] Transforming markdown to JSON
[DEBUG][2025-03-12T11:56:27.868Z] Converting markdown to JSON
[DEBUG][2025-03-12T11:56:27.869Z] Found YAML frontmatter
[DEBUG][2025-03-12T11:56:27.870Z] Added metadata: lastUpdated = 2025-03-12T11
[DEBUG][2025-03-12T11:56:27.871Z] Added metadata: version = 1.0
[DEBUG][2025-03-12T11:56:27.872Z] Conversion complete. Found 0 sections
[DEBUG][2025-03-12T11:56:27.873Z] Writing JSON file: json\md-json-sync-improvements.json
[DEBUG][2025-03-12T11:56:27.875Z] ✅ Successfully transformed md json sync improvements.md to json\md-json-sync-improvements.json
[DEBUG][2025-03-12T11:56:28.026Z] 📝 Detected change in Markdown file: 2way sync test.md
[DEBUG][2025-03-12T11:56:28.027Z] Processing change in Markdown file: 2way sync test.md
[DEBUG][2025-03-12T11:56:28.028Z] Could not find containing directory for 2way sync test.md, using default: .
[DEBUG][2025-03-12T11:56:28.029Z] Mapping MD to JSON: 2way sync test.md -> json\2way-sync-test.json
[DEBUG][2025-03-12T11:56:28.030Z] Relative path: 2way sync test.md
[DEBUG][2025-03-12T11:56:28.030Z] Normalized path: 2way-sync-test.md
[DEBUG][2025-03-12T11:56:28.031Z] Reading markdown file: 2way sync test.md
[DEBUG][2025-03-12T11:56:28.032Z] Transforming markdown to JSON
[DEBUG][2025-03-12T11:56:28.032Z] Converting markdown to JSON
[DEBUG][2025-03-12T11:56:28.033Z] Found YAML frontmatter
[DEBUG][2025-03-12T11:56:28.034Z] Added metadata: lastUpdated = 2025-03-14T12
[DEBUG][2025-03-12T11:56:28.034Z] Added metadata: version = 1.0
[DEBUG][2025-03-12T11:56:28.035Z] Added metadata: title = 2way sync test is READY to test CHANGE
[DEBUG][2025-03-12T11:56:28.036Z] Added metadata: status = Synchronization Testing
[DEBUG][2025-03-12T11:56:28.037Z] Found title: MD-JSON Sync System - Root Directory Test
[DEBUG][2025-03-12T11:56:28.037Z] Found section: Running the Tests
[DEBUG][2025-03-12T11:56:28.038Z] Found section: Conclusion
[DEBUG][2025-03-12T11:56:28.038Z] Found section: Root Directory Test
[DEBUG][2025-03-12T11:56:28.039Z] Found section: Running the Tests
[DEBUG][2025-03-12T11:56:28.040Z] Found section: Conclusion
[DEBUG][2025-03-12T11:56:28.040Z] Found section: Debug Test Results
[DEBUG][2025-03-12T11:56:28.041Z] Conversion complete. Found 6 sections
[DEBUG][2025-03-12T11:56:28.041Z] Writing JSON file: json\2way-sync-test.json
[DEBUG][2025-03-12T11:56:28.043Z] ✅ Successfully transformed 2way sync test.md to json\2way-sync-test.json
[DEBUG][2025-03-12T11:56:36.710Z] 📝 Detected change in JSON file: json\md-json-sync-improvements.json
[DEBUG][2025-03-12T11:56:36.712Z] Processing change in JSON file: json\md-json-sync-improvements.json
[DEBUG][2025-03-12T11:56:36.713Z] Mapping JSON to MD: json\md-json-sync-improvements.json -> md json sync improvements.md
[DEBUG][2025-03-12T11:56:36.714Z] Relative path: md-json-sync-improvements.json
[DEBUG][2025-03-12T11:56:36.714Z] Normalized path: md json sync improvements.json
[DEBUG][2025-03-12T11:56:36.715Z] Reading JSON file: json\md-json-sync-improvements.json
[DEBUG][2025-03-12T11:56:36.716Z] Parsing JSON
[DEBUG][2025-03-12T11:56:36.717Z] Transforming JSON to markdown
[DEBUG][2025-03-12T11:56:36.718Z] Converting JSON to markdown
[DEBUG][2025-03-12T11:56:36.718Z] Added YAML frontmatter with 2 properties
[DEBUG][2025-03-12T11:56:36.719Z] Processing 0 sections
[DEBUG][2025-03-12T11:56:36.720Z] Markdown conversion complete
[DEBUG][2025-03-12T11:56:36.720Z] Writing markdown file: md json sync improvements.md
[DEBUG][2025-03-12T11:56:36.722Z] ✅ Successfully transformed json\md-json-sync-improvements.json to md json sync improvements.md
[DEBUG][2025-03-12T11:56:37.909Z] 📝 Detected change in JSON file: json\2way-sync-test.json
[DEBUG][2025-03-12T11:56:37.910Z] Processing change in JSON file: json\2way-sync-test.json
[DEBUG][2025-03-12T11:56:37.911Z] Mapping JSON to MD: json\2way-sync-test.json -> 2way sync test.md
[DEBUG][2025-03-12T11:56:37.912Z] Relative path: 2way-sync-test.json
[DEBUG][2025-03-12T11:56:37.912Z] Normalized path: 2way sync test.json
[DEBUG][2025-03-12T11:56:37.913Z] Reading JSON file: json\2way-sync-test.json
[DEBUG][2025-03-12T11:56:37.914Z] Parsing JSON
[DEBUG][2025-03-12T11:56:37.914Z] Transforming JSON to markdown
[DEBUG][2025-03-12T11:56:37.915Z] Converting JSON to markdown
[DEBUG][2025-03-12T11:56:37.916Z] Added YAML frontmatter with 4 properties
[DEBUG][2025-03-12T11:56:37.916Z] Added title: MD-JSON Sync System - Root Directory Test
[DEBUG][2025-03-12T11:56:37.917Z] Processing 6 sections
[DEBUG][2025-03-12T11:56:37.918Z] Processing section: Running the Tests
[DEBUG][2025-03-12T11:56:37.918Z] Processing 0 subsections for section Running the Tests
[DEBUG][2025-03-12T11:56:37.919Z] Processing section: Conclusion
[DEBUG][2025-03-12T11:56:37.920Z] Processing 0 subsections for section Conclusion
[DEBUG][2025-03-12T11:56:37.921Z] Processing section: Root Directory Test
[DEBUG][2025-03-12T11:56:37.921Z] Processing 0 subsections for section Root Directory Test
[DEBUG][2025-03-12T11:56:37.922Z] Processing section: Running the Tests
[DEBUG][2025-03-12T11:56:37.923Z] Processing 0 subsections for section Running the Tests
[DEBUG][2025-03-12T11:56:37.923Z] Processing section: Conclusion
[DEBUG][2025-03-12T11:56:37.924Z] Processing 0 subsections for section Conclusion
[DEBUG][2025-03-12T11:56:37.925Z] Processing section: Debug Test Results
[DEBUG][2025-03-12T11:56:37.926Z] Processing 0 subsections for section Debug Test Results
[DEBUG][2025-03-12T11:56:37.926Z] Markdown conversion complete
[DEBUG][2025-03-12T11:56:37.927Z] Writing markdown file: 2way sync test.md
[DEBUG][2025-03-12T11:56:37.928Z] ✅ Successfully transformed json\2way-sync-test.json to 2way sync test.md
[DEBUG][2025-03-12T11:56:39.575Z] 📝 Detected change in Markdown file: md json sync improvements.md
[DEBUG][2025-03-12T11:56:39.577Z] Processing change in Markdown file: md json sync improvements.md
[DEBUG][2025-03-12T11:56:39.578Z] Could not find containing directory for md json sync improvements.md, using default: .
[DEBUG][2025-03-12T11:56:39.579Z] Mapping MD to JSON: md json sync improvements.md -> json\md-json-sync-improvements.json
[DEBUG][2025-03-12T11:56:39.580Z] Relative path: md json sync improvements.md
[DEBUG][2025-03-12T11:56:39.581Z] Normalized path: md-json-sync-improvements.md
[DEBUG][2025-03-12T11:56:39.582Z] Reading markdown file: md json sync improvements.md
[DEBUG][2025-03-12T11:56:39.583Z] Transforming markdown to JSON
[DEBUG][2025-03-12T11:56:39.583Z] Converting markdown to JSON
[DEBUG][2025-03-12T11:56:39.584Z] Found YAML frontmatter
[DEBUG][2025-03-12T11:56:39.584Z] Added metadata: lastUpdated = 2025-03-12T11
[DEBUG][2025-03-12T11:56:39.585Z] Added metadata: version = 1.0
[DEBUG][2025-03-12T11:56:39.586Z] Conversion complete. Found 0 sections
[DEBUG][2025-03-12T11:56:39.587Z] Writing JSON file: json\md-json-sync-improvements.json
[DEBUG][2025-03-12T11:56:39.588Z] ✅ Successfully transformed md json sync improvements.md to json\md-json-sync-improvements.json
[DEBUG][2025-03-12T11:56:39.748Z] 📝 Detected change in Markdown file: 2way sync test.md
[DEBUG][2025-03-12T11:56:39.749Z] Processing change in Markdown file: 2way sync test.md
[DEBUG][2025-03-12T11:56:39.750Z] Could not find containing directory for 2way sync test.md, using default: .
[DEBUG][2025-03-12T11:56:39.751Z] Mapping MD to JSON: 2way sync test.md -> json\2way-sync-test.json
[DEBUG][2025-03-12T11:56:39.752Z] Relative path: 2way sync test.md
[DEBUG][2025-03-12T11:56:39.752Z] Normalized path: 2way-sync-test.md
[DEBUG][2025-03-12T11:56:39.753Z] Reading markdown file: 2way sync test.md
[DEBUG][2025-03-12T11:56:39.754Z] Transforming markdown to JSON
[DEBUG][2025-03-12T11:56:39.755Z] Converting markdown to JSON
[DEBUG][2025-03-12T11:56:39.756Z] Found YAML frontmatter
[DEBUG][2025-03-12T11:56:39.756Z] Added metadata: lastUpdated = 2025-03-14T12
[DEBUG][2025-03-12T11:56:39.757Z] Added metadata: version = 1.0
[DEBUG][2025-03-12T11:56:39.758Z] Added metadata: title = 2way sync test is READY to test CHANGE
[DEBUG][2025-03-12T11:56:39.758Z] Added metadata: status = Synchronization Testing
[DEBUG][2025-03-12T11:56:39.759Z] Found title: MD-JSON Sync System - Root Directory Test
[DEBUG][2025-03-12T11:56:39.760Z] Found section: Running the Tests
[DEBUG][2025-03-12T11:56:39.760Z] Found section: Conclusion
[DEBUG][2025-03-12T11:56:39.761Z] Found section: Root Directory Test
[DEBUG][2025-03-12T11:56:39.761Z] Found section: Running the Tests
[DEBUG][2025-03-12T11:56:39.762Z] Found section: Conclusion
[DEBUG][2025-03-12T11:56:39.763Z] Found section: Debug Test Results
[DEBUG][2025-03-12T11:56:39.763Z] Conversion complete. Found 6 sections
[DEBUG][2025-03-12T11:56:39.764Z] Writing JSON file: json\2way-sync-test.json
[DEBUG][2025-03-12T11:56:39.765Z] ✅ Successfully transformed 2way sync test.md to json\2way-sync-test.json
[DEBUG][2025-03-12T11:56:51.025Z] 📝 Detected change in JSON file: json\md-json-sync-improvements.json
[DEBUG][2025-03-12T11:56:51.027Z] Processing change in JSON file: json\md-json-sync-improvements.json
[DEBUG][2025-03-12T11:56:51.029Z] Mapping JSON to MD: json\md-json-sync-improvements.json -> md json sync improvements.md
[DEBUG][2025-03-12T11:56:51.030Z] Relative path: md-json-sync-improvements.json
[DEBUG][2025-03-12T11:56:51.031Z] Normalized path: md json sync improvements.json
[DEBUG][2025-03-12T11:56:51.033Z] Reading JSON file: json\md-json-sync-improvements.json
[DEBUG][2025-03-12T11:56:51.034Z] Parsing JSON
[DEBUG][2025-03-12T11:56:51.035Z] Transforming JSON to markdown
[DEBUG][2025-03-12T11:56:51.037Z] Converting JSON to markdown
[DEBUG][2025-03-12T11:56:51.038Z] Added YAML frontmatter with 2 properties
[DEBUG][2025-03-12T11:56:51.039Z] Processing 0 sections
[DEBUG][2025-03-12T11:56:51.040Z] Markdown conversion complete
[DEBUG][2025-03-12T11:56:51.040Z] Writing markdown file: md json sync improvements.md
[DEBUG][2025-03-12T11:56:51.042Z] ✅ Successfully transformed json\md-json-sync-improvements.json to md json sync improvements.md
[DEBUG][2025-03-12T11:56:53.572Z] 📝 Detected change in JSON file: json\2way-sync-test.json
[DEBUG][2025-03-12T11:56:53.574Z] Processing change in JSON file: json\2way-sync-test.json
[DEBUG][2025-03-12T11:56:53.576Z] Mapping JSON to MD: json\2way-sync-test.json -> 2way sync test.md
[DEBUG][2025-03-12T11:56:53.577Z] Relative path: 2way-sync-test.json
[DEBUG][2025-03-12T11:56:53.578Z] Normalized path: 2way sync test.json
[DEBUG][2025-03-12T11:56:53.579Z] Reading JSON file: json\2way-sync-test.json
[DEBUG][2025-03-12T11:56:53.581Z] Parsing JSON
[DEBUG][2025-03-12T11:56:53.582Z] Transforming JSON to markdown
[DEBUG][2025-03-12T11:56:53.583Z] Converting JSON to markdown
[DEBUG][2025-03-12T11:56:53.584Z] Added YAML frontmatter with 4 properties
[DEBUG][2025-03-12T11:56:53.587Z] Added title: MD-JSON Sync System - Root Directory Test
[DEBUG][2025-03-12T11:56:53.588Z] Processing 6 sections
[DEBUG][2025-03-12T11:56:53.589Z] Processing section: Running the Tests
[DEBUG][2025-03-12T11:56:53.590Z] Processing 0 subsections for section Running the Tests
[DEBUG][2025-03-12T11:56:53.591Z] Processing section: Conclusion
[DEBUG][2025-03-12T11:56:53.592Z] Processing 0 subsections for section Conclusion
[DEBUG][2025-03-12T11:56:53.593Z] Processing section: Root Directory Test
[DEBUG][2025-03-12T11:56:53.594Z] Processing 0 subsections for section Root Directory Test
[DEBUG][2025-03-12T11:56:53.595Z] Processing section: Running the Tests
[DEBUG][2025-03-12T11:56:53.595Z] Processing 0 subsections for section Running the Tests
[DEBUG][2025-03-12T11:56:53.596Z] Processing section: Conclusion
[DEBUG][2025-03-12T11:56:53.597Z] Processing 0 subsections for section Conclusion
[DEBUG][2025-03-12T11:56:53.598Z] Processing section: Debug Test Results
[DEBUG][2025-03-12T11:56:53.599Z] Processing 0 subsections for section Debug Test Results
[DEBUG][2025-03-12T11:56:53.600Z] Markdown conversion complete
[DEBUG][2025-03-12T11:56:53.601Z] Writing markdown file: 2way sync test.md
[DEBUG][2025-03-12T11:56:53.603Z] ✅ Successfully transformed json\2way-sync-test.json to 2way sync test.md
[DEBUG][2025-03-12T11:56:54.801Z] 📝 Detected change in Markdown file: md json sync improvements.md
[DEBUG][2025-03-12T11:56:54.803Z] Processing change in Markdown file: md json sync improvements.md
[DEBUG][2025-03-12T11:56:54.804Z] Could not find containing directory for md json sync improvements.md, using default: .
[DEBUG][2025-03-12T11:56:54.805Z] Mapping MD to JSON: md json sync improvements.md -> json\md-json-sync-improvements.json
[DEBUG][2025-03-12T11:56:54.806Z] Relative path: md json sync improvements.md
[DEBUG][2025-03-12T11:56:54.807Z] Normalized path: md-json-sync-improvements.md
[DEBUG][2025-03-12T11:56:54.808Z] Reading markdown file: md json sync improvements.md
[DEBUG][2025-03-12T11:56:54.809Z] Transforming markdown to JSON
[DEBUG][2025-03-12T11:56:54.810Z] Converting markdown to JSON
[DEBUG][2025-03-12T11:56:54.811Z] Found YAML frontmatter
[DEBUG][2025-03-12T11:56:54.811Z] Added metadata: lastUpdated = 2025-03-12T11
[DEBUG][2025-03-12T11:56:54.812Z] Added metadata: version = 1.0
[DEBUG][2025-03-12T11:56:54.813Z] Conversion complete. Found 0 sections
[DEBUG][2025-03-12T11:56:54.814Z] Writing JSON file: json\md-json-sync-improvements.json
[DEBUG][2025-03-12T11:56:54.816Z] ✅ Successfully transformed md json sync improvements.md to json\md-json-sync-improvements.json
[DEBUG][2025-03-12T11:56:56.925Z] 📝 Detected change in Markdown file: 2way sync test.md
[DEBUG][2025-03-12T11:56:56.926Z] Processing change in Markdown file: 2way sync test.md
[DEBUG][2025-03-12T11:56:56.927Z] Could not find containing directory for 2way sync test.md, using default: .
[DEBUG][2025-03-12T11:56:56.928Z] Mapping MD to JSON: 2way sync test.md -> json\2way-sync-test.json
[DEBUG][2025-03-12T11:56:56.929Z] Relative path: 2way sync test.md
[DEBUG][2025-03-12T11:56:56.930Z] Normalized path: 2way-sync-test.md
[DEBUG][2025-03-12T11:56:56.931Z] Reading markdown file: 2way sync test.md
[DEBUG][2025-03-12T11:56:56.932Z] Transforming markdown to JSON
[DEBUG][2025-03-12T11:56:56.933Z] Converting markdown to JSON
[DEBUG][2025-03-12T11:56:56.933Z] Found YAML frontmatter
[DEBUG][2025-03-12T11:56:56.934Z] Added metadata: lastUpdated = 2025-03-14T12
[DEBUG][2025-03-12T11:56:56.935Z] Added metadata: version = 1.0
[DEBUG][2025-03-12T11:56:56.936Z] Added metadata: title = 2way sync test is READY to test CHANGE
[DEBUG][2025-03-12T11:56:56.937Z] Added metadata: status = Synchronization Testing
[DEBUG][2025-03-12T11:56:56.938Z] Found title: MD-JSON Sync System - Root Directory Test
[DEBUG][2025-03-12T11:56:56.939Z] Found section: Running the Tests
[DEBUG][2025-03-12T11:56:56.940Z] Found section: Conclusion
[DEBUG][2025-03-12T11:56:56.940Z] Found section: Root Directory Test
[DEBUG][2025-03-12T11:56:56.941Z] Found section: Running the Tests
[DEBUG][2025-03-12T11:56:56.942Z] Found section: Conclusion
[DEBUG][2025-03-12T11:56:56.942Z] Found section: Debug Test Results
[DEBUG][2025-03-12T11:56:56.943Z] Conversion complete. Found 6 sections
[DEBUG][2025-03-12T11:56:56.944Z] Writing JSON file: json\2way-sync-test.json
[DEBUG][2025-03-12T11:56:56.945Z] ✅ Successfully transformed 2way sync test.md to json\2way-sync-test.json
[DEBUG][2025-03-12T11:57:07.872Z] 📝 Detected change in JSON file: json\md-json-sync-improvements.json
[DEBUG][2025-03-12T11:57:07.874Z] Processing change in JSON file: json\md-json-sync-improvements.json
[DEBUG][2025-03-12T11:57:07.876Z] Mapping JSON to MD: json\md-json-sync-improvements.json -> md json sync improvements.md
[DEBUG][2025-03-12T11:57:07.877Z] Relative path: md-json-sync-improvements.json
[DEBUG][2025-03-12T11:57:07.878Z] Normalized path: md json sync improvements.json
[DEBUG][2025-03-12T11:57:07.879Z] Reading JSON file: json\md-json-sync-improvements.json
[DEBUG][2025-03-12T11:57:07.880Z] Parsing JSON
[DEBUG][2025-03-12T11:57:07.880Z] Transforming JSON to markdown
[DEBUG][2025-03-12T11:57:07.881Z] Converting JSON to markdown
[DEBUG][2025-03-12T11:57:07.882Z] Added YAML frontmatter with 2 properties
[DEBUG][2025-03-12T11:57:07.882Z] Processing 0 sections
[DEBUG][2025-03-12T11:57:07.883Z] Markdown conversion complete
[DEBUG][2025-03-12T11:57:07.884Z] Writing markdown file: md json sync improvements.md
[DEBUG][2025-03-12T11:57:07.885Z] ✅ Successfully transformed json\md-json-sync-improvements.json to md json sync improvements.md
[DEBUG][2025-03-12T11:57:09.958Z] 📝 Detected change in JSON file: json\2way-sync-test.json
[DEBUG][2025-03-12T11:57:09.959Z] Processing change in JSON file: json\2way-sync-test.json
[DEBUG][2025-03-12T11:57:09.960Z] Mapping JSON to MD: json\2way-sync-test.json -> 2way sync test.md
[DEBUG][2025-03-12T11:57:09.961Z] Relative path: 2way-sync-test.json
[DEBUG][2025-03-12T11:57:09.962Z] Normalized path: 2way sync test.json
[DEBUG][2025-03-12T11:57:09.963Z] Reading JSON file: json\2way-sync-test.json
[DEBUG][2025-03-12T11:57:09.964Z] Parsing JSON
[DEBUG][2025-03-12T11:57:09.965Z] Transforming JSON to markdown
[DEBUG][2025-03-12T11:57:09.966Z] Converting JSON to markdown
[DEBUG][2025-03-12T11:57:09.967Z] Added YAML frontmatter with 4 properties
[DEBUG][2025-03-12T11:57:09.967Z] Added title: MD-JSON Sync System - Root Directory Test
[DEBUG][2025-03-12T11:57:09.968Z] Processing 6 sections
[DEBUG][2025-03-12T11:57:09.969Z] Processing section: Running the Tests
[DEBUG][2025-03-12T11:57:09.970Z] Processing 0 subsections for section Running the Tests
[DEBUG][2025-03-12T11:57:09.971Z] Processing section: Conclusion
[DEBUG][2025-03-12T11:57:09.972Z] Processing 0 subsections for section Conclusion
[DEBUG][2025-03-12T11:57:09.973Z] Processing section: Root Directory Test
[DEBUG][2025-03-12T11:57:09.973Z] Processing 0 subsections for section Root Directory Test
[DEBUG][2025-03-12T11:57:09.974Z] Processing section: Running the Tests
[DEBUG][2025-03-12T11:57:09.975Z] Processing 0 subsections for section Running the Tests
[DEBUG][2025-03-12T11:57:09.976Z] Processing section: Conclusion
[DEBUG][2025-03-12T11:57:09.977Z] Processing 0 subsections for section Conclusion
[DEBUG][2025-03-12T11:57:09.978Z] Processing section: Debug Test Results
[DEBUG][2025-03-12T11:57:09.978Z] Processing 0 subsections for section Debug Test Results
[DEBUG][2025-03-12T11:57:09.979Z] Markdown conversion complete
[DEBUG][2025-03-12T11:57:09.980Z] Writing markdown file: 2way sync test.md
[DEBUG][2025-03-12T11:57:09.982Z] ✅ Successfully transformed json\2way-sync-test.json to 2way sync test.md
[DEBUG][2025-03-12T11:57:10.795Z] 📝 Detected change in Markdown file: md json sync improvements.md
[DEBUG][2025-03-12T11:57:10.796Z] Processing change in Markdown file: md json sync improvements.md
[DEBUG][2025-03-12T11:57:10.798Z] Could not find containing directory for md json sync improvements.md, using default: .
[DEBUG][2025-03-12T11:57:10.799Z] Mapping MD to JSON: md json sync improvements.md -> json\md-json-sync-improvements.json
[DEBUG][2025-03-12T11:57:10.799Z] Relative path: md json sync improvements.md
[DEBUG][2025-03-12T11:57:10.800Z] Normalized path: md-json-sync-improvements.md
[DEBUG][2025-03-12T11:57:10.802Z] Reading markdown file: md json sync improvements.md
[DEBUG][2025-03-12T11:57:10.803Z] Transforming markdown to JSON
[DEBUG][2025-03-12T11:57:10.804Z] Converting markdown to JSON
[DEBUG][2025-03-12T11:57:10.805Z] Found YAML frontmatter
[DEBUG][2025-03-12T11:57:10.805Z] Added metadata: lastUpdated = 2025-03-12T11
[DEBUG][2025-03-12T11:57:10.806Z] Added metadata: version = 1.0
[DEBUG][2025-03-12T11:57:10.807Z] Conversion complete. Found 0 sections
[DEBUG][2025-03-12T11:57:10.808Z] Writing JSON file: json\md-json-sync-improvements.json
[DEBUG][2025-03-12T11:57:10.810Z] ✅ Successfully transformed md json sync improvements.md to json\md-json-sync-improvements.json
[DEBUG][2025-03-12T11:57:10.956Z] 📝 Detected change in Markdown file: 2way sync test.md
[DEBUG][2025-03-12T11:57:10.957Z] Processing change in Markdown file: 2way sync test.md
[DEBUG][2025-03-12T11:57:10.958Z] Could not find containing directory for 2way sync test.md, using default: .
[DEBUG][2025-03-12T11:57:10.959Z] Mapping MD to JSON: 2way sync test.md -> json\2way-sync-test.json
[DEBUG][2025-03-12T11:57:10.960Z] Relative path: 2way sync test.md
[DEBUG][2025-03-12T11:57:10.960Z] Normalized path: 2way-sync-test.md
[DEBUG][2025-03-12T11:57:10.961Z] Reading markdown file: 2way sync test.md
[DEBUG][2025-03-12T11:57:10.962Z] Transforming markdown to JSON
[DEBUG][2025-03-12T11:57:10.962Z] Converting markdown to JSON
[DEBUG][2025-03-12T11:57:10.963Z] Found YAML frontmatter
[DEBUG][2025-03-12T11:57:10.964Z] Added metadata: lastUpdated = 2025-03-14T12
[DEBUG][2025-03-12T11:57:10.964Z] Added metadata: version = 1.0
[DEBUG][2025-03-12T11:57:10.965Z] Added metadata: title = 2way sync test is READY to test CHANGE
[DEBUG][2025-03-12T11:57:10.966Z] Added metadata: status = Synchronization Testing
[DEBUG][2025-03-12T11:57:10.966Z] Found title: MD-JSON Sync System - Root Directory Test
[DEBUG][2025-03-12T11:57:10.967Z] Found section: Running the Tests
[DEBUG][2025-03-12T11:57:10.968Z] Found section: Conclusion
[DEBUG][2025-03-12T11:57:10.968Z] Found section: Root Directory Test
[DEBUG][2025-03-12T11:57:10.969Z] Found section: Running the Tests
[DEBUG][2025-03-12T11:57:10.970Z] Found section: Conclusion
[DEBUG][2025-03-12T11:57:10.970Z] Found section: Debug Test Results
[DEBUG][2025-03-12T11:57:10.971Z] Conversion complete. Found 6 sections
[DEBUG][2025-03-12T11:57:10.972Z] Writing JSON file: json\2way-sync-test.json
[DEBUG][2025-03-12T11:57:10.973Z] ✅ Successfully transformed 2way sync test.md to json\2way-sync-test.json
[DEBUG][2025-03-12T11:57:22.852Z] 📝 Detected change in JSON file: json\md-json-sync-improvements.json
[DEBUG][2025-03-12T11:57:22.853Z] Processing change in JSON file: json\md-json-sync-improvements.json
[DEBUG][2025-03-12T11:57:22.854Z] Mapping JSON to MD: json\md-json-sync-improvements.json -> md json sync improvements.md
[DEBUG][2025-03-12T11:57:22.855Z] Relative path: md-json-sync-improvements.json
[DEBUG][2025-03-12T11:57:22.856Z] Normalized path: md json sync improvements.json
[DEBUG][2025-03-12T11:57:22.856Z] Reading JSON file: json\md-json-sync-improvements.json
[DEBUG][2025-03-12T11:57:22.857Z] Parsing JSON
[DEBUG][2025-03-12T11:57:22.858Z] Transforming JSON to markdown
[DEBUG][2025-03-12T11:57:22.858Z] Converting JSON to markdown
[DEBUG][2025-03-12T11:57:22.859Z] Added YAML frontmatter with 2 properties
[DEBUG][2025-03-12T11:57:22.859Z] Processing 0 sections
[DEBUG][2025-03-12T11:57:22.860Z] Markdown conversion complete
[DEBUG][2025-03-12T11:57:22.860Z] Writing markdown file: md json sync improvements.md
[DEBUG][2025-03-12T11:57:22.862Z] ✅ Successfully transformed json\md-json-sync-improvements.json to md json sync improvements.md
[DEBUG][2025-03-12T11:57:25.113Z] 📝 Detected change in JSON file: json\2way-sync-test.json
[DEBUG][2025-03-12T11:57:25.114Z] Processing change in JSON file: json\2way-sync-test.json
[DEBUG][2025-03-12T11:57:25.115Z] Mapping JSON to MD: json\2way-sync-test.json -> 2way sync test.md
[DEBUG][2025-03-12T11:57:25.115Z] Relative path: 2way-sync-test.json
[DEBUG][2025-03-12T11:57:25.116Z] Normalized path: 2way sync test.json
[DEBUG][2025-03-12T11:57:25.116Z] Reading JSON file: json\2way-sync-test.json
[DEBUG][2025-03-12T11:57:25.117Z] Parsing JSON
[DEBUG][2025-03-12T11:57:25.118Z] Transforming JSON to markdown
[DEBUG][2025-03-12T11:57:25.118Z] Converting JSON to markdown
[DEBUG][2025-03-12T11:57:25.119Z] Added YAML frontmatter with 4 properties
[DEBUG][2025-03-12T11:57:25.120Z] Added title: MD-JSON Sync System - Root Directory Test
[DEBUG][2025-03-12T11:57:25.121Z] Processing 6 sections
[DEBUG][2025-03-12T11:57:25.121Z] Processing section: Running the Tests
[DEBUG][2025-03-12T11:57:25.122Z] Processing 0 subsections for section Running the Tests
[DEBUG][2025-03-12T11:57:25.123Z] Processing section: Conclusion
[DEBUG][2025-03-12T11:57:25.123Z] Processing 0 subsections for section Conclusion
[DEBUG][2025-03-12T11:57:25.124Z] Processing section: Root Directory Test
[DEBUG][2025-03-12T11:57:25.124Z] Processing 0 subsections for section Root Directory Test
[DEBUG][2025-03-12T11:57:25.125Z] Processing section: Running the Tests
[DEBUG][2025-03-12T11:57:25.126Z] Processing 0 subsections for section Running the Tests
[DEBUG][2025-03-12T11:57:25.126Z] Processing section: Conclusion
[DEBUG][2025-03-12T11:57:25.127Z] Processing 0 subsections for section Conclusion
[DEBUG][2025-03-12T11:57:25.128Z] Processing section: Debug Test Results
[DEBUG][2025-03-12T11:57:25.128Z] Processing 0 subsections for section Debug Test Results
[DEBUG][2025-03-12T11:57:25.129Z] Markdown conversion complete
[DEBUG][2025-03-12T11:57:25.129Z] Writing markdown file: 2way sync test.md
[DEBUG][2025-03-12T11:57:25.130Z] ✅ Successfully transformed json\2way-sync-test.json to 2way sync test.md
[DEBUG][2025-03-12T11:57:26.571Z] 📝 Detected change in Markdown file: md json sync improvements.md
[DEBUG][2025-03-12T11:57:26.572Z] Processing change in Markdown file: md json sync improvements.md
[DEBUG][2025-03-12T11:57:26.574Z] Could not find containing directory for md json sync improvements.md, using default: .
[DEBUG][2025-03-12T11:57:26.575Z] Mapping MD to JSON: md json sync improvements.md -> json\md-json-sync-improvements.json
[DEBUG][2025-03-12T11:57:26.576Z] Relative path: md json sync improvements.md
[DEBUG][2025-03-12T11:57:26.577Z] Normalized path: md-json-sync-improvements.md
[DEBUG][2025-03-12T11:57:26.578Z] Reading markdown file: md json sync improvements.md
[DEBUG][2025-03-12T11:57:26.579Z] Transforming markdown to JSON
[DEBUG][2025-03-12T11:57:26.580Z] Converting markdown to JSON
[DEBUG][2025-03-12T11:57:26.581Z] Found YAML frontmatter
[DEBUG][2025-03-12T11:57:26.582Z] Added metadata: lastUpdated = 2025-03-12T11
[DEBUG][2025-03-12T11:57:26.583Z] Added metadata: version = 1.0
[DEBUG][2025-03-12T11:57:26.583Z] Conversion complete. Found 0 sections
[DEBUG][2025-03-12T11:57:26.584Z] Writing JSON file: json\md-json-sync-improvements.json
[DEBUG][2025-03-12T11:57:26.586Z] ✅ Successfully transformed md json sync improvements.md to json\md-json-sync-improvements.json
[DEBUG][2025-03-12T11:57:26.726Z] 📝 Detected change in Markdown file: 2way sync test.md
[DEBUG][2025-03-12T11:57:26.727Z] Processing change in Markdown file: 2way sync test.md
[DEBUG][2025-03-12T11:57:26.729Z] Could not find containing directory for 2way sync test.md, using default: .
[DEBUG][2025-03-12T11:57:26.729Z] Mapping MD to JSON: 2way sync test.md -> json\2way-sync-test.json
[DEBUG][2025-03-12T11:57:26.730Z] Relative path: 2way sync test.md
[DEBUG][2025-03-12T11:57:26.731Z] Normalized path: 2way-sync-test.md
[DEBUG][2025-03-12T11:57:26.732Z] Reading markdown file: 2way sync test.md
[DEBUG][2025-03-12T11:57:26.732Z] Transforming markdown to JSON
[DEBUG][2025-03-12T11:57:26.733Z] Converting markdown to JSON
[DEBUG][2025-03-12T11:57:26.734Z] Found YAML frontmatter
[DEBUG][2025-03-12T11:57:26.734Z] Added metadata: lastUpdated = 2025-03-14T12
[DEBUG][2025-03-12T11:57:26.735Z] Added metadata: version = 1.0
[DEBUG][2025-03-12T11:57:26.736Z] Added metadata: title = 2way sync test is READY to test CHANGE
[DEBUG][2025-03-12T11:57:26.737Z] Added metadata: status = Synchronization Testing
[DEBUG][2025-03-12T11:57:26.738Z] Found title: MD-JSON Sync System - Root Directory Test
[DEBUG][2025-03-12T11:57:26.738Z] Found section: Running the Tests
[DEBUG][2025-03-12T11:57:26.739Z] Found section: Conclusion
[DEBUG][2025-03-12T11:57:26.740Z] Found section: Root Directory Test
[DEBUG][2025-03-12T11:57:26.741Z] Found section: Running the Tests
[DEBUG][2025-03-12T11:57:26.741Z] Found section: Conclusion
[DEBUG][2025-03-12T11:57:26.742Z] Found section: Debug Test Results
[DEBUG][2025-03-12T11:57:26.743Z] Conversion complete. Found 6 sections
[DEBUG][2025-03-12T11:57:26.744Z] Writing JSON file: json\2way-sync-test.json
[DEBUG][2025-03-12T11:57:26.745Z] ✅ Successfully transformed 2way sync test.md to json\2way-sync-test.json
[DEBUG][2025-03-12T11:57:39.084Z] 📝 Detected change in JSON file: json\md-json-sync-improvements.json
[DEBUG][2025-03-12T11:57:39.086Z] Processing change in JSON file: json\md-json-sync-improvements.json
[DEBUG][2025-03-12T11:57:39.087Z] Mapping JSON to MD: json\md-json-sync-improvements.json -> md json sync improvements.md
[DEBUG][2025-03-12T11:57:39.088Z] Relative path: md-json-sync-improvements.json
[DEBUG][2025-03-12T11:57:39.088Z] Normalized path: md json sync improvements.json
[DEBUG][2025-03-12T11:57:39.089Z] Reading JSON file: json\md-json-sync-improvements.json
[DEBUG][2025-03-12T11:57:39.090Z] Parsing JSON
[DEBUG][2025-03-12T11:57:39.091Z] Transforming JSON to markdown
[DEBUG][2025-03-12T11:57:39.092Z] Converting JSON to markdown
[DEBUG][2025-03-12T11:57:39.092Z] Added YAML frontmatter with 2 properties
[DEBUG][2025-03-12T11:57:39.093Z] Processing 0 sections
[DEBUG][2025-03-12T11:57:39.094Z] Markdown conversion complete
[DEBUG][2025-03-12T11:57:39.094Z] Writing markdown file: md json sync improvements.md
[DEBUG][2025-03-12T11:57:39.095Z] ✅ Successfully transformed json\md-json-sync-improvements.json to md json sync improvements.md
[DEBUG][2025-03-12T11:57:41.201Z] 📝 Detected change in JSON file: json\2way-sync-test.json
[DEBUG][2025-03-12T11:57:41.202Z] Processing change in JSON file: json\2way-sync-test.json
[DEBUG][2025-03-12T11:57:41.203Z] Mapping JSON to MD: json\2way-sync-test.json -> 2way sync test.md
[DEBUG][2025-03-12T11:57:41.204Z] Relative path: 2way-sync-test.json
[DEBUG][2025-03-12T11:57:41.205Z] Normalized path: 2way sync test.json
[DEBUG][2025-03-12T11:57:41.206Z] Reading JSON file: json\2way-sync-test.json
[DEBUG][2025-03-12T11:57:41.207Z] Parsing JSON
[DEBUG][2025-03-12T11:57:41.207Z] Transforming JSON to markdown
[DEBUG][2025-03-12T11:57:41.208Z] Converting JSON to markdown
[DEBUG][2025-03-12T11:57:41.209Z] Added YAML frontmatter with 4 properties
[DEBUG][2025-03-12T11:57:41.209Z] Added title: MD-JSON Sync System - Root Directory Test
[DEBUG][2025-03-12T11:57:41.210Z] Processing 6 sections
[DEBUG][2025-03-12T11:57:41.211Z] Processing section: Running the Tests
[DEBUG][2025-03-12T11:57:41.212Z] Processing 0 subsections for section Running the Tests
[DEBUG][2025-03-12T11:57:41.213Z] Processing section: Conclusion
[DEBUG][2025-03-12T11:57:41.213Z] Processing 0 subsections for section Conclusion
[DEBUG][2025-03-12T11:57:41.214Z] Processing section: Root Directory Test
[DEBUG][2025-03-12T11:57:41.214Z] Processing 0 subsections for section Root Directory Test
[DEBUG][2025-03-12T11:57:41.215Z] Processing section: Running the Tests
[DEBUG][2025-03-12T11:57:41.216Z] Processing 0 subsections for section Running the Tests
[DEBUG][2025-03-12T11:57:41.217Z] Processing section: Conclusion
[DEBUG][2025-03-12T11:57:41.217Z] Processing 0 subsections for section Conclusion
[DEBUG][2025-03-12T11:57:41.218Z] Processing section: Debug Test Results
[DEBUG][2025-03-12T11:57:41.219Z] Processing 0 subsections for section Debug Test Results
[DEBUG][2025-03-12T11:57:41.220Z] Markdown conversion complete
[DEBUG][2025-03-12T11:57:41.221Z] Writing markdown file: 2way sync test.md
[DEBUG][2025-03-12T11:57:41.222Z] ✅ Successfully transformed json\2way-sync-test.json to 2way sync test.md
[DEBUG][2025-03-12T11:57:42.777Z] 📝 Detected change in Markdown file: md json sync improvements.md
[DEBUG][2025-03-12T11:57:42.783Z] Processing change in Markdown file: md json sync improvements.md
[DEBUG][2025-03-12T11:57:42.826Z] Could not find containing directory for md json sync improvements.md, using default: .
[DEBUG][2025-03-12T11:57:42.837Z] Mapping MD to JSON: md json sync improvements.md -> json\md-json-sync-improvements.json
[DEBUG][2025-03-12T11:57:42.839Z] Relative path: md json sync improvements.md
[DEBUG][2025-03-12T11:57:42.862Z] Normalized path: md-json-sync-improvements.md
[DEBUG][2025-03-12T11:57:42.864Z] Reading markdown file: md json sync improvements.md
[DEBUG][2025-03-12T11:57:42.871Z] Transforming markdown to JSON
[DEBUG][2025-03-12T11:57:42.883Z] Converting markdown to JSON
[DEBUG][2025-03-12T11:57:42.887Z] Found YAML frontmatter
[DEBUG][2025-03-12T11:57:42.890Z] Added metadata: lastUpdated = 2025-03-12T11
[DEBUG][2025-03-12T11:57:42.892Z] Added metadata: version = 1.0
[DEBUG][2025-03-12T11:57:42.894Z] Conversion complete. Found 0 sections
[DEBUG][2025-03-12T11:57:42.897Z] Writing JSON file: json\md-json-sync-improvements.json
[DEBUG][2025-03-12T11:57:42.907Z] ✅ Successfully transformed md json sync improvements.md to json\md-json-sync-improvements.json
[DEBUG][2025-03-12T11:57:43.073Z] 📝 Detected change in Markdown file: 2way sync test.md
[DEBUG][2025-03-12T11:57:43.074Z] Processing change in Markdown file: 2way sync test.md
[DEBUG][2025-03-12T11:57:43.075Z] Could not find containing directory for 2way sync test.md, using default: .
[DEBUG][2025-03-12T11:57:43.076Z] Mapping MD to JSON: 2way sync test.md -> json\2way-sync-test.json
[DEBUG][2025-03-12T11:57:43.077Z] Relative path: 2way sync test.md
[DEBUG][2025-03-12T11:57:43.078Z] Normalized path: 2way-sync-test.md
[DEBUG][2025-03-12T11:57:43.079Z] Reading markdown file: 2way sync test.md
[DEBUG][2025-03-12T11:57:43.080Z] Transforming markdown to JSON
[DEBUG][2025-03-12T11:57:43.080Z] Converting markdown to JSON
[DEBUG][2025-03-12T11:57:43.081Z] Found YAML frontmatter
[DEBUG][2025-03-12T11:57:43.082Z] Added metadata: lastUpdated = 2025-03-14T12
[DEBUG][2025-03-12T11:57:43.082Z] Added metadata: version = 1.0
[DEBUG][2025-03-12T11:57:43.083Z] Added metadata: title = 2way sync test is READY to test CHANGE
[DEBUG][2025-03-12T11:57:43.084Z] Added metadata: status = Synchronization Testing
[DEBUG][2025-03-12T11:57:43.085Z] Found title: MD-JSON Sync System - Root Directory Test
[DEBUG][2025-03-12T11:57:43.086Z] Found section: Running the Tests
[DEBUG][2025-03-12T11:57:43.087Z] Found section: Conclusion
[DEBUG][2025-03-12T11:57:43.087Z] Found section: Root Directory Test
[DEBUG][2025-03-12T11:57:43.088Z] Found section: Running the Tests
[DEBUG][2025-03-12T11:57:43.088Z] Found section: Conclusion
[DEBUG][2025-03-12T11:57:43.089Z] Found section: Debug Test Results
[DEBUG][2025-03-12T11:57:43.090Z] Conversion complete. Found 6 sections
[DEBUG][2025-03-12T11:57:43.090Z] Writing JSON file: json\2way-sync-test.json
[DEBUG][2025-03-12T11:57:43.092Z] ✅ Successfully transformed 2way sync test.md to json\2way-sync-test.json
[DEBUG][2025-03-12T11:57:58.506Z] 📝 Detected change in JSON file: json\md-json-sync-improvements.json
[DEBUG][2025-03-12T11:57:58.508Z] Processing change in JSON file: json\md-json-sync-improvements.json
[DEBUG][2025-03-12T11:57:58.509Z] Mapping JSON to MD: json\md-json-sync-improvements.json -> md json sync improvements.md
[DEBUG][2025-03-12T11:57:58.510Z] Relative path: md-json-sync-improvements.json
[DEBUG][2025-03-12T11:57:58.511Z] Normalized path: md json sync improvements.json
[DEBUG][2025-03-12T11:57:58.512Z] Reading JSON file: json\md-json-sync-improvements.json
[DEBUG][2025-03-12T11:57:58.513Z] Parsing JSON
[DEBUG][2025-03-12T11:57:58.514Z] Transforming JSON to markdown
[DEBUG][2025-03-12T11:57:58.515Z] Converting JSON to markdown
[DEBUG][2025-03-12T11:57:58.515Z] Added YAML frontmatter with 2 properties
[DEBUG][2025-03-12T11:57:58.516Z] Processing 0 sections
[DEBUG][2025-03-12T11:57:58.517Z] Markdown conversion complete
[DEBUG][2025-03-12T11:57:58.518Z] Writing markdown file: md json sync improvements.md
[DEBUG][2025-03-12T11:57:58.520Z] ✅ Successfully transformed json\md-json-sync-improvements.json to md json sync improvements.md
[DEBUG][2025-03-12T11:58:01.154Z] 📝 Detected change in JSON file: json\2way-sync-test.json
[DEBUG][2025-03-12T11:58:01.155Z] Processing change in JSON file: json\2way-sync-test.json
[DEBUG][2025-03-12T11:58:01.156Z] Mapping JSON to MD: json\2way-sync-test.json -> 2way sync test.md
[DEBUG][2025-03-12T11:58:01.157Z] Relative path: 2way-sync-test.json
[DEBUG][2025-03-12T11:58:01.157Z] Normalized path: 2way sync test.json
[DEBUG][2025-03-12T11:58:01.158Z] Reading JSON file: json\2way-sync-test.json
[DEBUG][2025-03-12T11:58:01.159Z] Parsing JSON
[DEBUG][2025-03-12T11:58:01.159Z] Transforming JSON to markdown
[DEBUG][2025-03-12T11:58:01.160Z] Converting JSON to markdown
[DEBUG][2025-03-12T11:58:01.161Z] Added YAML frontmatter with 4 properties
[DEBUG][2025-03-12T11:58:01.161Z] Added title: MD-JSON Sync System - Root Directory Test
[DEBUG][2025-03-12T11:58:01.162Z] Processing 6 sections
[DEBUG][2025-03-12T11:58:01.163Z] Processing section: Running the Tests
[DEBUG][2025-03-12T11:58:01.163Z] Processing 0 subsections for section Running the Tests
[DEBUG][2025-03-12T11:58:01.164Z] Processing section: Conclusion
[DEBUG][2025-03-12T11:58:01.165Z] Processing 0 subsections for section Conclusion
[DEBUG][2025-03-12T11:58:01.165Z] Processing section: Root Directory Test
[DEBUG][2025-03-12T11:58:01.166Z] Processing 0 subsections for section Root Directory Test
[DEBUG][2025-03-12T11:58:01.167Z] Processing section: Running the Tests
[DEBUG][2025-03-12T11:58:01.168Z] Processing 0 subsections for section Running the Tests
[DEBUG][2025-03-12T11:58:01.169Z] Processing section: Conclusion
[DEBUG][2025-03-12T11:58:01.170Z] Processing 0 subsections for section Conclusion
[DEBUG][2025-03-12T11:58:01.170Z] Processing section: Debug Test Results
[DEBUG][2025-03-12T11:58:01.171Z] Processing 0 subsections for section Debug Test Results
[DEBUG][2025-03-12T11:58:01.172Z] Markdown conversion complete
[DEBUG][2025-03-12T11:58:01.172Z] Writing markdown file: 2way sync test.md
[DEBUG][2025-03-12T11:58:01.173Z] ✅ Successfully transformed json\2way-sync-test.json to 2way sync test.md
[DEBUG][2025-03-12T11:58:01.418Z] 📝 Detected change in Markdown file: md json sync improvements.md
[DEBUG][2025-03-12T11:58:01.420Z] Processing change in Markdown file: md json sync improvements.md
[DEBUG][2025-03-12T11:58:01.421Z] Could not find containing directory for md json sync improvements.md, using default: .
[DEBUG][2025-03-12T11:58:01.422Z] Mapping MD to JSON: md json sync improvements.md -> json\md-json-sync-improvements.json
[DEBUG][2025-03-12T11:58:01.423Z] Relative path: md json sync improvements.md
[DEBUG][2025-03-12T11:58:01.423Z] Normalized path: md-json-sync-improvements.md
[DEBUG][2025-03-12T11:58:01.424Z] Reading markdown file: md json sync improvements.md
[DEBUG][2025-03-12T11:58:01.425Z] Transforming markdown to JSON
[DEBUG][2025-03-12T11:58:01.426Z] Converting markdown to JSON
[DEBUG][2025-03-12T11:58:01.426Z] Found YAML frontmatter
[DEBUG][2025-03-12T11:58:01.427Z] Added metadata: lastUpdated = 2025-03-12T11
[DEBUG][2025-03-12T11:58:01.428Z] Added metadata: version = 1.0
[DEBUG][2025-03-12T11:58:01.428Z] Conversion complete. Found 0 sections
[DEBUG][2025-03-12T11:58:01.429Z] Writing JSON file: json\md-json-sync-improvements.json
[DEBUG][2025-03-12T11:58:01.430Z] ✅ Successfully transformed md json sync improvements.md to json\md-json-sync-improvements.json
[DEBUG][2025-03-12T11:58:05.164Z] 📝 Detected change in Markdown file: 2way sync test.md
[DEBUG][2025-03-12T11:58:05.166Z] Processing change in Markdown file: 2way sync test.md
[DEBUG][2025-03-12T11:58:05.167Z] Could not find containing directory for 2way sync test.md, using default: .
[DEBUG][2025-03-12T11:58:05.168Z] Mapping MD to JSON: 2way sync test.md -> json\2way-sync-test.json
[DEBUG][2025-03-12T11:58:05.169Z] Relative path: 2way sync test.md
[DEBUG][2025-03-12T11:58:05.170Z] Normalized path: 2way-sync-test.md
[DEBUG][2025-03-12T11:58:05.171Z] Reading markdown file: 2way sync test.md
[DEBUG][2025-03-12T11:58:05.172Z] Transforming markdown to JSON
[DEBUG][2025-03-12T11:58:05.173Z] Converting markdown to JSON
[DEBUG][2025-03-12T11:58:05.174Z] Found YAML frontmatter
[DEBUG][2025-03-12T11:58:05.175Z] Added metadata: lastUpdated = 2025-03-14T12
[DEBUG][2025-03-12T11:58:05.176Z] Added metadata: version = 1.0
[DEBUG][2025-03-12T11:58:05.177Z] Added metadata: title = 2way sync test is READY to test CHANGE
[DEBUG][2025-03-12T11:58:05.178Z] Added metadata: status = Synchronization Testing
[DEBUG][2025-03-12T11:58:05.179Z] Found title: MD-JSON Sync System - Root Directory Test
[DEBUG][2025-03-12T11:58:05.180Z] Found section: Running the Tests
[DEBUG][2025-03-12T11:58:05.180Z] Found section: Conclusion
[DEBUG][2025-03-12T11:58:05.181Z] Found section: Root Directory Test
[DEBUG][2025-03-12T11:58:05.182Z] Found section: Running the Tests
[DEBUG][2025-03-12T11:58:05.183Z] Found section: Conclusion
[DEBUG][2025-03-12T11:58:05.184Z] Found section: Debug Test Results
[DEBUG][2025-03-12T11:58:05.185Z] Conversion complete. Found 6 sections
[DEBUG][2025-03-12T11:58:05.186Z] Writing JSON file: json\2way-sync-test.json
[DEBUG][2025-03-12T11:58:05.188Z] ✅ Successfully transformed 2way sync test.md to json\2way-sync-test.json
[DEBUG][2025-03-12T11:58:16.824Z] 📝 Detected change in JSON file: json\md-json-sync-improvements.json
[DEBUG][2025-03-12T11:58:16.826Z] Processing change in JSON file: json\md-json-sync-improvements.json
[DEBUG][2025-03-12T11:58:16.827Z] Mapping JSON to MD: json\md-json-sync-improvements.json -> md json sync improvements.md
[DEBUG][2025-03-12T11:58:16.828Z] Relative path: md-json-sync-improvements.json
[DEBUG][2025-03-12T11:58:16.829Z] Normalized path: md json sync improvements.json
[DEBUG][2025-03-12T11:58:16.830Z] Reading JSON file: json\md-json-sync-improvements.json
[DEBUG][2025-03-12T11:58:16.831Z] Parsing JSON
[DEBUG][2025-03-12T11:58:16.832Z] Transforming JSON to markdown
[DEBUG][2025-03-12T11:58:16.832Z] Converting JSON to markdown
[DEBUG][2025-03-12T11:58:16.833Z] Added YAML frontmatter with 2 properties
[DEBUG][2025-03-12T11:58:16.834Z] Processing 0 sections
[DEBUG][2025-03-12T11:58:16.834Z] Markdown conversion complete
[DEBUG][2025-03-12T11:58:16.835Z] Writing markdown file: md json sync improvements.md
[DEBUG][2025-03-12T11:58:16.837Z] ✅ Successfully transformed json\md-json-sync-improvements.json to md json sync improvements.md
[DEBUG][2025-03-12T11:58:18.370Z] 📝 Detected change in JSON file: json\2way-sync-test.json
[DEBUG][2025-03-12T11:58:18.371Z] Processing change in JSON file: json\2way-sync-test.json
[DEBUG][2025-03-12T11:58:18.372Z] Mapping JSON to MD: json\2way-sync-test.json -> 2way sync test.md
[DEBUG][2025-03-12T11:58:18.373Z] Relative path: 2way-sync-test.json
[DEBUG][2025-03-12T11:58:18.374Z] Normalized path: 2way sync test.json
[DEBUG][2025-03-12T11:58:18.375Z] Reading JSON file: json\2way-sync-test.json
[DEBUG][2025-03-12T11:58:18.376Z] Parsing JSON
[DEBUG][2025-03-12T11:58:18.376Z] Transforming JSON to markdown
[DEBUG][2025-03-12T11:58:18.377Z] Converting JSON to markdown
[DEBUG][2025-03-12T11:58:18.378Z] Added YAML frontmatter with 4 properties
[DEBUG][2025-03-12T11:58:18.378Z] Added title: MD-JSON Sync System - Root Directory Test
[DEBUG][2025-03-12T11:58:18.379Z] Processing 6 sections
[DEBUG][2025-03-12T11:58:18.380Z] Processing section: Running the Tests
[DEBUG][2025-03-12T11:58:18.381Z] Processing 0 subsections for section Running the Tests
[DEBUG][2025-03-12T11:58:18.381Z] Processing section: Conclusion
[DEBUG][2025-03-12T11:58:18.382Z] Processing 0 subsections for section Conclusion
[DEBUG][2025-03-12T11:58:18.383Z] Processing section: Root Directory Test
[DEBUG][2025-03-12T11:58:18.383Z] Processing 0 subsections for section Root Directory Test
[DEBUG][2025-03-12T11:58:18.384Z] Processing section: Running the Tests
[DEBUG][2025-03-12T11:58:18.385Z] Processing 0 subsections for section Running the Tests
[DEBUG][2025-03-12T11:58:18.385Z] Processing section: Conclusion
[DEBUG][2025-03-12T11:58:18.386Z] Processing 0 subsections for section Conclusion
[DEBUG][2025-03-12T11:58:18.387Z] Processing section: Debug Test Results
[DEBUG][2025-03-12T11:58:18.388Z] Processing 0 subsections for section Debug Test Results
[DEBUG][2025-03-12T11:58:18.388Z] Markdown conversion complete
[DEBUG][2025-03-12T11:58:18.389Z] Writing markdown file: 2way sync test.md
[DEBUG][2025-03-12T11:58:18.391Z] ✅ Successfully transformed json\2way-sync-test.json to 2way sync test.md
[DEBUG][2025-03-12T11:58:20.158Z] 📝 Detected change in Markdown file: md json sync improvements.md
[DEBUG][2025-03-12T11:58:20.160Z] Processing change in Markdown file: md json sync improvements.md
[DEBUG][2025-03-12T11:58:20.161Z] Could not find containing directory for md json sync improvements.md, using default: .
[DEBUG][2025-03-12T11:58:20.162Z] Mapping MD to JSON: md json sync improvements.md -> json\md-json-sync-improvements.json
[DEBUG][2025-03-12T11:58:20.163Z] Relative path: md json sync improvements.md
[DEBUG][2025-03-12T11:58:20.164Z] Normalized path: md-json-sync-improvements.md
[DEBUG][2025-03-12T11:58:20.164Z] Reading markdown file: md json sync improvements.md
[DEBUG][2025-03-12T11:58:20.165Z] Transforming markdown to JSON
[DEBUG][2025-03-12T11:58:20.166Z] Converting markdown to JSON
[DEBUG][2025-03-12T11:58:20.166Z] Found YAML frontmatter
[DEBUG][2025-03-12T11:58:20.167Z] Added metadata: lastUpdated = 2025-03-12T11
[DEBUG][2025-03-12T11:58:20.168Z] Added metadata: version = 1.0
[DEBUG][2025-03-12T11:58:20.169Z] Conversion complete. Found 0 sections
[DEBUG][2025-03-12T11:58:20.169Z] Writing JSON file: json\md-json-sync-improvements.json
[DEBUG][2025-03-12T11:58:20.171Z] ✅ Successfully transformed md json sync improvements.md to json\md-json-sync-improvements.json
[DEBUG][2025-03-12T11:58:20.316Z] 📝 Detected change in Markdown file: 2way sync test.md
[DEBUG][2025-03-12T11:58:20.317Z] Processing change in Markdown file: 2way sync test.md
[DEBUG][2025-03-12T11:58:20.318Z] Could not find containing directory for 2way sync test.md, using default: .
[DEBUG][2025-03-12T11:58:20.319Z] Mapping MD to JSON: 2way sync test.md -> json\2way-sync-test.json
[DEBUG][2025-03-12T11:58:20.320Z] Relative path: 2way sync test.md
[DEBUG][2025-03-12T11:58:20.321Z] Normalized path: 2way-sync-test.md
[DEBUG][2025-03-12T11:58:20.322Z] Reading markdown file: 2way sync test.md
[DEBUG][2025-03-12T11:58:20.323Z] Transforming markdown to JSON
[DEBUG][2025-03-12T11:58:20.323Z] Converting markdown to JSON
[DEBUG][2025-03-12T11:58:20.324Z] Found YAML frontmatter
[DEBUG][2025-03-12T11:58:20.325Z] Added metadata: lastUpdated = 2025-03-14T12
[DEBUG][2025-03-12T11:58:20.325Z] Added metadata: version = 1.0
[DEBUG][2025-03-12T11:58:20.326Z] Added metadata: title = 2way sync test is READY to test CHANGE
[DEBUG][2025-03-12T11:58:20.327Z] Added metadata: status = Synchronization Testing
[DEBUG][2025-03-12T11:58:20.328Z] Found title: MD-JSON Sync System - Root Directory Test
[DEBUG][2025-03-12T11:58:20.328Z] Found section: Running the Tests
[DEBUG][2025-03-12T11:58:20.329Z] Found section: Conclusion
[DEBUG][2025-03-12T11:58:20.330Z] Found section: Root Directory Test
[DEBUG][2025-03-12T11:58:20.330Z] Found section: Running the Tests
[DEBUG][2025-03-12T11:58:20.331Z] Found section: Conclusion
[DEBUG][2025-03-12T11:58:20.331Z] Found section: Debug Test Results
[DEBUG][2025-03-12T11:58:20.332Z] Conversion complete. Found 6 sections
[DEBUG][2025-03-12T11:58:20.332Z] Writing JSON file: json\2way-sync-test.json
[DEBUG][2025-03-12T11:58:20.334Z] ✅ Successfully transformed 2way sync test.md to json\2way-sync-test.json
[DEBUG][2025-03-12T11:58:36.413Z] 📝 Detected change in JSON file: json\md-json-sync-improvements.json
[DEBUG][2025-03-12T11:58:36.414Z] Processing change in JSON file: json\md-json-sync-improvements.json
[DEBUG][2025-03-12T11:58:36.415Z] Mapping JSON to MD: json\md-json-sync-improvements.json -> md json sync improvements.md
[DEBUG][2025-03-12T11:58:36.416Z] Relative path: md-json-sync-improvements.json
[DEBUG][2025-03-12T11:58:36.417Z] Normalized path: md json sync improvements.json
[DEBUG][2025-03-12T11:58:36.418Z] Reading JSON file: json\md-json-sync-improvements.json
[DEBUG][2025-03-12T11:58:36.419Z] Parsing JSON
[DEBUG][2025-03-12T11:58:36.420Z] Transforming JSON to markdown
[DEBUG][2025-03-12T11:58:36.421Z] Converting JSON to markdown
[DEBUG][2025-03-12T11:58:36.421Z] Added YAML frontmatter with 2 properties
[DEBUG][2025-03-12T11:58:36.422Z] Processing 0 sections
[DEBUG][2025-03-12T11:58:36.423Z] Markdown conversion complete
[DEBUG][2025-03-12T11:58:36.424Z] Writing markdown file: md json sync improvements.md
[DEBUG][2025-03-12T11:58:36.425Z] ✅ Successfully transformed json\md-json-sync-improvements.json to md json sync improvements.md
[DEBUG][2025-03-12T11:58:38.582Z] 📝 Detected change in JSON file: json\2way-sync-test.json
[DEBUG][2025-03-12T11:58:38.583Z] Processing change in JSON file: json\2way-sync-test.json
[DEBUG][2025-03-12T11:58:38.584Z] Mapping JSON to MD: json\2way-sync-test.json -> 2way sync test.md
[DEBUG][2025-03-12T11:58:38.585Z] Relative path: 2way-sync-test.json
[DEBUG][2025-03-12T11:58:38.586Z] Normalized path: 2way sync test.json
[DEBUG][2025-03-12T11:58:38.587Z] Reading JSON file: json\2way-sync-test.json
[DEBUG][2025-03-12T11:58:38.588Z] Parsing JSON
[DEBUG][2025-03-12T11:58:38.589Z] Transforming JSON to markdown
[DEBUG][2025-03-12T11:58:38.590Z] Converting JSON to markdown
[DEBUG][2025-03-12T11:58:38.591Z] Added YAML frontmatter with 4 properties
[DEBUG][2025-03-12T11:58:38.592Z] Added title: MD-JSON Sync System - Root Directory Test
[DEBUG][2025-03-12T11:58:38.593Z] Processing 6 sections
[DEBUG][2025-03-12T11:58:38.594Z] Processing section: Running the Tests
[DEBUG][2025-03-12T11:58:38.594Z] Processing 0 subsections for section Running the Tests
[DEBUG][2025-03-12T11:58:38.595Z] Processing section: Conclusion
[DEBUG][2025-03-12T11:58:38.596Z] Processing 0 subsections for section Conclusion
[DEBUG][2025-03-12T11:58:38.597Z] Processing section: Root Directory Test
[DEBUG][2025-03-12T11:58:38.598Z] Processing 0 subsections for section Root Directory Test
[DEBUG][2025-03-12T11:58:38.599Z] Processing section: Running the Tests
[DEBUG][2025-03-12T11:58:38.600Z] Processing 0 subsections for section Running the Tests
[DEBUG][2025-03-12T11:58:38.601Z] Processing section: Conclusion
[DEBUG][2025-03-12T11:58:38.602Z] Processing 0 subsections for section Conclusion
[DEBUG][2025-03-12T11:58:38.603Z] Processing section: Debug Test Results
[DEBUG][2025-03-12T11:58:38.604Z] Processing 0 subsections for section Debug Test Results
[DEBUG][2025-03-12T11:58:38.605Z] Markdown conversion complete
[DEBUG][2025-03-12T11:58:38.605Z] Writing markdown file: 2way sync test.md
[DEBUG][2025-03-12T11:58:38.607Z] ✅ Successfully transformed json\2way-sync-test.json to 2way sync test.md
[DEBUG][2025-03-12T11:58:40.196Z] 📝 Detected change in Markdown file: md json sync improvements.md
[DEBUG][2025-03-12T11:58:40.198Z] Processing change in Markdown file: md json sync improvements.md
[DEBUG][2025-03-12T11:58:40.199Z] Could not find containing directory for md json sync improvements.md, using default: .
[DEBUG][2025-03-12T11:58:40.200Z] Mapping MD to JSON: md json sync improvements.md -> json\md-json-sync-improvements.json
[DEBUG][2025-03-12T11:58:40.201Z] Relative path: md json sync improvements.md
[DEBUG][2025-03-12T11:58:40.202Z] Normalized path: md-json-sync-improvements.md
[DEBUG][2025-03-12T11:58:40.204Z] Reading markdown file: md json sync improvements.md
[DEBUG][2025-03-12T11:58:40.205Z] Transforming markdown to JSON
[DEBUG][2025-03-12T11:58:40.206Z] Converting markdown to JSON
[DEBUG][2025-03-12T11:58:40.206Z] Found YAML frontmatter
[DEBUG][2025-03-12T11:58:40.207Z] Added metadata: lastUpdated = 2025-03-12T11
[DEBUG][2025-03-12T11:58:40.208Z] Added metadata: version = 1.0
[DEBUG][2025-03-12T11:58:40.209Z] Conversion complete. Found 0 sections
[DEBUG][2025-03-12T11:58:40.210Z] Writing JSON file: json\md-json-sync-improvements.json
[DEBUG][2025-03-12T11:58:40.211Z] ✅ Successfully transformed md json sync improvements.md to json\md-json-sync-improvements.json
[DEBUG][2025-03-12T11:58:40.349Z] 📝 Detected change in Markdown file: 2way sync test.md
[DEBUG][2025-03-12T11:58:40.351Z] Processing change in Markdown file: 2way sync test.md
[DEBUG][2025-03-12T11:58:40.352Z] Could not find containing directory for 2way sync test.md, using default: .
[DEBUG][2025-03-12T11:58:40.353Z] Mapping MD to JSON: 2way sync test.md -> json\2way-sync-test.json
[DEBUG][2025-03-12T11:58:40.354Z] Relative path: 2way sync test.md
[DEBUG][2025-03-12T11:58:40.354Z] Normalized path: 2way-sync-test.md
[DEBUG][2025-03-12T11:58:40.355Z] Reading markdown file: 2way sync test.md
[DEBUG][2025-03-12T11:58:40.356Z] Transforming markdown to JSON
[DEBUG][2025-03-12T11:58:40.357Z] Converting markdown to JSON
[DEBUG][2025-03-12T11:58:40.358Z] Found YAML frontmatter
[DEBUG][2025-03-12T11:58:40.359Z] Added metadata: lastUpdated = 2025-03-14T12
[DEBUG][2025-03-12T11:58:40.360Z] Added metadata: version = 1.0
[DEBUG][2025-03-12T11:58:40.360Z] Added metadata: title = 2way sync test is READY to test CHANGE
[DEBUG][2025-03-12T11:58:40.361Z] Added metadata: status = Synchronization Testing
[DEBUG][2025-03-12T11:58:40.362Z] Found title: MD-JSON Sync System - Root Directory Test
[DEBUG][2025-03-12T11:58:40.363Z] Found section: Running the Tests
[DEBUG][2025-03-12T11:58:40.363Z] Found section: Conclusion
[DEBUG][2025-03-12T11:58:40.364Z] Found section: Root Directory Test
[DEBUG][2025-03-12T11:58:40.365Z] Found section: Running the Tests
[DEBUG][2025-03-12T11:58:40.365Z] Found section: Conclusion
[DEBUG][2025-03-12T11:58:40.366Z] Found section: Debug Test Results
[DEBUG][2025-03-12T11:58:40.366Z] Conversion complete. Found 6 sections
[DEBUG][2025-03-12T11:58:40.367Z] Writing JSON file: json\2way-sync-test.json
[DEBUG][2025-03-12T11:58:40.369Z] ✅ Successfully transformed 2way sync test.md to json\2way-sync-test.json
[DEBUG][2025-03-12T11:58:58.164Z] 📝 Detected change in JSON file: json\md-json-sync-improvements.json
[DEBUG][2025-03-12T11:58:58.165Z] Processing change in JSON file: json\md-json-sync-improvements.json
[DEBUG][2025-03-12T11:58:58.167Z] Mapping JSON to MD: json\md-json-sync-improvements.json -> md json sync improvements.md
[DEBUG][2025-03-12T11:58:58.168Z] Relative path: md-json-sync-improvements.json
[DEBUG][2025-03-12T11:58:58.169Z] Normalized path: md json sync improvements.json
[DEBUG][2025-03-12T11:58:58.170Z] Reading JSON file: json\md-json-sync-improvements.json
[DEBUG][2025-03-12T11:58:58.171Z] Parsing JSON
[DEBUG][2025-03-12T11:58:58.172Z] Transforming JSON to markdown
[DEBUG][2025-03-12T11:58:58.173Z] Converting JSON to markdown
[DEBUG][2025-03-12T11:58:58.174Z] Added YAML frontmatter with 2 properties
[DEBUG][2025-03-12T11:58:58.175Z] Processing 0 sections
[DEBUG][2025-03-12T11:58:58.175Z] Markdown conversion complete
[DEBUG][2025-03-12T11:58:58.176Z] Writing markdown file: md json sync improvements.md
[DEBUG][2025-03-12T11:58:58.178Z] ✅ Successfully transformed json\md-json-sync-improvements.json to md json sync improvements.md
[DEBUG][2025-03-12T11:59:01.119Z] 📝 Detected change in Markdown file: md-json-sync-fixes.md
[DEBUG][2025-03-12T11:59:01.120Z] Processing change in Markdown file: md-json-sync-fixes.md
[DEBUG][2025-03-12T11:59:01.121Z] Could not find containing directory for md-json-sync-fixes.md, using default: .
[DEBUG][2025-03-12T11:59:01.122Z] Mapping MD to JSON: md-json-sync-fixes.md -> json\md-json-sync-fixes.json
[DEBUG][2025-03-12T11:59:01.123Z] Relative path: md-json-sync-fixes.md
[DEBUG][2025-03-12T11:59:01.123Z] Normalized path: md-json-sync-fixes.md
[DEBUG][2025-03-12T11:59:01.124Z] Reading markdown file: md-json-sync-fixes.md
[DEBUG][2025-03-12T11:59:01.125Z] Transforming markdown to JSON
[DEBUG][2025-03-12T11:59:01.125Z] Converting markdown to JSON
[DEBUG][2025-03-12T11:59:01.126Z] Found title: MD-JSON Sync Cursor Integration Fixes
[DEBUG][2025-03-12T11:59:01.127Z] Found section: Version 1.1.4 - 2025-03-14
[DEBUG][2025-03-12T11:59:01.127Z] Found subsection: Added
[DEBUG][2025-03-12T11:59:01.128Z] Found subsection: Changed
[DEBUG][2025-03-12T11:59:01.129Z] ❌ Error transforming md-json-sync-fixes.md to json\md-json-sync-fixes.json:
{}
[DEBUG][2025-03-12T11:59:02.052Z] 📝 Detected change in JSON file: json\2way-sync-test.json
[DEBUG][2025-03-12T11:59:02.054Z] Processing change in JSON file: json\2way-sync-test.json
[DEBUG][2025-03-12T11:59:02.055Z] Mapping JSON to MD: json\2way-sync-test.json -> 2way sync test.md
[DEBUG][2025-03-12T11:59:02.056Z] Relative path: 2way-sync-test.json
[DEBUG][2025-03-12T11:59:02.056Z] Normalized path: 2way sync test.json
[DEBUG][2025-03-12T11:59:02.057Z] Reading JSON file: json\2way-sync-test.json
[DEBUG][2025-03-12T11:59:02.058Z] Parsing JSON
[DEBUG][2025-03-12T11:59:02.059Z] Transforming JSON to markdown
[DEBUG][2025-03-12T11:59:02.060Z] Converting JSON to markdown
[DEBUG][2025-03-12T11:59:02.061Z] Added YAML frontmatter with 4 properties
[DEBUG][2025-03-12T11:59:02.062Z] Added title: MD-JSON Sync System - Root Directory Test
[DEBUG][2025-03-12T11:59:02.063Z] Processing 6 sections
[DEBUG][2025-03-12T11:59:02.063Z] Processing section: Running the Tests
[DEBUG][2025-03-12T11:59:02.064Z] Processing 0 subsections for section Running the Tests
[DEBUG][2025-03-12T11:59:02.065Z] Processing section: Conclusion
[DEBUG][2025-03-12T11:59:02.066Z] Processing 0 subsections for section Conclusion
[DEBUG][2025-03-12T11:59:02.067Z] Processing section: Root Directory Test
[DEBUG][2025-03-12T11:59:02.068Z] Processing 0 subsections for section Root Directory Test
[DEBUG][2025-03-12T11:59:02.069Z] Processing section: Running the Tests
[DEBUG][2025-03-12T11:59:02.070Z] Processing 0 subsections for section Running the Tests
[DEBUG][2025-03-12T11:59:02.071Z] Processing section: Conclusion
[DEBUG][2025-03-12T11:59:02.071Z] Processing 0 subsections for section Conclusion
[DEBUG][2025-03-12T11:59:02.072Z] Processing section: Debug Test Results
[DEBUG][2025-03-12T11:59:02.073Z] Processing 0 subsections for section Debug Test Results
[DEBUG][2025-03-12T11:59:02.074Z] Markdown conversion complete
[DEBUG][2025-03-12T11:59:02.075Z] Writing markdown file: 2way sync test.md
[DEBUG][2025-03-12T11:59:02.076Z] ✅ Successfully transformed json\2way-sync-test.json to 2way sync test.md
[DEBUG][2025-03-12T11:59:02.744Z] 📝 Detected change in Markdown file: md json sync improvements.md
[DEBUG][2025-03-12T11:59:02.745Z] Processing change in Markdown file: md json sync improvements.md
[DEBUG][2025-03-12T11:59:02.746Z] Could not find containing directory for md json sync improvements.md, using default: .
[DEBUG][2025-03-12T11:59:02.747Z] Mapping MD to JSON: md json sync improvements.md -> json\md-json-sync-improvements.json
[DEBUG][2025-03-12T11:59:02.748Z] Relative path: md json sync improvements.md
[DEBUG][2025-03-12T11:59:02.749Z] Normalized path: md-json-sync-improvements.md
[DEBUG][2025-03-12T11:59:02.750Z] Reading markdown file: md json sync improvements.md
[DEBUG][2025-03-12T11:59:02.751Z] Transforming markdown to JSON
[DEBUG][2025-03-12T11:59:02.751Z] Converting markdown to JSON
[DEBUG][2025-03-12T11:59:02.752Z] Found YAML frontmatter
[DEBUG][2025-03-12T11:59:02.753Z] Added metadata: lastUpdated = 2025-03-12T11
[DEBUG][2025-03-12T11:59:02.753Z] Added metadata: version = 1.0
[DEBUG][2025-03-12T11:59:02.754Z] Conversion complete. Found 0 sections
[DEBUG][2025-03-12T11:59:02.755Z] Writing JSON file: json\md-json-sync-improvements.json
[DEBUG][2025-03-12T11:59:02.757Z] ✅ Successfully transformed md json sync improvements.md to json\md-json-sync-improvements.json
[DEBUG][2025-03-12T11:59:08.081Z] 📝 Detected change in Markdown file: 2way sync test.md
[DEBUG][2025-03-12T11:59:08.082Z] Processing change in Markdown file: 2way sync test.md
[DEBUG][2025-03-12T11:59:08.083Z] Could not find containing directory for 2way sync test.md, using default: .
[DEBUG][2025-03-12T11:59:08.084Z] Mapping MD to JSON: 2way sync test.md -> json\2way-sync-test.json
[DEBUG][2025-03-12T11:59:08.085Z] Relative path: 2way sync test.md
[DEBUG][2025-03-12T11:59:08.086Z] Normalized path: 2way-sync-test.md
[DEBUG][2025-03-12T11:59:08.087Z] Reading markdown file: 2way sync test.md
[DEBUG][2025-03-12T11:59:08.088Z] Transforming markdown to JSON
[DEBUG][2025-03-12T11:59:08.088Z] Converting markdown to JSON
[DEBUG][2025-03-12T11:59:08.089Z] Found YAML frontmatter
[DEBUG][2025-03-12T11:59:08.090Z] Added metadata: lastUpdated = 2025-03-14T12
[DEBUG][2025-03-12T11:59:08.091Z] Added metadata: version = 1.0
[DEBUG][2025-03-12T11:59:08.091Z] Added metadata: title = 2way sync test is READY to test CHANGE
[DEBUG][2025-03-12T11:59:08.092Z] Added metadata: status = Synchronization Testing
[DEBUG][2025-03-12T11:59:08.093Z] Found title: MD-JSON Sync System - Root Directory Test
[DEBUG][2025-03-12T11:59:08.094Z] Found section: Running the Tests
[DEBUG][2025-03-12T11:59:08.095Z] Found section: Conclusion
[DEBUG][2025-03-12T11:59:08.096Z] Found section: Root Directory Test
[DEBUG][2025-03-12T11:59:08.096Z] Found section: Running the Tests
[DEBUG][2025-03-12T11:59:08.097Z] Found section: Conclusion
[DEBUG][2025-03-12T11:59:08.098Z] Found section: Debug Test Results
[DEBUG][2025-03-12T11:59:08.099Z] Conversion complete. Found 6 sections
[DEBUG][2025-03-12T11:59:08.099Z] Writing JSON file: json\2way-sync-test.json
[DEBUG][2025-03-12T11:59:08.101Z] ✅ Successfully transformed 2way sync test.md to json\2way-sync-test.json
[DEBUG][2025-03-12T11:59:15.497Z] 📝 Detected change in JSON file: json\md-json-sync-improvements.json
[DEBUG][2025-03-12T11:59:15.498Z] Processing change in JSON file: json\md-json-sync-improvements.json
[DEBUG][2025-03-12T11:59:15.499Z] Mapping JSON to MD: json\md-json-sync-improvements.json -> md json sync improvements.md
[DEBUG][2025-03-12T11:59:15.500Z] Relative path: md-json-sync-improvements.json
[DEBUG][2025-03-12T11:59:15.501Z] Normalized path: md json sync improvements.json
[DEBUG][2025-03-12T11:59:15.501Z] Reading JSON file: json\md-json-sync-improvements.json
[DEBUG][2025-03-12T11:59:15.503Z] Parsing JSON
[DEBUG][2025-03-12T11:59:15.503Z] Transforming JSON to markdown
[DEBUG][2025-03-12T11:59:15.504Z] Converting JSON to markdown
[DEBUG][2025-03-12T11:59:15.505Z] Added YAML frontmatter with 2 properties
[DEBUG][2025-03-12T11:59:15.505Z] Processing 0 sections
[DEBUG][2025-03-12T11:59:15.506Z] Markdown conversion complete
[DEBUG][2025-03-12T11:59:15.506Z] Writing markdown file: md json sync improvements.md
[DEBUG][2025-03-12T11:59:15.508Z] ✅ Successfully transformed json\md-json-sync-improvements.json to md json sync improvements.md
[DEBUG][2025-03-12T11:59:24.701Z] 📝 Detected change in Markdown file: md json sync improvements.md
[DEBUG][2025-03-12T11:59:24.703Z] Processing change in Markdown file: md json sync improvements.md
[DEBUG][2025-03-12T11:59:24.704Z] Could not find containing directory for md json sync improvements.md, using default: .
[DEBUG][2025-03-12T11:59:24.705Z] Mapping MD to JSON: md json sync improvements.md -> json\md-json-sync-improvements.json
[DEBUG][2025-03-12T11:59:24.706Z] Relative path: md json sync improvements.md
[DEBUG][2025-03-12T11:59:24.707Z] Normalized path: md-json-sync-improvements.md
[DEBUG][2025-03-12T11:59:24.708Z] Reading markdown file: md json sync improvements.md
[DEBUG][2025-03-12T11:59:24.709Z] Transforming markdown to JSON
[DEBUG][2025-03-12T11:59:24.710Z] Converting markdown to JSON
[DEBUG][2025-03-12T11:59:24.711Z] Found YAML frontmatter
[DEBUG][2025-03-12T11:59:24.712Z] Added metadata: lastUpdated = 2025-03-12T11
[DEBUG][2025-03-12T11:59:24.713Z] Added metadata: version = 1.0
[DEBUG][2025-03-12T11:59:24.713Z] Conversion complete. Found 0 sections
[DEBUG][2025-03-12T11:59:24.714Z] Writing JSON file: json\md-json-sync-improvements.json
[DEBUG][2025-03-12T11:59:24.716Z] ✅ Successfully transformed md json sync improvements.md to json\md-json-sync-improvements.json
[DEBUG][2025-03-12T11:59:25.755Z] 📝 Detected change in JSON file: json\2way-sync-test.json
[DEBUG][2025-03-12T11:59:25.756Z] Processing change in JSON file: json\2way-sync-test.json
[DEBUG][2025-03-12T11:59:25.758Z] Mapping JSON to MD: json\2way-sync-test.json -> 2way sync test.md
[DEBUG][2025-03-12T11:59:25.759Z] Relative path: 2way-sync-test.json
[DEBUG][2025-03-12T11:59:25.759Z] Normalized path: 2way sync test.json
[DEBUG][2025-03-12T11:59:25.760Z] Reading JSON file: json\2way-sync-test.json
[DEBUG][2025-03-12T11:59:25.761Z] Parsing JSON
[DEBUG][2025-03-12T11:59:25.762Z] Transforming JSON to markdown
[DEBUG][2025-03-12T11:59:25.763Z] Converting JSON to markdown
[DEBUG][2025-03-12T11:59:25.764Z] Added YAML frontmatter with 4 properties
[DEBUG][2025-03-12T11:59:25.765Z] Added title: MD-JSON Sync System - Root Directory Test
[DEBUG][2025-03-12T11:59:25.766Z] Processing 6 sections
[DEBUG][2025-03-12T11:59:25.767Z] Processing section: Running the Tests
[DEBUG][2025-03-12T11:59:25.767Z] Processing 0 subsections for section Running the Tests
[DEBUG][2025-03-12T11:59:25.768Z] Processing section: Conclusion
[DEBUG][2025-03-12T11:59:25.769Z] Processing 0 subsections for section Conclusion
[DEBUG][2025-03-12T11:59:25.770Z] Processing section: Root Directory Test
[DEBUG][2025-03-12T11:59:25.770Z] Processing 0 subsections for section Root Directory Test
[DEBUG][2025-03-12T11:59:25.771Z] Processing section: Running the Tests
[DEBUG][2025-03-12T11:59:25.772Z] Processing 0 subsections for section Running the Tests
[DEBUG][2025-03-12T11:59:25.773Z] Processing section: Conclusion
[DEBUG][2025-03-12T11:59:25.774Z] Processing 0 subsections for section Conclusion
[DEBUG][2025-03-12T11:59:25.775Z] Processing section: Debug Test Results
[DEBUG][2025-03-12T11:59:25.776Z] Processing 0 subsections for section Debug Test Results
[DEBUG][2025-03-12T11:59:25.777Z] Markdown conversion complete
[DEBUG][2025-03-12T11:59:25.777Z] Writing markdown file: 2way sync test.md
[DEBUG][2025-03-12T11:59:25.778Z] ✅ Successfully transformed json\2way-sync-test.json to 2way sync test.md
[DEBUG][2025-03-12T11:59:31.490Z] 📝 Detected change in Markdown file: 2way sync test.md
[DEBUG][2025-03-12T11:59:31.492Z] Processing change in Markdown file: 2way sync test.md
[DEBUG][2025-03-12T11:59:31.493Z] Could not find containing directory for 2way sync test.md, using default: .
[DEBUG][2025-03-12T11:59:31.494Z] Mapping MD to JSON: 2way sync test.md -> json\2way-sync-test.json
[DEBUG][2025-03-12T11:59:31.494Z] Relative path: 2way sync test.md
[DEBUG][2025-03-12T11:59:31.495Z] Normalized path: 2way-sync-test.md
[DEBUG][2025-03-12T11:59:31.496Z] Reading markdown file: 2way sync test.md
[DEBUG][2025-03-12T11:59:31.497Z] Transforming markdown to JSON
[DEBUG][2025-03-12T11:59:31.498Z] Converting markdown to JSON
[DEBUG][2025-03-12T11:59:31.499Z] Found YAML frontmatter
[DEBUG][2025-03-12T11:59:31.499Z] Added metadata: lastUpdated = 2025-03-14T12
[DEBUG][2025-03-12T11:59:31.500Z] Added metadata: version = 1.0
[DEBUG][2025-03-12T11:59:31.501Z] Added metadata: title = 2way sync test is READY to test CHANGE
[DEBUG][2025-03-12T11:59:31.502Z] Added metadata: status = Synchronization Testing
[DEBUG][2025-03-12T11:59:31.503Z] Found title: MD-JSON Sync System - Root Directory Test
[DEBUG][2025-03-12T11:59:31.504Z] Found section: Running the Tests
[DEBUG][2025-03-12T11:59:31.504Z] Found section: Conclusion
[DEBUG][2025-03-12T11:59:31.505Z] Found section: Root Directory Test
[DEBUG][2025-03-12T11:59:31.506Z] Found section: Running the Tests
[DEBUG][2025-03-12T11:59:31.506Z] Found section: Conclusion
[DEBUG][2025-03-12T11:59:31.507Z] Found section: Debug Test Results
[DEBUG][2025-03-12T11:59:31.508Z] Conversion complete. Found 6 sections
[DEBUG][2025-03-12T11:59:31.508Z] Writing JSON file: json\2way-sync-test.json
[DEBUG][2025-03-12T11:59:31.510Z] ✅ Successfully transformed 2way sync test.md to json\2way-sync-test.json
[DEBUG][2025-03-12T11:59:37.270Z] 📝 Detected change in JSON file: json\md-json-sync-improvements.json
[DEBUG][2025-03-12T11:59:37.272Z] Processing change in JSON file: json\md-json-sync-improvements.json
[DEBUG][2025-03-12T11:59:37.273Z] Mapping JSON to MD: json\md-json-sync-improvements.json -> md json sync improvements.md
[DEBUG][2025-03-12T11:59:37.274Z] Relative path: md-json-sync-improvements.json
[DEBUG][2025-03-12T11:59:37.274Z] Normalized path: md json sync improvements.json
[DEBUG][2025-03-12T11:59:37.275Z] Reading JSON file: json\md-json-sync-improvements.json
[DEBUG][2025-03-12T11:59:37.276Z] Parsing JSON
[DEBUG][2025-03-12T11:59:37.277Z] Transforming JSON to markdown
[DEBUG][2025-03-12T11:59:37.278Z] Converting JSON to markdown
[DEBUG][2025-03-12T11:59:37.279Z] Added YAML frontmatter with 2 properties
[DEBUG][2025-03-12T11:59:37.279Z] Processing 0 sections
[DEBUG][2025-03-12T11:59:37.280Z] Markdown conversion complete
[DEBUG][2025-03-12T11:59:37.281Z] Writing markdown file: md json sync improvements.md
[DEBUG][2025-03-12T11:59:37.283Z] ✅ Successfully transformed json\md-json-sync-improvements.json to md json sync improvements.md
[DEBUG][2025-03-12T11:59:42.235Z] 📝 Detected change in Markdown file: md json sync improvements.md
[DEBUG][2025-03-12T11:59:42.236Z] Processing change in Markdown file: md json sync improvements.md
[DEBUG][2025-03-12T11:59:42.237Z] Could not find containing directory for md json sync improvements.md, using default: .
[DEBUG][2025-03-12T11:59:42.238Z] Mapping MD to JSON: md json sync improvements.md -> json\md-json-sync-improvements.json
[DEBUG][2025-03-12T11:59:42.238Z] Relative path: md json sync improvements.md
[DEBUG][2025-03-12T11:59:42.239Z] Normalized path: md-json-sync-improvements.md
[DEBUG][2025-03-12T11:59:42.240Z] Reading markdown file: md json sync improvements.md
[DEBUG][2025-03-12T11:59:42.240Z] Transforming markdown to JSON
[DEBUG][2025-03-12T11:59:42.241Z] Converting markdown to JSON
[DEBUG][2025-03-12T11:59:42.242Z] Found YAML frontmatter
[DEBUG][2025-03-12T11:59:42.243Z] Added metadata: lastUpdated = 2025-03-12T11
[DEBUG][2025-03-12T11:59:42.243Z] Added metadata: version = 1.0
[DEBUG][2025-03-12T11:59:42.244Z] Conversion complete. Found 0 sections
[DEBUG][2025-03-12T11:59:42.245Z] Writing JSON file: json\md-json-sync-improvements.json
[DEBUG][2025-03-12T11:59:42.246Z] ✅ Successfully transformed md json sync improvements.md to json\md-json-sync-improvements.json
[DEBUG][2025-03-12T11:59:47.830Z] 📝 Detected change in JSON file: json\2way-sync-test.json
[DEBUG][2025-03-12T11:59:47.831Z] Processing change in JSON file: json\2way-sync-test.json
[DEBUG][2025-03-12T11:59:47.832Z] Mapping JSON to MD: json\2way-sync-test.json -> 2way sync test.md
[DEBUG][2025-03-12T11:59:47.833Z] Relative path: 2way-sync-test.json
[DEBUG][2025-03-12T11:59:47.834Z] Normalized path: 2way sync test.json
[DEBUG][2025-03-12T11:59:47.835Z] Reading JSON file: json\2way-sync-test.json
[DEBUG][2025-03-12T11:59:47.836Z] Parsing JSON
[DEBUG][2025-03-12T11:59:47.837Z] Transforming JSON to markdown
[DEBUG][2025-03-12T11:59:47.838Z] Converting JSON to markdown
[DEBUG][2025-03-12T11:59:47.839Z] Added YAML frontmatter with 4 properties
[DEBUG][2025-03-12T11:59:47.840Z] Added title: MD-JSON Sync System - Root Directory Test
[DEBUG][2025-03-12T11:59:47.841Z] Processing 6 sections
[DEBUG][2025-03-12T11:59:47.842Z] Processing section: Running the Tests
[DEBUG][2025-03-12T11:59:47.843Z] Processing 0 subsections for section Running the Tests
[DEBUG][2025-03-12T11:59:47.844Z] Processing section: Conclusion
[DEBUG][2025-03-12T11:59:47.844Z] Processing 0 subsections for section Conclusion
[DEBUG][2025-03-12T11:59:47.845Z] Processing section: Root Directory Test
[DEBUG][2025-03-12T11:59:47.846Z] Processing 0 subsections for section Root Directory Test
[DEBUG][2025-03-12T11:59:47.847Z] Processing section: Running the Tests
[DEBUG][2025-03-12T11:59:47.848Z] Processing 0 subsections for section Running the Tests
[DEBUG][2025-03-12T11:59:47.849Z] Processing section: Conclusion
[DEBUG][2025-03-12T11:59:47.850Z] Processing 0 subsections for section Conclusion
[DEBUG][2025-03-12T11:59:47.850Z] Processing section: Debug Test Results
[DEBUG][2025-03-12T11:59:47.851Z] Processing 0 subsections for section Debug Test Results
[DEBUG][2025-03-12T11:59:47.852Z] Markdown conversion complete
[DEBUG][2025-03-12T11:59:47.853Z] Writing markdown file: 2way sync test.md
[DEBUG][2025-03-12T11:59:47.855Z] ✅ Successfully transformed json\2way-sync-test.json to 2way sync test.md
[DEBUG][2025-03-12T12:00:27.481Z] 📝 Detected change in Markdown file: 2way sync test.md
[DEBUG][2025-03-12T12:00:27.483Z] Processing change in Markdown file: 2way sync test.md
[DEBUG][2025-03-12T12:00:27.484Z] Could not find containing directory for 2way sync test.md, using default: .
[DEBUG][2025-03-12T12:00:27.484Z] Mapping MD to JSON: 2way sync test.md -> json\2way-sync-test.json
[DEBUG][2025-03-12T12:00:27.485Z] Relative path: 2way sync test.md
[DEBUG][2025-03-12T12:00:27.486Z] Normalized path: 2way-sync-test.md
[DEBUG][2025-03-12T12:00:27.487Z] Reading markdown file: 2way sync test.md
[DEBUG][2025-03-12T12:00:27.488Z] Transforming markdown to JSON
[DEBUG][2025-03-12T12:00:27.489Z] Converting markdown to JSON
[DEBUG][2025-03-12T12:00:27.489Z] Found YAML frontmatter
[DEBUG][2025-03-12T12:00:27.490Z] Added metadata: lastUpdated = 2025-03-14T12
[DEBUG][2025-03-12T12:00:27.491Z] Added metadata: version = 1.0
[DEBUG][2025-03-12T12:00:27.492Z] Added metadata: title = 2way sync test is READY to test CHANGE
[DEBUG][2025-03-12T12:00:27.493Z] Added metadata: status = Synchronization Testing
[DEBUG][2025-03-12T12:00:27.494Z] Found title: MD-JSON Sync System - Root Directory Test
[DEBUG][2025-03-12T12:00:27.495Z] Found section: Running the Tests
[DEBUG][2025-03-12T12:00:27.496Z] Found section: Conclusion
[DEBUG][2025-03-12T12:00:27.496Z] Found section: Root Directory Test
[DEBUG][2025-03-12T12:00:27.497Z] Found section: Running the Tests
[DEBUG][2025-03-12T12:00:27.498Z] Found section: Conclusion
[DEBUG][2025-03-12T12:00:27.499Z] Found section: Debug Test Results
[DEBUG][2025-03-12T12:00:27.499Z] Conversion complete. Found 6 sections
[DEBUG][2025-03-12T12:00:27.500Z] Writing JSON file: json\2way-sync-test.json
[DEBUG][2025-03-12T12:00:27.502Z] ✅ Successfully transformed 2way sync test.md to json\2way-sync-test.json
[DEBUG][2025-03-12T12:00:27.533Z] 📝 Detected change in JSON file: json\md-json-sync-improvements.json
[DEBUG][2025-03-12T12:00:27.534Z] Processing change in JSON file: json\md-json-sync-improvements.json
[DEBUG][2025-03-12T12:00:27.535Z] Mapping JSON to MD: json\md-json-sync-improvements.json -> md json sync improvements.md
[DEBUG][2025-03-12T12:00:27.536Z] Relative path: md-json-sync-improvements.json
[DEBUG][2025-03-12T12:00:27.536Z] Normalized path: md json sync improvements.json
[DEBUG][2025-03-12T12:00:27.537Z] Reading JSON file: json\md-json-sync-improvements.json
[DEBUG][2025-03-12T12:00:27.538Z] Parsing JSON
[DEBUG][2025-03-12T12:00:27.539Z] Transforming JSON to markdown
[DEBUG][2025-03-12T12:00:27.540Z] Converting JSON to markdown
[DEBUG][2025-03-12T12:00:27.540Z] Added YAML frontmatter with 2 properties
[DEBUG][2025-03-12T12:00:27.541Z] Processing 0 sections
[DEBUG][2025-03-12T12:00:27.541Z] Markdown conversion complete
[DEBUG][2025-03-12T12:00:27.542Z] Writing markdown file: md json sync improvements.md
[DEBUG][2025-03-12T12:00:27.543Z] ✅ Successfully transformed json\md-json-sync-improvements.json to md json sync improvements.md
[DEBUG][2025-03-12T12:00:40.895Z] 📝 Detected change in Markdown file: 2way sync test.md
[DEBUG][2025-03-12T12:00:40.896Z] Processing change in Markdown file: 2way sync test.md
[DEBUG][2025-03-12T12:00:40.897Z] Could not find containing directory for 2way sync test.md, using default: .
[DEBUG][2025-03-12T12:00:40.898Z] Mapping MD to JSON: 2way sync test.md -> json\2way-sync-test.json
[DEBUG][2025-03-12T12:00:40.898Z] Relative path: 2way sync test.md
[DEBUG][2025-03-12T12:00:40.899Z] Normalized path: 2way-sync-test.md
[DEBUG][2025-03-12T12:00:40.900Z] Reading markdown file: 2way sync test.md
[DEBUG][2025-03-12T12:00:40.901Z] Transforming markdown to JSON
[DEBUG][2025-03-12T12:00:40.902Z] Converting markdown to JSON
[DEBUG][2025-03-12T12:00:40.902Z] Found YAML frontmatter
[DEBUG][2025-03-12T12:00:40.903Z] Added metadata: lastUpdated = 2025-03-14T12
[DEBUG][2025-03-12T12:00:40.904Z] Added metadata: version = 1.0
[DEBUG][2025-03-12T12:00:40.904Z] Added metadata: title = 2way sync test is READY to test CHANGE
[DEBUG][2025-03-12T12:00:40.905Z] Added metadata: status = Synchronization Testing
[DEBUG][2025-03-12T12:00:40.906Z] Found title: MD-JSON Sync System - Root Directory Test
[DEBUG][2025-03-12T12:00:40.906Z] Found section: Running the Tests
[DEBUG][2025-03-12T12:00:40.907Z] Found section: Conclusion
[DEBUG][2025-03-12T12:00:40.907Z] Found section: Root Directory Test
[DEBUG][2025-03-12T12:00:40.908Z] Found section: Running the Tests
[DEBUG][2025-03-12T12:00:40.909Z] Found section: Conclusion
[DEBUG][2025-03-12T12:00:40.909Z] Found section: Debug Test Results
[DEBUG][2025-03-12T12:00:40.910Z] Conversion complete. Found 6 sections
[DEBUG][2025-03-12T12:00:40.910Z] Writing JSON file: json\2way-sync-test.json
[DEBUG][2025-03-12T12:00:40.912Z] ✅ Successfully transformed 2way sync test.md to json\2way-sync-test.json
[DEBUG][2025-03-12T12:00:41.142Z] 📝 Detected change in Markdown file: md json sync improvements.md
[DEBUG][2025-03-12T12:00:41.143Z] Processing change in Markdown file: md json sync improvements.md
[DEBUG][2025-03-12T12:00:41.144Z] Could not find containing directory for md json sync improvements.md, using default: .
[DEBUG][2025-03-12T12:00:41.145Z] Mapping MD to JSON: md json sync improvements.md -> json\md-json-sync-improvements.json
[DEBUG][2025-03-12T12:00:41.145Z] Relative path: md json sync improvements.md
[DEBUG][2025-03-12T12:00:41.146Z] Normalized path: md-json-sync-improvements.md
[DEBUG][2025-03-12T12:00:41.147Z] Reading markdown file: md json sync improvements.md
[DEBUG][2025-03-12T12:00:41.148Z] Transforming markdown to JSON
[DEBUG][2025-03-12T12:00:41.148Z] Converting markdown to JSON
[DEBUG][2025-03-12T12:00:41.149Z] Found YAML frontmatter
[DEBUG][2025-03-12T12:00:41.150Z] Added metadata: lastUpdated = 2025-03-12T11
[DEBUG][2025-03-12T12:00:41.151Z] Added metadata: version = 1.0
[DEBUG][2025-03-12T12:00:41.151Z] Conversion complete. Found 0 sections
[DEBUG][2025-03-12T12:00:41.152Z] Writing JSON file: json\md-json-sync-improvements.json
[DEBUG][2025-03-12T12:00:41.154Z] ✅ Successfully transformed md json sync improvements.md to json\md-json-sync-improvements.json
[DEBUG][2025-03-12T12:00:47.606Z] 📝 Detected change in JSON file: json\2way-sync-test.json
[DEBUG][2025-03-12T12:00:47.608Z] Processing change in JSON file: json\2way-sync-test.json
[DEBUG][2025-03-12T12:00:47.609Z] Mapping JSON to MD: json\2way-sync-test.json -> 2way sync test.md
[DEBUG][2025-03-12T12:00:47.610Z] Relative path: 2way-sync-test.json
[DEBUG][2025-03-12T12:00:47.611Z] Normalized path: 2way sync test.json
[DEBUG][2025-03-12T12:00:47.612Z] Reading JSON file: json\2way-sync-test.json
[DEBUG][2025-03-12T12:00:47.613Z] Parsing JSON
[DEBUG][2025-03-12T12:00:47.614Z] Transforming JSON to markdown
[DEBUG][2025-03-12T12:00:47.615Z] Converting JSON to markdown
[DEBUG][2025-03-12T12:00:47.616Z] Added YAML frontmatter with 4 properties
[DEBUG][2025-03-12T12:00:47.617Z] Added title: MD-JSON Sync System - Root Directory Test
[DEBUG][2025-03-12T12:00:47.618Z] Processing 6 sections
[DEBUG][2025-03-12T12:00:47.619Z] Processing section: Running the Tests
[DEBUG][2025-03-12T12:00:47.620Z] Processing 0 subsections for section Running the Tests
[DEBUG][2025-03-12T12:00:47.621Z] Processing section: Conclusion
[DEBUG][2025-03-12T12:00:47.622Z] Processing 0 subsections for section Conclusion
[DEBUG][2025-03-12T12:00:47.623Z] Processing section: Root Directory Test
[DEBUG][2025-03-12T12:00:47.624Z] Processing 0 subsections for section Root Directory Test
[DEBUG][2025-03-12T12:00:47.625Z] Processing section: Running the Tests
[DEBUG][2025-03-12T12:00:47.626Z] Processing 0 subsections for section Running the Tests
[DEBUG][2025-03-12T12:00:47.627Z] Processing section: Conclusion
[DEBUG][2025-03-12T12:00:47.628Z] Processing 0 subsections for section Conclusion
[DEBUG][2025-03-12T12:00:47.630Z] Processing section: Debug Test Results
[DEBUG][2025-03-12T12:00:47.631Z] Processing 0 subsections for section Debug Test Results
[DEBUG][2025-03-12T12:00:47.632Z] Markdown conversion complete
[DEBUG][2025-03-12T12:00:47.633Z] Writing markdown file: 2way sync test.md
[DEBUG][2025-03-12T12:00:47.635Z] ✅ Successfully transformed json\2way-sync-test.json to 2way sync test.md
[DEBUG][2025-03-12T12:01:07.099Z] 📝 Detected change in Markdown file: 2way sync test.md
[DEBUG][2025-03-12T12:01:07.101Z] Processing change in Markdown file: 2way sync test.md
[DEBUG][2025-03-12T12:01:07.102Z] Could not find containing directory for 2way sync test.md, using default: .
[DEBUG][2025-03-12T12:01:07.103Z] Mapping MD to JSON: 2way sync test.md -> json\2way-sync-test.json
[DEBUG][2025-03-12T12:01:07.103Z] Relative path: 2way sync test.md
[DEBUG][2025-03-12T12:01:07.104Z] Normalized path: 2way-sync-test.md
[DEBUG][2025-03-12T12:01:07.105Z] Reading markdown file: 2way sync test.md
[DEBUG][2025-03-12T12:01:07.106Z] Transforming markdown to JSON
[DEBUG][2025-03-12T12:01:07.106Z] Converting markdown to JSON
[DEBUG][2025-03-12T12:01:07.107Z] Found YAML frontmatter
[DEBUG][2025-03-12T12:01:07.108Z] Added metadata: lastUpdated = 2025-03-14T12
[DEBUG][2025-03-12T12:01:07.108Z] Added metadata: version = 1.0
[DEBUG][2025-03-12T12:01:07.109Z] Added metadata: title = 2way sync test is READY to test CHANGE
[DEBUG][2025-03-12T12:01:07.110Z] Added metadata: status = Synchronization Testing
[DEBUG][2025-03-12T12:01:07.111Z] Found title: MD-JSON Sync System - Root Directory Test
[DEBUG][2025-03-12T12:01:07.112Z] Found section: Running the Tests
[DEBUG][2025-03-12T12:01:07.112Z] Found section: Conclusion
[DEBUG][2025-03-12T12:01:07.113Z] Found section: Root Directory Test
[DEBUG][2025-03-12T12:01:07.114Z] Found section: Running the Tests
[DEBUG][2025-03-12T12:01:07.114Z] Found section: Conclusion
[DEBUG][2025-03-12T12:01:07.115Z] Found section: Debug Test Results
[DEBUG][2025-03-12T12:01:07.115Z] Conversion complete. Found 6 sections
[DEBUG][2025-03-12T12:01:07.116Z] Writing JSON file: json\2way-sync-test.json
[DEBUG][2025-03-12T12:01:07.118Z] ✅ Successfully transformed 2way sync test.md to json\2way-sync-test.json
[DEBUG][2025-03-12T12:01:07.140Z] 📝 Detected change in JSON file: json\2way-sync-test.json
[DEBUG][2025-03-12T12:01:07.141Z] Processing change in JSON file: json\2way-sync-test.json
[DEBUG][2025-03-12T12:01:07.142Z] Mapping JSON to MD: json\2way-sync-test.json -> 2way sync test.md
[DEBUG][2025-03-12T12:01:07.143Z] Relative path: 2way-sync-test.json
[DEBUG][2025-03-12T12:01:07.143Z] Normalized path: 2way sync test.json
[DEBUG][2025-03-12T12:01:07.144Z] Reading JSON file: json\2way-sync-test.json
[DEBUG][2025-03-12T12:01:07.145Z] Parsing JSON
[DEBUG][2025-03-12T12:01:07.145Z] Transforming JSON to markdown
[DEBUG][2025-03-12T12:01:07.146Z] Converting JSON to markdown
[DEBUG][2025-03-12T12:01:07.147Z] Added YAML frontmatter with 4 properties
[DEBUG][2025-03-12T12:01:07.147Z] Added title: MD-JSON Sync System - Root Directory Test
[DEBUG][2025-03-12T12:01:07.148Z] Processing 6 sections
[DEBUG][2025-03-12T12:01:07.149Z] Processing section: Running the Tests
[DEBUG][2025-03-12T12:01:07.149Z] Processing 0 subsections for section Running the Tests
[DEBUG][2025-03-12T12:01:07.150Z] Processing section: Conclusion
[DEBUG][2025-03-12T12:01:07.151Z] Processing 0 subsections for section Conclusion
[DEBUG][2025-03-12T12:01:07.152Z] Processing section: Root Directory Test
[DEBUG][2025-03-12T12:01:07.152Z] Processing 0 subsections for section Root Directory Test
[DEBUG][2025-03-12T12:01:07.153Z] Processing section: Running the Tests
[DEBUG][2025-03-12T12:01:07.154Z] Processing 0 subsections for section Running the Tests
[DEBUG][2025-03-12T12:01:07.155Z] Processing section: Conclusion
[DEBUG][2025-03-12T12:01:07.155Z] Processing 0 subsections for section Conclusion
[DEBUG][2025-03-12T12:01:07.156Z] Processing section: Debug Test Results
[DEBUG][2025-03-12T12:01:07.157Z] Processing 0 subsections for section Debug Test Results
[DEBUG][2025-03-12T12:01:07.158Z] Markdown conversion complete
[DEBUG][2025-03-12T12:01:07.158Z] Writing markdown file: 2way sync test.md
[DEBUG][2025-03-12T12:01:07.159Z] ✅ Successfully transformed json\2way-sync-test.json to 2way sync test.md
[DEBUG][2025-03-12T12:01:10.959Z] 📝 Detected change in JSON file: json\md-json-sync-improvements.json
[DEBUG][2025-03-12T12:01:10.961Z] Processing change in JSON file: json\md-json-sync-improvements.json
[DEBUG][2025-03-12T12:01:10.962Z] Mapping JSON to MD: json\md-json-sync-improvements.json -> md json sync improvements.md
[DEBUG][2025-03-12T12:01:10.962Z] Relative path: md-json-sync-improvements.json
[DEBUG][2025-03-12T12:01:10.963Z] Normalized path: md json sync improvements.json
[DEBUG][2025-03-12T12:01:10.964Z] Reading JSON file: json\md-json-sync-improvements.json
[DEBUG][2025-03-12T12:01:10.965Z] Parsing JSON
[DEBUG][2025-03-12T12:01:10.965Z] Transforming JSON to markdown
[DEBUG][2025-03-12T12:01:10.966Z] Converting JSON to markdown
[DEBUG][2025-03-12T12:01:10.967Z] Added YAML frontmatter with 2 properties
[DEBUG][2025-03-12T12:01:10.968Z] Processing 0 sections
[DEBUG][2025-03-12T12:01:10.968Z] Markdown conversion complete
[DEBUG][2025-03-12T12:01:10.969Z] Writing markdown file: md json sync improvements.md
[DEBUG][2025-03-12T12:01:10.970Z] ✅ Successfully transformed json\md-json-sync-improvements.json to md json sync improvements.md
[DEBUG][2025-03-12T12:01:15.709Z] 📝 Detected change in Markdown file: 2way sync test.md
[DEBUG][2025-03-12T12:01:15.711Z] Processing change in Markdown file: 2way sync test.md
[DEBUG][2025-03-12T12:01:15.712Z] Could not find containing directory for 2way sync test.md, using default: .
[DEBUG][2025-03-12T12:01:15.713Z] Mapping MD to JSON: 2way sync test.md -> json\2way-sync-test.json
[DEBUG][2025-03-12T12:01:15.713Z] Relative path: 2way sync test.md
[DEBUG][2025-03-12T12:01:15.714Z] Normalized path: 2way-sync-test.md
[DEBUG][2025-03-12T12:01:15.715Z] Reading markdown file: 2way sync test.md
[DEBUG][2025-03-12T12:01:15.716Z] Transforming markdown to JSON
[DEBUG][2025-03-12T12:01:15.717Z] Converting markdown to JSON
[DEBUG][2025-03-12T12:01:15.717Z] Found YAML frontmatter
[DEBUG][2025-03-12T12:01:15.718Z] Added metadata: lastUpdated = 2025-03-14T12
[DEBUG][2025-03-12T12:01:15.719Z] Added metadata: version = 1.0
[DEBUG][2025-03-12T12:01:15.720Z] Added metadata: title = 2way sync test is READY to test CHANGE
[DEBUG][2025-03-12T12:01:15.721Z] Added metadata: status = Synchronization Testing
[DEBUG][2025-03-12T12:01:15.721Z] Found title: MD-JSON Sync System - Root Directory Test
[DEBUG][2025-03-12T12:01:15.722Z] Found section: Running the Tests
[DEBUG][2025-03-12T12:01:15.723Z] Found section: Conclusion
[DEBUG][2025-03-12T12:01:15.723Z] Found section: Root Directory Test
[DEBUG][2025-03-12T12:01:15.724Z] Found section: Running the Tests
[DEBUG][2025-03-12T12:01:15.725Z] Found section: Conclusion
[DEBUG][2025-03-12T12:01:15.726Z] Found section: Debug Test Results
[DEBUG][2025-03-12T12:01:15.726Z] Conversion complete. Found 6 sections
[DEBUG][2025-03-12T12:01:15.727Z] Writing JSON file: json\2way-sync-test.json
[DEBUG][2025-03-12T12:01:15.728Z] ✅ Successfully transformed 2way sync test.md to json\2way-sync-test.json
[DEBUG][2025-03-12T12:01:15.820Z] 📝 Detected change in Markdown file: md json sync improvements.md
[DEBUG][2025-03-12T12:01:15.821Z] Processing change in Markdown file: md json sync improvements.md
[DEBUG][2025-03-12T12:01:15.823Z] Could not find containing directory for md json sync improvements.md, using default: .
[DEBUG][2025-03-12T12:01:15.824Z] Mapping MD to JSON: md json sync improvements.md -> json\md-json-sync-improvements.json
[DEBUG][2025-03-12T12:01:15.825Z] Relative path: md json sync improvements.md
[DEBUG][2025-03-12T12:01:15.825Z] Normalized path: md-json-sync-improvements.md
[DEBUG][2025-03-12T12:01:15.826Z] Reading markdown file: md json sync improvements.md
[DEBUG][2025-03-12T12:01:15.827Z] Transforming markdown to JSON
[DEBUG][2025-03-12T12:01:15.828Z] Converting markdown to JSON
[DEBUG][2025-03-12T12:01:15.829Z] Found YAML frontmatter
[DEBUG][2025-03-12T12:01:15.830Z] Added metadata: lastUpdated = 2025-03-12T11
[DEBUG][2025-03-12T12:01:15.830Z] Added metadata: version = 1.0
[DEBUG][2025-03-12T12:01:15.831Z] Conversion complete. Found 0 sections
[DEBUG][2025-03-12T12:01:15.832Z] Writing JSON file: json\md-json-sync-improvements.json
[DEBUG][2025-03-12T12:01:15.834Z] ✅ Successfully transformed md json sync improvements.md to json\md-json-sync-improvements.json
[DEBUG][2025-03-12T12:01:22.514Z] 📝 Detected change in JSON file: json\2way-sync-test.json
[DEBUG][2025-03-12T12:01:22.515Z] Processing change in JSON file: json\2way-sync-test.json
[DEBUG][2025-03-12T12:01:22.516Z] Mapping JSON to MD: json\2way-sync-test.json -> 2way sync test.md
[DEBUG][2025-03-12T12:01:22.517Z] Relative path: 2way-sync-test.json
[DEBUG][2025-03-12T12:01:22.518Z] Normalized path: 2way sync test.json
[DEBUG][2025-03-12T12:01:22.519Z] Reading JSON file: json\2way-sync-test.json
[DEBUG][2025-03-12T12:01:22.520Z] Parsing JSON
[DEBUG][2025-03-12T12:01:22.521Z] Transforming JSON to markdown
[DEBUG][2025-03-12T12:01:22.522Z] Converting JSON to markdown
[DEBUG][2025-03-12T12:01:22.523Z] Added YAML frontmatter with 4 properties
[DEBUG][2025-03-12T12:01:22.524Z] Added title: MD-JSON Sync System - Root Directory Test
[DEBUG][2025-03-12T12:01:22.525Z] Processing 6 sections
[DEBUG][2025-03-12T12:01:22.526Z] Processing section: Running the Tests
[DEBUG][2025-03-12T12:01:22.526Z] Processing 0 subsections for section Running the Tests
[DEBUG][2025-03-12T12:01:22.527Z] Processing section: Conclusion
[DEBUG][2025-03-12T12:01:22.528Z] Processing 0 subsections for section Conclusion
[DEBUG][2025-03-12T12:01:22.529Z] Processing section: Root Directory Test
[DEBUG][2025-03-12T12:01:22.530Z] Processing 0 subsections for section Root Directory Test
[DEBUG][2025-03-12T12:01:22.531Z] Processing section: Running the Tests
[DEBUG][2025-03-12T12:01:22.532Z] Processing 0 subsections for section Running the Tests
[DEBUG][2025-03-12T12:01:22.533Z] Processing section: Conclusion
[DEBUG][2025-03-12T12:01:22.533Z] Processing 0 subsections for section Conclusion
[DEBUG][2025-03-12T12:01:22.534Z] Processing section: Debug Test Results
[DEBUG][2025-03-12T12:01:22.535Z] Processing 0 subsections for section Debug Test Results
[DEBUG][2025-03-12T12:01:22.536Z] Markdown conversion complete
[DEBUG][2025-03-12T12:01:22.537Z] Writing markdown file: 2way sync test.md
[DEBUG][2025-03-12T12:01:22.539Z] ✅ Successfully transformed json\2way-sync-test.json to 2way sync test.md
[DEBUG][2025-03-12T12:01:41.536Z] 📝 Detected change in Markdown file: 2way sync test.md
[DEBUG][2025-03-12T12:01:41.538Z] Processing change in Markdown file: 2way sync test.md
[DEBUG][2025-03-12T12:01:41.539Z] Could not find containing directory for 2way sync test.md, using default: .
[DEBUG][2025-03-12T12:01:41.540Z] Mapping MD to JSON: 2way sync test.md -> json\2way-sync-test.json
[DEBUG][2025-03-12T12:01:41.541Z] Relative path: 2way sync test.md
[DEBUG][2025-03-12T12:01:41.541Z] Normalized path: 2way-sync-test.md
[DEBUG][2025-03-12T12:01:41.542Z] Reading markdown file: 2way sync test.md
[DEBUG][2025-03-12T12:01:41.543Z] Transforming markdown to JSON
[DEBUG][2025-03-12T12:01:41.544Z] Converting markdown to JSON
[DEBUG][2025-03-12T12:01:41.545Z] Found YAML frontmatter
[DEBUG][2025-03-12T12:01:41.546Z] Added metadata: lastUpdated = 2025-03-14T12
[DEBUG][2025-03-12T12:01:41.547Z] Added metadata: version = 1.0
[DEBUG][2025-03-12T12:01:41.547Z] Added metadata: title = 2way sync test is READY to test CHANGE
[DEBUG][2025-03-12T12:01:41.548Z] Added metadata: status = Synchronization Testing
[DEBUG][2025-03-12T12:01:41.549Z] Found title: MD-JSON Sync System - Root Directory Test
[DEBUG][2025-03-12T12:01:41.550Z] Found section: Running the Tests
[DEBUG][2025-03-12T12:01:41.551Z] Found section: Conclusion
[DEBUG][2025-03-12T12:01:41.551Z] Found section: Root Directory Test
[DEBUG][2025-03-12T12:01:41.552Z] Found section: Running the Tests
[DEBUG][2025-03-12T12:01:41.553Z] Found section: Conclusion
[DEBUG][2025-03-12T12:01:41.553Z] Found section: Debug Test Results
[DEBUG][2025-03-12T12:01:41.554Z] Conversion complete. Found 6 sections
[DEBUG][2025-03-12T12:01:41.555Z] Writing JSON file: json\2way-sync-test.json
[DEBUG][2025-03-12T12:01:41.556Z] ✅ Successfully transformed 2way sync test.md to json\2way-sync-test.json
[DEBUG][2025-03-12T12:01:41.583Z] 📝 Detected change in JSON file: json\2way-sync-test.json
[DEBUG][2025-03-12T12:01:41.584Z] Processing change in JSON file: json\2way-sync-test.json
[DEBUG][2025-03-12T12:01:41.585Z] Mapping JSON to MD: json\2way-sync-test.json -> 2way sync test.md
[DEBUG][2025-03-12T12:01:41.586Z] Relative path: 2way-sync-test.json
[DEBUG][2025-03-12T12:01:41.587Z] Normalized path: 2way sync test.json
[DEBUG][2025-03-12T12:01:41.587Z] Reading JSON file: json\2way-sync-test.json
[DEBUG][2025-03-12T12:01:41.588Z] Parsing JSON
[DEBUG][2025-03-12T12:01:41.589Z] Transforming JSON to markdown
[DEBUG][2025-03-12T12:01:41.590Z] Converting JSON to markdown
[DEBUG][2025-03-12T12:01:41.590Z] Added YAML frontmatter with 4 properties
[DEBUG][2025-03-12T12:01:41.591Z] Added title: MD-JSON Sync System - Root Directory Test
[DEBUG][2025-03-12T12:01:41.592Z] Processing 6 sections
[DEBUG][2025-03-12T12:01:41.592Z] Processing section: Running the Tests
[DEBUG][2025-03-12T12:01:41.593Z] Processing 0 subsections for section Running the Tests
[DEBUG][2025-03-12T12:01:41.594Z] Processing section: Conclusion
[DEBUG][2025-03-12T12:01:41.594Z] Processing 0 subsections for section Conclusion
[DEBUG][2025-03-12T12:01:41.595Z] Processing section: Root Directory Test
[DEBUG][2025-03-12T12:01:41.596Z] Processing 0 subsections for section Root Directory Test
[DEBUG][2025-03-12T12:01:41.596Z] Processing section: Running the Tests
[DEBUG][2025-03-12T12:01:41.597Z] Processing 0 subsections for section Running the Tests
[DEBUG][2025-03-12T12:01:41.597Z] Processing section: Conclusion
[DEBUG][2025-03-12T12:01:41.598Z] Processing 0 subsections for section Conclusion
[DEBUG][2025-03-12T12:01:41.599Z] Processing section: Debug Test Results
[DEBUG][2025-03-12T12:01:41.599Z] Processing 0 subsections for section Debug Test Results
[DEBUG][2025-03-12T12:01:41.600Z] Markdown conversion complete
[DEBUG][2025-03-12T12:01:41.601Z] Writing markdown file: 2way sync test.md
[DEBUG][2025-03-12T12:01:41.602Z] ✅ Successfully transformed json\2way-sync-test.json to 2way sync test.md
[DEBUG][2025-03-12T12:01:46.624Z] 📝 Detected change in JSON file: json\md-json-sync-improvements.json
[DEBUG][2025-03-12T12:01:46.625Z] Processing change in JSON file: json\md-json-sync-improvements.json
[DEBUG][2025-03-12T12:01:46.626Z] Mapping JSON to MD: json\md-json-sync-improvements.json -> md json sync improvements.md
[DEBUG][2025-03-12T12:01:46.627Z] Relative path: md-json-sync-improvements.json
[DEBUG][2025-03-12T12:01:46.628Z] Normalized path: md json sync improvements.json
[DEBUG][2025-03-12T12:01:46.629Z] Reading JSON file: json\md-json-sync-improvements.json
[DEBUG][2025-03-12T12:01:46.630Z] Parsing JSON
[DEBUG][2025-03-12T12:01:46.631Z] Transforming JSON to markdown
[DEBUG][2025-03-12T12:01:46.632Z] Converting JSON to markdown
[DEBUG][2025-03-12T12:01:46.633Z] Added YAML frontmatter with 2 properties
[DEBUG][2025-03-12T12:01:46.634Z] Processing 0 sections
[DEBUG][2025-03-12T12:01:46.635Z] Markdown conversion complete
[DEBUG][2025-03-12T12:01:46.636Z] Writing markdown file: md json sync improvements.md
[DEBUG][2025-03-12T12:01:46.638Z] ✅ Successfully transformed json\md-json-sync-improvements.json to md json sync improvements.md
[DEBUG][2025-03-12T12:01:52.972Z] 📝 Detected change in Markdown file: 2way sync test.md
[DEBUG][2025-03-12T12:01:52.975Z] Processing change in Markdown file: 2way sync test.md
[DEBUG][2025-03-12T12:01:52.976Z] Could not find containing directory for 2way sync test.md, using default: .
[DEBUG][2025-03-12T12:01:52.977Z] Mapping MD to JSON: 2way sync test.md -> json\2way-sync-test.json
[DEBUG][2025-03-12T12:01:52.978Z] Relative path: 2way sync test.md
[DEBUG][2025-03-12T12:01:52.979Z] Normalized path: 2way-sync-test.md
[DEBUG][2025-03-12T12:01:52.980Z] Reading markdown file: 2way sync test.md
[DEBUG][2025-03-12T12:01:52.982Z] Transforming markdown to JSON
[DEBUG][2025-03-12T12:01:52.982Z] Converting markdown to JSON
[DEBUG][2025-03-12T12:01:52.983Z] Found YAML frontmatter
[DEBUG][2025-03-12T12:01:52.984Z] Added metadata: lastUpdated = 2025-03-14T12
[DEBUG][2025-03-12T12:01:52.985Z] Added metadata: version = 1.0
[DEBUG][2025-03-12T12:01:52.986Z] Added metadata: title = 2way sync test is READY to test CHANGE
[DEBUG][2025-03-12T12:01:52.987Z] Added metadata: status = Synchronization Testing
[DEBUG][2025-03-12T12:01:52.988Z] Found title: MD-JSON Sync System - Root Directory Test
[DEBUG][2025-03-12T12:01:52.989Z] Found section: Running the Tests
[DEBUG][2025-03-12T12:01:52.990Z] Found section: Conclusion
[DEBUG][2025-03-12T12:01:52.991Z] Found section: Root Directory Test
[DEBUG][2025-03-12T12:01:52.992Z] Found section: Running the Tests
[DEBUG][2025-03-12T12:01:52.993Z] Found section: Conclusion
[DEBUG][2025-03-12T12:01:52.994Z] Found section: Debug Test Results
[DEBUG][2025-03-12T12:01:52.995Z] Conversion complete. Found 6 sections
[DEBUG][2025-03-12T12:01:52.996Z] Writing JSON file: json\2way-sync-test.json
[DEBUG][2025-03-12T12:01:52.998Z] ✅ Successfully transformed 2way sync test.md to json\2way-sync-test.json
[DEBUG][2025-03-12T12:01:53.117Z] 📝 Detected change in Markdown file: md json sync improvements.md
[DEBUG][2025-03-12T12:01:53.119Z] Processing change in Markdown file: md json sync improvements.md
[DEBUG][2025-03-12T12:01:53.120Z] Could not find containing directory for md json sync improvements.md, using default: .
[DEBUG][2025-03-12T12:01:53.121Z] Mapping MD to JSON: md json sync improvements.md -> json\md-json-sync-improvements.json
[DEBUG][2025-03-12T12:01:53.122Z] Relative path: md json sync improvements.md
[DEBUG][2025-03-12T12:01:53.123Z] Normalized path: md-json-sync-improvements.md
[DEBUG][2025-03-12T12:01:53.125Z] Reading markdown file: md json sync improvements.md
[DEBUG][2025-03-12T12:01:53.126Z] Transforming markdown to JSON
[DEBUG][2025-03-12T12:01:53.127Z] Converting markdown to JSON
[DEBUG][2025-03-12T12:01:53.128Z] Found YAML frontmatter
[DEBUG][2025-03-12T12:01:53.129Z] Added metadata: lastUpdated = 2025-03-12T11
[DEBUG][2025-03-12T12:01:53.130Z] Added metadata: version = 1.0
[DEBUG][2025-03-12T12:01:53.131Z] Conversion complete. Found 0 sections
[DEBUG][2025-03-12T12:01:53.132Z] Writing JSON file: json\md-json-sync-improvements.json
[DEBUG][2025-03-12T12:01:53.134Z] ✅ Successfully transformed md json sync improvements.md to json\md-json-sync-improvements.json
[DEBUG][2025-03-12T12:02:01.494Z] 📝 Detected change in JSON file: json\2way-sync-test.json
[DEBUG][2025-03-12T12:02:01.495Z] Processing change in JSON file: json\2way-sync-test.json
[DEBUG][2025-03-12T12:02:01.497Z] Mapping JSON to MD: json\2way-sync-test.json -> 2way sync test.md
[DEBUG][2025-03-12T12:02:01.498Z] Relative path: 2way-sync-test.json
[DEBUG][2025-03-12T12:02:01.498Z] Normalized path: 2way sync test.json
[DEBUG][2025-03-12T12:02:01.499Z] Reading JSON file: json\2way-sync-test.json
[DEBUG][2025-03-12T12:02:01.500Z] Parsing JSON
[DEBUG][2025-03-12T12:02:01.501Z] Transforming JSON to markdown
[DEBUG][2025-03-12T12:02:01.502Z] Converting JSON to markdown
[DEBUG][2025-03-12T12:02:01.502Z] Added YAML frontmatter with 4 properties
[DEBUG][2025-03-12T12:02:01.503Z] Added title: MD-JSON Sync System - Root Directory Test
[DEBUG][2025-03-12T12:02:01.504Z] Processing 6 sections
[DEBUG][2025-03-12T12:02:01.505Z] Processing section: Running the Tests
[DEBUG][2025-03-12T12:02:01.506Z] Processing 0 subsections for section Running the Tests
[DEBUG][2025-03-12T12:02:01.507Z] Processing section: Conclusion
[DEBUG][2025-03-12T12:02:01.508Z] Processing 0 subsections for section Conclusion
[DEBUG][2025-03-12T12:02:01.509Z] Processing section: Root Directory Test
[DEBUG][2025-03-12T12:02:01.509Z] Processing 0 subsections for section Root Directory Test
[DEBUG][2025-03-12T12:02:01.510Z] Processing section: Running the Tests
[DEBUG][2025-03-12T12:02:01.511Z] Processing 0 subsections for section Running the Tests
[DEBUG][2025-03-12T12:02:01.511Z] Processing section: Conclusion
[DEBUG][2025-03-12T12:02:01.512Z] Processing 0 subsections for section Conclusion
[DEBUG][2025-03-12T12:02:01.513Z] Processing section: Debug Test Results
[DEBUG][2025-03-12T12:02:01.514Z] Processing 0 subsections for section Debug Test Results
[DEBUG][2025-03-12T12:02:01.514Z] Markdown conversion complete
[DEBUG][2025-03-12T12:02:01.515Z] Writing markdown file: 2way sync test.md
[DEBUG][2025-03-12T12:02:01.516Z] ✅ Successfully transformed json\2way-sync-test.json to 2way sync test.md
[DEBUG][2025-03-12T12:02:20.338Z] 📝 Detected change in Markdown file: 2way sync test.md
[DEBUG][2025-03-12T12:02:20.340Z] Processing change in Markdown file: 2way sync test.md
[DEBUG][2025-03-12T12:02:20.341Z] Could not find containing directory for 2way sync test.md, using default: .
[DEBUG][2025-03-12T12:02:20.342Z] Mapping MD to JSON: 2way sync test.md -> json\2way-sync-test.json
[DEBUG][2025-03-12T12:02:20.343Z] Relative path: 2way sync test.md
[DEBUG][2025-03-12T12:02:20.343Z] Normalized path: 2way-sync-test.md
[DEBUG][2025-03-12T12:02:20.344Z] Reading markdown file: 2way sync test.md
[DEBUG][2025-03-12T12:02:20.345Z] Transforming markdown to JSON
[DEBUG][2025-03-12T12:02:20.346Z] Converting markdown to JSON
[DEBUG][2025-03-12T12:02:20.347Z] Found YAML frontmatter
[DEBUG][2025-03-12T12:02:20.348Z] Added metadata: lastUpdated = 2025-03-14T12
[DEBUG][2025-03-12T12:02:20.349Z] Added metadata: version = 1.0
[DEBUG][2025-03-12T12:02:20.350Z] Added metadata: title = 2way sync test is READY to test CHANGE
[DEBUG][2025-03-12T12:02:20.351Z] Added metadata: status = Synchronization Testing
[DEBUG][2025-03-12T12:02:20.352Z] Found title: MD-JSON Sync System - Root Directory Test
[DEBUG][2025-03-12T12:02:20.353Z] Found section: Running the Tests
[DEBUG][2025-03-12T12:02:20.353Z] Found section: Conclusion
[DEBUG][2025-03-12T12:02:20.354Z] Found section: Root Directory Test
[DEBUG][2025-03-12T12:02:20.355Z] Found section: Running the Tests
[DEBUG][2025-03-12T12:02:20.356Z] Found section: Conclusion
[DEBUG][2025-03-12T12:02:20.357Z] Found section: Debug Test Results
[DEBUG][2025-03-12T12:02:20.357Z] Conversion complete. Found 6 sections
[DEBUG][2025-03-12T12:02:20.358Z] Writing JSON file: json\2way-sync-test.json
[DEBUG][2025-03-12T12:02:20.361Z] ✅ Successfully transformed 2way sync test.md to json\2way-sync-test.json
[DEBUG][2025-03-12T12:02:26.042Z] 📝 Detected change in JSON file: json\2way-sync-test.json
[DEBUG][2025-03-12T12:02:26.044Z] Processing change in JSON file: json\2way-sync-test.json
[DEBUG][2025-03-12T12:02:26.045Z] Mapping JSON to MD: json\2way-sync-test.json -> 2way sync test.md
[DEBUG][2025-03-12T12:02:26.046Z] Relative path: 2way-sync-test.json
[DEBUG][2025-03-12T12:02:26.047Z] Normalized path: 2way sync test.json
[DEBUG][2025-03-12T12:02:26.047Z] Reading JSON file: json\2way-sync-test.json
[DEBUG][2025-03-12T12:02:26.049Z] Parsing JSON
[DEBUG][2025-03-12T12:02:26.050Z] Transforming JSON to markdown
[DEBUG][2025-03-12T12:02:26.050Z] Converting JSON to markdown
[DEBUG][2025-03-12T12:02:26.051Z] Added YAML frontmatter with 4 properties
[DEBUG][2025-03-12T12:02:26.052Z] Added title: MD-JSON Sync System - Root Directory Test
[DEBUG][2025-03-12T12:02:26.053Z] Processing 6 sections
[DEBUG][2025-03-12T12:02:26.053Z] Processing section: Running the Tests
[DEBUG][2025-03-12T12:02:26.054Z] Processing 0 subsections for section Running the Tests
[DEBUG][2025-03-12T12:02:26.055Z] Processing section: Conclusion
[DEBUG][2025-03-12T12:02:26.056Z] Processing 0 subsections for section Conclusion
[DEBUG][2025-03-12T12:02:26.056Z] Processing section: Root Directory Test
[DEBUG][2025-03-12T12:02:26.057Z] Processing 0 subsections for section Root Directory Test
[DEBUG][2025-03-12T12:02:26.058Z] Processing section: Running the Tests
[DEBUG][2025-03-12T12:02:26.059Z] Processing 0 subsections for section Running the Tests
[DEBUG][2025-03-12T12:02:26.059Z] Processing section: Conclusion
[DEBUG][2025-03-12T12:02:26.060Z] Processing 0 subsections for section Conclusion
[DEBUG][2025-03-12T12:02:26.061Z] Processing section: Debug Test Results
[DEBUG][2025-03-12T12:02:26.062Z] Processing 0 subsections for section Debug Test Results
[DEBUG][2025-03-12T12:02:26.063Z] Markdown conversion complete
[DEBUG][2025-03-12T12:02:26.063Z] Writing markdown file: 2way sync test.md
[DEBUG][2025-03-12T12:02:26.065Z] ✅ Successfully transformed json\2way-sync-test.json to 2way sync test.md
[DEBUG][2025-03-12T12:02:32.027Z] 📝 Detected change in JSON file: json\md-json-sync-improvements.json
[DEBUG][2025-03-12T12:02:32.029Z] Processing change in JSON file: json\md-json-sync-improvements.json
[DEBUG][2025-03-12T12:02:32.031Z] Mapping JSON to MD: json\md-json-sync-improvements.json -> md json sync improvements.md
[DEBUG][2025-03-12T12:02:32.033Z] Relative path: md-json-sync-improvements.json
[DEBUG][2025-03-12T12:02:32.035Z] Normalized path: md json sync improvements.json
[DEBUG][2025-03-12T12:02:32.037Z] Reading JSON file: json\md-json-sync-improvements.json
[DEBUG][2025-03-12T12:02:32.039Z] Parsing JSON
[DEBUG][2025-03-12T12:02:32.040Z] Transforming JSON to markdown
[DEBUG][2025-03-12T12:02:32.042Z] Converting JSON to markdown
[DEBUG][2025-03-12T12:02:32.043Z] Added YAML frontmatter with 2 properties
[DEBUG][2025-03-12T12:02:32.045Z] Processing 0 sections
[DEBUG][2025-03-12T12:02:32.047Z] Markdown conversion complete
[DEBUG][2025-03-12T12:02:32.048Z] Writing markdown file: md json sync improvements.md
[DEBUG][2025-03-12T12:02:32.051Z] ✅ Successfully transformed json\md-json-sync-improvements.json to md json sync improvements.md
[DEBUG][2025-03-12T12:02:37.801Z] 📝 Detected change in Markdown file: 2way sync test.md
[DEBUG][2025-03-12T12:02:37.803Z] Processing change in Markdown file: 2way sync test.md
[DEBUG][2025-03-12T12:02:37.804Z] Could not find containing directory for 2way sync test.md, using default: .
[DEBUG][2025-03-12T12:02:37.805Z] Mapping MD to JSON: 2way sync test.md -> json\2way-sync-test.json
[DEBUG][2025-03-12T12:02:37.806Z] Relative path: 2way sync test.md
[DEBUG][2025-03-12T12:02:37.807Z] Normalized path: 2way-sync-test.md
[DEBUG][2025-03-12T12:02:37.808Z] Reading markdown file: 2way sync test.md
[DEBUG][2025-03-12T12:02:37.809Z] Transforming markdown to JSON
[DEBUG][2025-03-12T12:02:37.809Z] Converting markdown to JSON
[DEBUG][2025-03-12T12:02:37.810Z] Found YAML frontmatter
[DEBUG][2025-03-12T12:02:37.811Z] Added metadata: lastUpdated = 2025-03-14T12
[DEBUG][2025-03-12T12:02:37.812Z] Added metadata: version = 1.0
[DEBUG][2025-03-12T12:02:37.813Z] Added metadata: title = 2way sync test is READY to test CHANGE
[DEBUG][2025-03-12T12:02:37.814Z] Added metadata: status = Synchronization Testing
[DEBUG][2025-03-12T12:02:37.815Z] Found title: MD-JSON Sync System - Root Directory Test
[DEBUG][2025-03-12T12:02:37.816Z] Found section: Running the Tests
[DEBUG][2025-03-12T12:02:37.817Z] Found section: Conclusion
[DEBUG][2025-03-12T12:02:37.818Z] Found section: Root Directory Test
[DEBUG][2025-03-12T12:02:37.819Z] Found section: Running the Tests
[DEBUG][2025-03-12T12:02:37.819Z] Found section: Conclusion
[DEBUG][2025-03-12T12:02:37.820Z] Found section: Debug Test Results
[DEBUG][2025-03-12T12:02:37.821Z] Conversion complete. Found 6 sections
[DEBUG][2025-03-12T12:02:37.822Z] Writing JSON file: json\2way-sync-test.json
[DEBUG][2025-03-12T12:02:37.824Z] ✅ Successfully transformed 2way sync test.md to json\2way-sync-test.json
[DEBUG][2025-03-12T12:02:37.915Z] 📝 Detected change in Markdown file: md json sync improvements.md
[DEBUG][2025-03-12T12:02:37.917Z] Processing change in Markdown file: md json sync improvements.md
[DEBUG][2025-03-12T12:02:37.918Z] Could not find containing directory for md json sync improvements.md, using default: .
[DEBUG][2025-03-12T12:02:37.919Z] Mapping MD to JSON: md json sync improvements.md -> json\md-json-sync-improvements.json
[DEBUG][2025-03-12T12:02:37.920Z] Relative path: md json sync improvements.md
[DEBUG][2025-03-12T12:02:37.921Z] Normalized path: md-json-sync-improvements.md
[DEBUG][2025-03-12T12:02:37.922Z] Reading markdown file: md json sync improvements.md
[DEBUG][2025-03-12T12:02:37.923Z] Transforming markdown to JSON
[DEBUG][2025-03-12T12:02:37.924Z] Converting markdown to JSON
[DEBUG][2025-03-12T12:02:37.925Z] Found YAML frontmatter
[DEBUG][2025-03-12T12:02:37.926Z] Added metadata: lastUpdated = 2025-03-12T11
[DEBUG][2025-03-12T12:02:37.927Z] Added metadata: version = 1.0
[DEBUG][2025-03-12T12:02:37.927Z] Conversion complete. Found 0 sections
[DEBUG][2025-03-12T12:02:37.928Z] Writing JSON file: json\md-json-sync-improvements.json
[DEBUG][2025-03-12T12:02:37.930Z] ✅ Successfully transformed md json sync improvements.md to json\md-json-sync-improvements.json
[DEBUG][2025-03-12T12:02:47.398Z] 📝 Detected change in JSON file: json\2way-sync-test.json
[DEBUG][2025-03-12T12:02:47.400Z] Processing change in JSON file: json\2way-sync-test.json
[DEBUG][2025-03-12T12:02:47.401Z] Mapping JSON to MD: json\2way-sync-test.json -> 2way sync test.md
[DEBUG][2025-03-12T12:02:47.402Z] Relative path: 2way-sync-test.json
[DEBUG][2025-03-12T12:02:47.403Z] Normalized path: 2way sync test.json
[DEBUG][2025-03-12T12:02:47.404Z] Reading JSON file: json\2way-sync-test.json
[DEBUG][2025-03-12T12:02:47.405Z] Parsing JSON
[DEBUG][2025-03-12T12:02:47.406Z] Transforming JSON to markdown
[DEBUG][2025-03-12T12:02:47.407Z] Converting JSON to markdown
[DEBUG][2025-03-12T12:02:47.407Z] Added YAML frontmatter with 4 properties
[DEBUG][2025-03-12T12:02:47.408Z] Added title: MD-JSON Sync System - Root Directory Test
[DEBUG][2025-03-12T12:02:47.409Z] Processing 6 sections
[DEBUG][2025-03-12T12:02:47.410Z] Processing section: Running the Tests
[DEBUG][2025-03-12T12:02:47.411Z] Processing 0 subsections for section Running the Tests
[DEBUG][2025-03-12T12:02:47.412Z] Processing section: Conclusion
[DEBUG][2025-03-12T12:02:47.413Z] Processing 0 subsections for section Conclusion
[DEBUG][2025-03-12T12:02:47.413Z] Processing section: Root Directory Test
[DEBUG][2025-03-12T12:02:47.414Z] Processing 0 subsections for section Root Directory Test
[DEBUG][2025-03-12T12:02:47.416Z] Processing section: Running the Tests
[DEBUG][2025-03-12T12:02:47.417Z] Processing 0 subsections for section Running the Tests
[DEBUG][2025-03-12T12:02:47.418Z] Processing section: Conclusion
[DEBUG][2025-03-12T12:02:47.419Z] Processing 0 subsections for section Conclusion
[DEBUG][2025-03-12T12:02:47.420Z] Processing section: Debug Test Results
[DEBUG][2025-03-12T12:02:47.420Z] Processing 0 subsections for section Debug Test Results
[DEBUG][2025-03-12T12:02:47.421Z] Markdown conversion complete
[DEBUG][2025-03-12T12:02:47.422Z] Writing markdown file: 2way sync test.md
[DEBUG][2025-03-12T12:02:47.424Z] ✅ Successfully transformed json\2way-sync-test.json to 2way sync test.md
[DEBUG][2025-03-12T12:03:02.163Z] 📝 Detected change in Markdown file: 2way sync test.md
[DEBUG][2025-03-12T12:03:02.165Z] Processing change in Markdown file: 2way sync test.md
[DEBUG][2025-03-12T12:03:02.167Z] Could not find containing directory for 2way sync test.md, using default: .
[DEBUG][2025-03-12T12:03:02.168Z] Mapping MD to JSON: 2way sync test.md -> json\2way-sync-test.json
[DEBUG][2025-03-12T12:03:02.169Z] Relative path: 2way sync test.md
[DEBUG][2025-03-12T12:03:02.170Z] Normalized path: 2way-sync-test.md
[DEBUG][2025-03-12T12:03:02.171Z] Reading markdown file: 2way sync test.md
[DEBUG][2025-03-12T12:03:02.172Z] Transforming markdown to JSON
[DEBUG][2025-03-12T12:03:02.173Z] Converting markdown to JSON
[DEBUG][2025-03-12T12:03:02.174Z] Found YAML frontmatter
[DEBUG][2025-03-12T12:03:02.175Z] Added metadata: lastUpdated = 2025-03-14T12
[DEBUG][2025-03-12T12:03:02.176Z] Added metadata: version = 1.0
[DEBUG][2025-03-12T12:03:02.177Z] Added metadata: title = 2way sync test is READY to test CHANGE
[DEBUG][2025-03-12T12:03:02.178Z] Added metadata: status = Synchronization Testing
[DEBUG][2025-03-12T12:03:02.179Z] Found title: MD-JSON Sync System - Root Directory Test
[DEBUG][2025-03-12T12:03:02.179Z] Found section: Running the Tests
[DEBUG][2025-03-12T12:03:02.180Z] Found section: Conclusion
[DEBUG][2025-03-12T12:03:02.182Z] Found section: Root Directory Test
[DEBUG][2025-03-12T12:03:02.184Z] Found section: Running the Tests
[DEBUG][2025-03-12T12:03:02.184Z] Found section: Conclusion
[DEBUG][2025-03-12T12:03:02.185Z] Found section: Debug Test Results
[DEBUG][2025-03-12T12:03:02.186Z] Conversion complete. Found 6 sections
[DEBUG][2025-03-12T12:03:02.187Z] Writing JSON file: json\2way-sync-test.json
[DEBUG][2025-03-12T12:03:02.190Z] ✅ Successfully transformed 2way sync test.md to json\2way-sync-test.json
[DEBUG][2025-03-12T12:04:03.129Z] MdJsonSync constructor called with config:
{
  "performanceSettings": {
    "batchProcessingEnabled": true,
    "batchSize": 3,
    "batchTimeout": 1000
  }
}
[DEBUG][2025-03-12T12:04:03.136Z] Configured watch directories:
{
  "markdown": [
    "."
  ],
  "json": [
    "json"
  ]
}
[DEBUG][2025-03-12T12:04:03.139Z] Performance settings:
{
  "batchProcessingEnabled": true,
  "batchSize": 3,
  "batchTimeout": 1000
}
[DEBUG][2025-03-12T12:04:31.772Z] 📝 Detected change in JSON file: json\2way-sync-test.json
[DEBUG][2025-03-12T12:04:31.774Z] Processing change in JSON file: json\2way-sync-test.json
[DEBUG][2025-03-12T12:04:31.775Z] Mapping JSON to MD: json\2way-sync-test.json -> 2way sync test.md
[DEBUG][2025-03-12T12:04:31.776Z] Relative path: 2way-sync-test.json
[DEBUG][2025-03-12T12:04:31.776Z] Normalized path: 2way sync test.json
[DEBUG][2025-03-12T12:04:31.777Z] Reading JSON file: json\2way-sync-test.json
[DEBUG][2025-03-12T12:04:31.778Z] Parsing JSON
[DEBUG][2025-03-12T12:04:31.780Z] Transforming JSON to markdown
[DEBUG][2025-03-12T12:04:31.780Z] Converting JSON to markdown
[DEBUG][2025-03-12T12:04:31.782Z] Added YAML frontmatter with 4 properties
[DEBUG][2025-03-12T12:04:31.782Z] Added title: MD-JSON Sync System - Root Directory Test
[DEBUG][2025-03-12T12:04:31.783Z] Processing 6 sections
[DEBUG][2025-03-12T12:04:31.784Z] Processing section: Running the Tests
[DEBUG][2025-03-12T12:04:31.785Z] Processing 0 subsections for section Running the Tests
[DEBUG][2025-03-12T12:04:31.786Z] Processing section: Conclusion
[DEBUG][2025-03-12T12:04:31.787Z] Processing 0 subsections for section Conclusion
[DEBUG][2025-03-12T12:04:31.788Z] Processing section: Root Directory Test
[DEBUG][2025-03-12T12:04:31.789Z] Processing 0 subsections for section Root Directory Test
[DEBUG][2025-03-12T12:04:31.790Z] Processing section: Running the Tests
[DEBUG][2025-03-12T12:04:31.790Z] Processing 0 subsections for section Running the Tests
[DEBUG][2025-03-12T12:04:31.791Z] Processing section: Conclusion
[DEBUG][2025-03-12T12:04:31.792Z] Processing 0 subsections for section Conclusion
[DEBUG][2025-03-12T12:04:31.793Z] Processing section: Debug Test Results
[DEBUG][2025-03-12T12:04:31.794Z] Processing 0 subsections for section Debug Test Results
[DEBUG][2025-03-12T12:04:31.795Z] Markdown conversion complete
[DEBUG][2025-03-12T12:04:31.796Z] Writing markdown file: 2way sync test.md
[DEBUG][2025-03-12T12:04:31.798Z] ✅ Successfully transformed json\2way-sync-test.json to 2way sync test.md
[DEBUG][2025-03-12T12:04:31.799Z] 📝 Detected change in JSON file: json\md-json-sync-improvements.json
[DEBUG][2025-03-12T12:04:31.800Z] Processing change in JSON file: json\md-json-sync-improvements.json
[DEBUG][2025-03-12T12:04:31.801Z] Mapping JSON to MD: json\md-json-sync-improvements.json -> md json sync improvements.md
[DEBUG][2025-03-12T12:04:31.802Z] Relative path: md-json-sync-improvements.json
[DEBUG][2025-03-12T12:04:31.803Z] Normalized path: md json sync improvements.json
[DEBUG][2025-03-12T12:04:31.804Z] Reading JSON file: json\md-json-sync-improvements.json
[DEBUG][2025-03-12T12:04:31.805Z] Parsing JSON
[DEBUG][2025-03-12T12:04:31.806Z] Transforming JSON to markdown
[DEBUG][2025-03-12T12:04:31.806Z] Converting JSON to markdown
[DEBUG][2025-03-12T12:04:31.807Z] Added YAML frontmatter with 2 properties
[DEBUG][2025-03-12T12:04:31.808Z] Processing 0 sections
[DEBUG][2025-03-12T12:04:31.809Z] Markdown conversion complete
[DEBUG][2025-03-12T12:04:31.810Z] Writing markdown file: md json sync improvements.md
[DEBUG][2025-03-12T12:04:31.811Z] ✅ Successfully transformed json\md-json-sync-improvements.json to md json sync improvements.md
[DEBUG][2025-03-12T12:04:55.751Z] 📝 Detected change in Markdown file: 2way sync test.md
[DEBUG][2025-03-12T12:04:55.753Z] Processing change in Markdown file: 2way sync test.md
[DEBUG][2025-03-12T12:04:55.754Z] Could not find containing directory for 2way sync test.md, using default: .
[DEBUG][2025-03-12T12:04:55.755Z] Mapping MD to JSON: 2way sync test.md -> json\2way-sync-test.json
[DEBUG][2025-03-12T12:04:55.756Z] Relative path: 2way sync test.md
[DEBUG][2025-03-12T12:04:55.757Z] Normalized path: 2way-sync-test.md
[DEBUG][2025-03-12T12:04:55.758Z] Reading markdown file: 2way sync test.md
[DEBUG][2025-03-12T12:04:55.759Z] Transforming markdown to JSON
[DEBUG][2025-03-12T12:04:55.760Z] Converting markdown to JSON
[DEBUG][2025-03-12T12:04:55.761Z] Found YAML frontmatter
[DEBUG][2025-03-12T12:04:55.762Z] Added metadata: lastUpdated = 2025-03-14T12
[DEBUG][2025-03-12T12:04:55.763Z] Added metadata: version = 1.0
[DEBUG][2025-03-12T12:04:55.764Z] Added metadata: title = 2way sync test is READY to test CHANGE
[DEBUG][2025-03-12T12:04:55.765Z] Added metadata: status = Synchronization Testing
[DEBUG][2025-03-12T12:04:55.766Z] Found title: MD-JSON Sync System - Root Directory Test
[DEBUG][2025-03-12T12:04:55.767Z] Found section: Running the Tests
[DEBUG][2025-03-12T12:04:55.768Z] Found section: Conclusion
[DEBUG][2025-03-12T12:04:55.769Z] Found section: Root Directory Test
[DEBUG][2025-03-12T12:04:55.770Z] Found section: Running the Tests
[DEBUG][2025-03-12T12:04:55.771Z] Found section: Conclusion
[DEBUG][2025-03-12T12:04:55.772Z] Found section: Debug Test Results
[DEBUG][2025-03-12T12:04:55.773Z] Conversion complete. Found 6 sections
[DEBUG][2025-03-12T12:04:55.773Z] Writing JSON file: json\2way-sync-test.json
[DEBUG][2025-03-12T12:04:55.776Z] ✅ Successfully transformed 2way sync test.md to json\2way-sync-test.json
[DEBUG][2025-03-12T12:04:55.787Z] 📝 Detected change in Markdown file: md-json-sync-fixes.md
[DEBUG][2025-03-12T12:04:55.788Z] Processing change in Markdown file: md-json-sync-fixes.md
[DEBUG][2025-03-12T12:04:55.789Z] Could not find containing directory for md-json-sync-fixes.md, using default: .
[DEBUG][2025-03-12T12:04:55.790Z] Mapping MD to JSON: md-json-sync-fixes.md -> json\md-json-sync-fixes.json
[DEBUG][2025-03-12T12:04:55.792Z] Relative path: md-json-sync-fixes.md
[DEBUG][2025-03-12T12:04:55.793Z] Normalized path: md-json-sync-fixes.md
[DEBUG][2025-03-12T12:04:55.794Z] Reading markdown file: md-json-sync-fixes.md
[DEBUG][2025-03-12T12:04:55.795Z] Transforming markdown to JSON
[DEBUG][2025-03-12T12:04:55.796Z] Converting markdown to JSON
[DEBUG][2025-03-12T12:04:55.797Z] Found title: MD-JSON Sync Cursor Integration Fixes
[DEBUG][2025-03-12T12:04:55.799Z] Found section: Version 1.1.5 - 2025-03-14
[DEBUG][2025-03-12T12:04:55.800Z] Found subsection: Added
[DEBUG][2025-03-12T12:04:55.800Z] Found subsection: Changed
[DEBUG][2025-03-12T12:04:55.802Z] ❌ Error transforming md-json-sync-fixes.md to json\md-json-sync-fixes.json:
{}
[DEBUG][2025-03-12T12:04:55.810Z] 📝 Detected change in Markdown file: md-json-sync-improvements.md
[DEBUG][2025-03-12T12:04:55.811Z] Processing change in Markdown file: md-json-sync-improvements.md
[DEBUG][2025-03-12T12:04:55.813Z] Could not find containing directory for md-json-sync-improvements.md, using default: .
[DEBUG][2025-03-12T12:04:55.814Z] Mapping MD to JSON: md-json-sync-improvements.md -> json\md-json-sync-improvements.json
[DEBUG][2025-03-12T12:04:55.815Z] Relative path: md-json-sync-improvements.md
[DEBUG][2025-03-12T12:04:55.816Z] Normalized path: md-json-sync-improvements.md
[DEBUG][2025-03-12T12:04:55.817Z] Reading markdown file: md-json-sync-improvements.md
[DEBUG][2025-03-12T12:04:55.818Z] Transforming markdown to JSON
[DEBUG][2025-03-12T12:04:55.819Z] Converting markdown to JSON
[DEBUG][2025-03-12T12:04:55.820Z] Conversion complete. Found 0 sections
[DEBUG][2025-03-12T12:04:55.821Z] Writing JSON file: json\md-json-sync-improvements.json
[DEBUG][2025-03-12T12:04:55.822Z] ✅ Successfully transformed md-json-sync-improvements.md to json\md-json-sync-improvements.json
[DEBUG][2025-03-12T12:04:55.824Z] 📝 Detected change in Markdown file: md json sync improvements.md
[DEBUG][2025-03-12T12:04:55.826Z] Processing change in Markdown file: md json sync improvements.md
[DEBUG][2025-03-12T12:04:55.827Z] Could not find containing directory for md json sync improvements.md, using default: .
[DEBUG][2025-03-12T12:04:55.828Z] Mapping MD to JSON: md json sync improvements.md -> json\md-json-sync-improvements.json
[DEBUG][2025-03-12T12:04:55.829Z] Relative path: md json sync improvements.md
[DEBUG][2025-03-12T12:04:55.832Z] Normalized path: md-json-sync-improvements.md
[DEBUG][2025-03-12T12:04:55.834Z] Reading markdown file: md json sync improvements.md
[DEBUG][2025-03-12T12:04:55.835Z] Transforming markdown to JSON
[DEBUG][2025-03-12T12:04:55.836Z] Converting markdown to JSON
[DEBUG][2025-03-12T12:04:55.837Z] Found YAML frontmatter
[DEBUG][2025-03-12T12:04:55.838Z] Added metadata: lastUpdated = 2025-03-12T11
[DEBUG][2025-03-12T12:04:55.840Z] Added metadata: version = 1.0
[DEBUG][2025-03-12T12:04:55.841Z] Conversion complete. Found 0 sections
[DEBUG][2025-03-12T12:04:55.842Z] Writing JSON file: json\md-json-sync-improvements.json
[DEBUG][2025-03-12T12:04:55.843Z] ✅ Successfully transformed md json sync improvements.md to json\md-json-sync-improvements.json
[DEBUG][2025-03-12T12:05:02.255Z] 📝 Detected change in JSON file: json\2way-sync-test.json
[DEBUG][2025-03-12T12:05:02.256Z] Processing change in JSON file: json\2way-sync-test.json
[DEBUG][2025-03-12T12:05:02.258Z] Mapping JSON to MD: json\2way-sync-test.json -> 2way sync test.md
[DEBUG][2025-03-12T12:05:02.258Z] Relative path: 2way-sync-test.json
[DEBUG][2025-03-12T12:05:02.259Z] Normalized path: 2way sync test.json
[DEBUG][2025-03-12T12:05:02.260Z] Reading JSON file: json\2way-sync-test.json
[DEBUG][2025-03-12T12:05:02.261Z] Parsing JSON
[DEBUG][2025-03-12T12:05:02.262Z] Transforming JSON to markdown
[DEBUG][2025-03-12T12:05:02.263Z] Converting JSON to markdown
[DEBUG][2025-03-12T12:05:02.264Z] Added YAML frontmatter with 4 properties
[DEBUG][2025-03-12T12:05:02.265Z] Added title: MD-JSON Sync System - Root Directory Test
[DEBUG][2025-03-12T12:05:02.265Z] Processing 6 sections
[DEBUG][2025-03-12T12:05:02.266Z] Processing section: Running the Tests
[DEBUG][2025-03-12T12:05:02.267Z] Processing 0 subsections for section Running the Tests
[DEBUG][2025-03-12T12:05:02.268Z] Processing section: Conclusion
[DEBUG][2025-03-12T12:05:02.269Z] Processing 0 subsections for section Conclusion
[DEBUG][2025-03-12T12:05:02.270Z] Processing section: Root Directory Test
[DEBUG][2025-03-12T12:05:02.270Z] Processing 0 subsections for section Root Directory Test
[DEBUG][2025-03-12T12:05:02.271Z] Processing section: Running the Tests
[DEBUG][2025-03-12T12:05:02.272Z] Processing 0 subsections for section Running the Tests
[DEBUG][2025-03-12T12:05:02.273Z] Processing section: Conclusion
[DEBUG][2025-03-12T12:05:02.274Z] Processing 0 subsections for section Conclusion
[DEBUG][2025-03-12T12:05:02.274Z] Processing section: Debug Test Results
[DEBUG][2025-03-12T12:05:02.275Z] Processing 0 subsections for section Debug Test Results
[DEBUG][2025-03-12T12:05:02.276Z] Markdown conversion complete
[DEBUG][2025-03-12T12:05:02.277Z] Writing markdown file: 2way sync test.md
[DEBUG][2025-03-12T12:05:02.278Z] ✅ Successfully transformed json\2way-sync-test.json to 2way sync test.md
[DEBUG][2025-03-12T12:05:33.228Z] 📝 Detected change in Markdown file: 2way sync test.md
[DEBUG][2025-03-12T12:05:33.230Z] Processing change in Markdown file: 2way sync test.md
[DEBUG][2025-03-12T12:05:33.232Z] Could not find containing directory for 2way sync test.md, using default: .
[DEBUG][2025-03-12T12:05:33.233Z] Mapping MD to JSON: 2way sync test.md -> json\2way-sync-test.json
[DEBUG][2025-03-12T12:05:33.234Z] Relative path: 2way sync test.md
[DEBUG][2025-03-12T12:05:33.235Z] Normalized path: 2way-sync-test.md
[DEBUG][2025-03-12T12:05:33.236Z] Reading markdown file: 2way sync test.md
[DEBUG][2025-03-12T12:05:33.237Z] Transforming markdown to JSON
[DEBUG][2025-03-12T12:05:33.237Z] Converting markdown to JSON
[DEBUG][2025-03-12T12:05:33.238Z] Found YAML frontmatter
[DEBUG][2025-03-12T12:05:33.239Z] Added metadata: lastUpdated = 2025-03-14T12
[DEBUG][2025-03-12T12:05:33.240Z] Added metadata: version = 1.0
[DEBUG][2025-03-12T12:05:33.240Z] Added metadata: title = 2way sync test is READY to test CHANGE
[DEBUG][2025-03-12T12:05:33.241Z] Added metadata: status = Synchronization Testing
[DEBUG][2025-03-12T12:05:33.242Z] Found title: MD-JSON Sync System - Root Directory Test
[DEBUG][2025-03-12T12:05:33.243Z] Found section: Running the Tests
[DEBUG][2025-03-12T12:05:33.244Z] Found section: Conclusion
[DEBUG][2025-03-12T12:05:33.244Z] Found section: Root Directory Test
[DEBUG][2025-03-12T12:05:33.245Z] Found section: Running the Tests
[DEBUG][2025-03-12T12:05:33.246Z] Found section: Conclusion
[DEBUG][2025-03-12T12:05:33.247Z] Found section: Debug Test Results
[DEBUG][2025-03-12T12:05:33.248Z] Conversion complete. Found 6 sections
[DEBUG][2025-03-12T12:05:33.248Z] Writing JSON file: json\2way-sync-test.json
[DEBUG][2025-03-12T12:05:33.251Z] ✅ Successfully transformed 2way sync test.md to json\2way-sync-test.json
[DEBUG][2025-03-12T12:05:40.385Z] 📝 Detected change in JSON file: json\2way-sync-test.json
[DEBUG][2025-03-12T12:05:40.386Z] Processing change in JSON file: json\2way-sync-test.json
[DEBUG][2025-03-12T12:05:40.387Z] Mapping JSON to MD: json\2way-sync-test.json -> 2way sync test.md
[DEBUG][2025-03-12T12:05:40.388Z] Relative path: 2way-sync-test.json
[DEBUG][2025-03-12T12:05:40.388Z] Normalized path: 2way sync test.json
[DEBUG][2025-03-12T12:05:40.389Z] Reading JSON file: json\2way-sync-test.json
[DEBUG][2025-03-12T12:05:40.390Z] Parsing JSON
[DEBUG][2025-03-12T12:05:40.391Z] Transforming JSON to markdown
[DEBUG][2025-03-12T12:05:40.392Z] Converting JSON to markdown
[DEBUG][2025-03-12T12:05:40.392Z] Added YAML frontmatter with 4 properties
[DEBUG][2025-03-12T12:05:40.393Z] Added title: MD-JSON Sync System - Root Directory Test
[DEBUG][2025-03-12T12:05:40.394Z] Processing 6 sections
[DEBUG][2025-03-12T12:05:40.395Z] Processing section: Running the Tests
[DEBUG][2025-03-12T12:05:40.395Z] Processing 0 subsections for section Running the Tests
[DEBUG][2025-03-12T12:05:40.396Z] Processing section: Conclusion
[DEBUG][2025-03-12T12:05:40.397Z] Processing 0 subsections for section Conclusion
[DEBUG][2025-03-12T12:05:40.398Z] Processing section: Root Directory Test
[DEBUG][2025-03-12T12:05:40.399Z] Processing 0 subsections for section Root Directory Test
[DEBUG][2025-03-12T12:05:40.400Z] Processing section: Running the Tests
[DEBUG][2025-03-12T12:05:40.400Z] Processing 0 subsections for section Running the Tests
[DEBUG][2025-03-12T12:05:40.401Z] Processing section: Conclusion
[DEBUG][2025-03-12T12:05:40.402Z] Processing 0 subsections for section Conclusion
[DEBUG][2025-03-12T12:05:40.403Z] Processing section: Debug Test Results
[DEBUG][2025-03-12T12:05:40.403Z] Processing 0 subsections for section Debug Test Results
[DEBUG][2025-03-12T12:05:40.404Z] Markdown conversion complete
[DEBUG][2025-03-12T12:05:40.405Z] Writing markdown file: 2way sync test.md
[DEBUG][2025-03-12T12:05:40.406Z] ✅ Successfully transformed json\2way-sync-test.json to 2way sync test.md
[DEBUG][2025-03-12T12:05:49.487Z] 📝 Detected change in JSON file: json\md-json-sync-improvements.json
[DEBUG][2025-03-12T12:05:49.489Z] Processing change in JSON file: json\md-json-sync-improvements.json
[DEBUG][2025-03-12T12:05:49.490Z] Mapping JSON to MD: json\md-json-sync-improvements.json -> md json sync improvements.md
[DEBUG][2025-03-12T12:05:49.491Z] Relative path: md-json-sync-improvements.json
[DEBUG][2025-03-12T12:05:49.492Z] Normalized path: md json sync improvements.json
[DEBUG][2025-03-12T12:05:49.493Z] Reading JSON file: json\md-json-sync-improvements.json
[DEBUG][2025-03-12T12:05:49.494Z] Parsing JSON
[DEBUG][2025-03-12T12:05:49.495Z] Transforming JSON to markdown
[DEBUG][2025-03-12T12:05:49.496Z] Converting JSON to markdown
[DEBUG][2025-03-12T12:05:49.498Z] Added YAML frontmatter with 2 properties
[DEBUG][2025-03-12T12:05:49.499Z] Processing 0 sections
[DEBUG][2025-03-12T12:05:49.500Z] Markdown conversion complete
[DEBUG][2025-03-12T12:05:49.501Z] Writing markdown file: md json sync improvements.md
[DEBUG][2025-03-12T12:05:49.503Z] ✅ Successfully transformed json\md-json-sync-improvements.json to md json sync improvements.md
[DEBUG][2025-03-12T12:05:58.588Z] 📝 Detected change in Markdown file: 2way sync test.md
[DEBUG][2025-03-12T12:05:58.590Z] Processing change in Markdown file: 2way sync test.md
[DEBUG][2025-03-12T12:05:58.592Z] Could not find containing directory for 2way sync test.md, using default: .
[DEBUG][2025-03-12T12:05:58.593Z] Mapping MD to JSON: 2way sync test.md -> json\2way-sync-test.json
[DEBUG][2025-03-12T12:05:58.594Z] Relative path: 2way sync test.md
[DEBUG][2025-03-12T12:05:58.595Z] Normalized path: 2way-sync-test.md
[DEBUG][2025-03-12T12:05:58.598Z] Reading markdown file: 2way sync test.md
[DEBUG][2025-03-12T12:05:58.599Z] Transforming markdown to JSON
[DEBUG][2025-03-12T12:05:58.600Z] Converting markdown to JSON
[DEBUG][2025-03-12T12:05:58.602Z] Found YAML frontmatter
[DEBUG][2025-03-12T12:05:58.603Z] Added metadata: lastUpdated = 2025-03-14T12
[DEBUG][2025-03-12T12:05:58.604Z] Added metadata: version = 1.0
[DEBUG][2025-03-12T12:05:58.605Z] Added metadata: title = 2way sync test is READY to test CHANGE
[DEBUG][2025-03-12T12:05:58.607Z] Added metadata: status = Synchronization Testing
[DEBUG][2025-03-12T12:05:58.608Z] Found title: MD-JSON Sync System - Root Directory Test
[DEBUG][2025-03-12T12:05:58.609Z] Found section: Running the Tests
[DEBUG][2025-03-12T12:05:58.610Z] Found section: Conclusion
[DEBUG][2025-03-12T12:05:58.611Z] Found section: Root Directory Test
[DEBUG][2025-03-12T12:05:58.612Z] Found section: Running the Tests
[DEBUG][2025-03-12T12:05:58.613Z] Found section: Conclusion
[DEBUG][2025-03-12T12:05:58.614Z] Found section: Debug Test Results
[DEBUG][2025-03-12T12:05:58.615Z] Conversion complete. Found 6 sections
[DEBUG][2025-03-12T12:05:58.616Z] Writing JSON file: json\2way-sync-test.json
[DEBUG][2025-03-12T12:05:58.619Z] ✅ Successfully transformed 2way sync test.md to json\2way-sync-test.json
[DEBUG][2025-03-12T12:05:58.717Z] 📝 Detected change in Markdown file: md json sync improvements.md
[DEBUG][2025-03-12T12:05:58.719Z] Processing change in Markdown file: md json sync improvements.md
[DEBUG][2025-03-12T12:05:58.720Z] Could not find containing directory for md json sync improvements.md, using default: .
[DEBUG][2025-03-12T12:05:58.721Z] Mapping MD to JSON: md json sync improvements.md -> json\md-json-sync-improvements.json
[DEBUG][2025-03-12T12:05:58.721Z] Relative path: md json sync improvements.md
[DEBUG][2025-03-12T12:05:58.722Z] Normalized path: md-json-sync-improvements.md
[DEBUG][2025-03-12T12:05:58.724Z] Reading markdown file: md json sync improvements.md
[DEBUG][2025-03-12T12:05:58.725Z] Transforming markdown to JSON
[DEBUG][2025-03-12T12:05:58.726Z] Converting markdown to JSON
[DEBUG][2025-03-12T12:05:58.727Z] Found YAML frontmatter
[DEBUG][2025-03-12T12:05:58.727Z] Added metadata: lastUpdated = 2025-03-12T11
[DEBUG][2025-03-12T12:05:58.729Z] Added metadata: version = 1.0
[DEBUG][2025-03-12T12:05:58.730Z] Conversion complete. Found 0 sections
[DEBUG][2025-03-12T12:05:58.731Z] Writing JSON file: json\md-json-sync-improvements.json
[DEBUG][2025-03-12T12:05:58.733Z] ✅ Successfully transformed md json sync improvements.md to json\md-json-sync-improvements.json
[DEBUG][2025-03-12T12:06:06.202Z] 📝 Detected change in JSON file: json\2way-sync-test.json
[DEBUG][2025-03-12T12:06:06.203Z] Processing change in JSON file: json\2way-sync-test.json
[DEBUG][2025-03-12T12:06:06.205Z] Mapping JSON to MD: json\2way-sync-test.json -> 2way sync test.md
[DEBUG][2025-03-12T12:06:06.205Z] Relative path: 2way-sync-test.json
[DEBUG][2025-03-12T12:06:06.206Z] Normalized path: 2way sync test.json
[DEBUG][2025-03-12T12:06:06.207Z] Reading JSON file: json\2way-sync-test.json
[DEBUG][2025-03-12T12:06:06.208Z] Parsing JSON
[DEBUG][2025-03-12T12:06:06.209Z] Transforming JSON to markdown
[DEBUG][2025-03-12T12:06:06.210Z] Converting JSON to markdown
[DEBUG][2025-03-12T12:06:06.210Z] Added YAML frontmatter with 4 properties
[DEBUG][2025-03-12T12:06:06.211Z] Added title: MD-JSON Sync System - Root Directory Test
[DEBUG][2025-03-12T12:06:06.212Z] Processing 6 sections
[DEBUG][2025-03-12T12:06:06.213Z] Processing section: Running the Tests
[DEBUG][2025-03-12T12:06:06.214Z] Processing 0 subsections for section Running the Tests
[DEBUG][2025-03-12T12:06:06.215Z] Processing section: Conclusion
[DEBUG][2025-03-12T12:06:06.216Z] Processing 0 subsections for section Conclusion
[DEBUG][2025-03-12T12:06:06.217Z] Processing section: Root Directory Test
[DEBUG][2025-03-12T12:06:06.217Z] Processing 0 subsections for section Root Directory Test
[DEBUG][2025-03-12T12:06:06.218Z] Processing section: Running the Tests
[DEBUG][2025-03-12T12:06:06.219Z] Processing 0 subsections for section Running the Tests
[DEBUG][2025-03-12T12:06:06.220Z] Processing section: Conclusion
[DEBUG][2025-03-12T12:06:06.221Z] Processing 0 subsections for section Conclusion
[DEBUG][2025-03-12T12:06:06.222Z] Processing section: Debug Test Results
[DEBUG][2025-03-12T12:06:06.222Z] Processing 0 subsections for section Debug Test Results
[DEBUG][2025-03-12T12:06:06.223Z] Markdown conversion complete
[DEBUG][2025-03-12T12:06:06.224Z] Writing markdown file: 2way sync test.md
[DEBUG][2025-03-12T12:06:06.225Z] ✅ Successfully transformed json\2way-sync-test.json to 2way sync test.md
[DEBUG][2025-03-12T12:06:14.190Z] 📝 Detected change in Markdown file: 2way sync test.md
[DEBUG][2025-03-12T12:06:14.191Z] Processing change in Markdown file: 2way sync test.md
[DEBUG][2025-03-12T12:06:14.193Z] Could not find containing directory for 2way sync test.md, using default: .
[DEBUG][2025-03-12T12:06:14.194Z] Mapping MD to JSON: 2way sync test.md -> json\2way-sync-test.json
[DEBUG][2025-03-12T12:06:14.194Z] Relative path: 2way sync test.md
[DEBUG][2025-03-12T12:06:14.195Z] Normalized path: 2way-sync-test.md
[DEBUG][2025-03-12T12:06:14.196Z] Reading markdown file: 2way sync test.md
[DEBUG][2025-03-12T12:06:14.197Z] Transforming markdown to JSON
[DEBUG][2025-03-12T12:06:14.198Z] Converting markdown to JSON
[DEBUG][2025-03-12T12:06:14.199Z] Found YAML frontmatter
[DEBUG][2025-03-12T12:06:14.200Z] Added metadata: lastUpdated = 2025-03-14T12
[DEBUG][2025-03-12T12:06:14.201Z] Added metadata: version = 1.0
[DEBUG][2025-03-12T12:06:14.202Z] Added metadata: title = 2way sync test is READY to test CHANGE
[DEBUG][2025-03-12T12:06:14.203Z] Added metadata: status = Synchronization Testing
[DEBUG][2025-03-12T12:06:14.203Z] Found title: MD-JSON Sync System - Root Directory Test
[DEBUG][2025-03-12T12:06:14.204Z] Found section: Running the Tests
[DEBUG][2025-03-12T12:06:14.205Z] Found section: Conclusion
[DEBUG][2025-03-12T12:06:14.206Z] Found section: Root Directory Test
[DEBUG][2025-03-12T12:06:14.207Z] Found section: Running the Tests
[DEBUG][2025-03-12T12:06:14.207Z] Found section: Conclusion
[DEBUG][2025-03-12T12:06:14.208Z] Found section: Debug Test Results
[DEBUG][2025-03-12T12:06:14.209Z] Conversion complete. Found 6 sections
[DEBUG][2025-03-12T12:06:14.210Z] Writing JSON file: json\2way-sync-test.json
[DEBUG][2025-03-12T12:06:14.211Z] ✅ Successfully transformed 2way sync test.md to json\2way-sync-test.json
[DEBUG][2025-03-12T12:06:33.495Z] 📝 Detected change in JSON file: json\2way-sync-test.json
[DEBUG][2025-03-12T12:06:33.496Z] Processing change in JSON file: json\2way-sync-test.json
[DEBUG][2025-03-12T12:06:33.497Z] Mapping JSON to MD: json\2way-sync-test.json -> 2way sync test.md
[DEBUG][2025-03-12T12:06:33.498Z] Relative path: 2way-sync-test.json
[DEBUG][2025-03-12T12:06:33.499Z] Normalized path: 2way sync test.json
[DEBUG][2025-03-12T12:06:33.499Z] Reading JSON file: json\2way-sync-test.json
[DEBUG][2025-03-12T12:06:33.500Z] Parsing JSON
[DEBUG][2025-03-12T12:06:33.501Z] Transforming JSON to markdown
[DEBUG][2025-03-12T12:06:33.502Z] Converting JSON to markdown
[DEBUG][2025-03-12T12:06:33.503Z] Added YAML frontmatter with 4 properties
[DEBUG][2025-03-12T12:06:33.503Z] Added title: MD-JSON Sync System - Root Directory Test
[DEBUG][2025-03-12T12:06:33.504Z] Processing 6 sections
[DEBUG][2025-03-12T12:06:33.505Z] Processing section: Running the Tests
[DEBUG][2025-03-12T12:06:33.506Z] Processing 0 subsections for section Running the Tests
[DEBUG][2025-03-12T12:06:33.507Z] Processing section: Conclusion
[DEBUG][2025-03-12T12:06:33.507Z] Processing 0 subsections for section Conclusion
[DEBUG][2025-03-12T12:06:33.508Z] Processing section: Root Directory Test
[DEBUG][2025-03-12T12:06:33.509Z] Processing 0 subsections for section Root Directory Test
[DEBUG][2025-03-12T12:06:33.510Z] Processing section: Running the Tests
[DEBUG][2025-03-12T12:06:33.511Z] Processing 0 subsections for section Running the Tests
[DEBUG][2025-03-12T12:06:33.512Z] Processing section: Conclusion
[DEBUG][2025-03-12T12:06:33.512Z] Processing 0 subsections for section Conclusion
[DEBUG][2025-03-12T12:06:33.513Z] Processing section: Debug Test Results
[DEBUG][2025-03-12T12:06:33.514Z] Processing 0 subsections for section Debug Test Results
[DEBUG][2025-03-12T12:06:33.515Z] Markdown conversion complete
[DEBUG][2025-03-12T12:06:33.516Z] Writing markdown file: 2way sync test.md
[DEBUG][2025-03-12T12:06:33.517Z] ✅ Successfully transformed json\2way-sync-test.json to 2way sync test.md
[DEBUG][2025-03-12T12:06:43.142Z] 📝 Detected change in JSON file: json\md-json-sync-improvements.json
[DEBUG][2025-03-12T12:06:43.143Z] Processing change in JSON file: json\md-json-sync-improvements.json
[DEBUG][2025-03-12T12:06:43.144Z] Mapping JSON to MD: json\md-json-sync-improvements.json -> md json sync improvements.md
[DEBUG][2025-03-12T12:06:43.145Z] Relative path: md-json-sync-improvements.json
[DEBUG][2025-03-12T12:06:43.146Z] Normalized path: md json sync improvements.json
[DEBUG][2025-03-12T12:06:43.147Z] Reading JSON file: json\md-json-sync-improvements.json
[DEBUG][2025-03-12T12:06:43.148Z] Parsing JSON
[DEBUG][2025-03-12T12:06:43.149Z] Transforming JSON to markdown
[DEBUG][2025-03-12T12:06:43.150Z] Converting JSON to markdown
[DEBUG][2025-03-12T12:06:43.151Z] Added YAML frontmatter with 2 properties
[DEBUG][2025-03-12T12:06:43.152Z] Processing 0 sections
[DEBUG][2025-03-12T12:06:43.152Z] Markdown conversion complete
[DEBUG][2025-03-12T12:06:43.153Z] Writing markdown file: md json sync improvements.md
[DEBUG][2025-03-12T12:06:43.155Z] ✅ Successfully transformed json\md-json-sync-improvements.json to md json sync improvements.md
[DEBUG][2025-03-12T12:06:44.878Z] 📝 Detected change in Markdown file: 2way sync test.md
[DEBUG][2025-03-12T12:06:44.880Z] Processing change in Markdown file: 2way sync test.md
[DEBUG][2025-03-12T12:06:44.881Z] Could not find containing directory for 2way sync test.md, using default: .
[DEBUG][2025-03-12T12:06:44.882Z] Mapping MD to JSON: 2way sync test.md -> json\2way-sync-test.json
[DEBUG][2025-03-12T12:06:44.883Z] Relative path: 2way sync test.md
[DEBUG][2025-03-12T12:06:44.883Z] Normalized path: 2way-sync-test.md
[DEBUG][2025-03-12T12:06:44.884Z] Reading markdown file: 2way sync test.md
[DEBUG][2025-03-12T12:06:44.885Z] Transforming markdown to JSON
[DEBUG][2025-03-12T12:06:44.886Z] Converting markdown to JSON
[DEBUG][2025-03-12T12:06:44.887Z] Found YAML frontmatter
[DEBUG][2025-03-12T12:06:44.888Z] Added metadata: lastUpdated = 2025-03-14T12
[DEBUG][2025-03-12T12:06:44.889Z] Added metadata: version = 1.0
[DEBUG][2025-03-12T12:06:44.890Z] Added metadata: title = 2way sync test is READY to test CHANGE
[DEBUG][2025-03-12T12:06:44.892Z] Added metadata: status = Synchronization Testing
[DEBUG][2025-03-12T12:06:44.893Z] Found title: MD-JSON Sync System - Root Directory Test
[DEBUG][2025-03-12T12:06:44.894Z] Found section: Running the Tests
[DEBUG][2025-03-12T12:06:44.895Z] Found section: Conclusion
[DEBUG][2025-03-12T12:06:44.896Z] Found section: Root Directory Test
[DEBUG][2025-03-12T12:06:44.897Z] Found section: Running the Tests
[DEBUG][2025-03-12T12:06:44.898Z] Found section: Conclusion
[DEBUG][2025-03-12T12:06:44.899Z] Found section: Debug Test Results
[DEBUG][2025-03-12T12:06:44.900Z] Conversion complete. Found 6 sections
[DEBUG][2025-03-12T12:06:44.901Z] Writing JSON file: json\2way-sync-test.json
[DEBUG][2025-03-12T12:06:44.903Z] ✅ Successfully transformed 2way sync test.md to json\2way-sync-test.json
[DEBUG][2025-03-12T12:06:53.348Z] 📝 Detected change in JSON file: json\2way-sync-test.json
[DEBUG][2025-03-12T12:06:53.349Z] Processing change in JSON file: json\2way-sync-test.json
[DEBUG][2025-03-12T12:06:53.350Z] Mapping JSON to MD: json\2way-sync-test.json -> 2way sync test.md
[DEBUG][2025-03-12T12:06:53.351Z] Relative path: 2way-sync-test.json
[DEBUG][2025-03-12T12:06:53.352Z] Normalized path: 2way sync test.json
[DEBUG][2025-03-12T12:06:53.353Z] Reading JSON file: json\2way-sync-test.json
[DEBUG][2025-03-12T12:06:53.354Z] Parsing JSON
[DEBUG][2025-03-12T12:06:53.355Z] Transforming JSON to markdown
[DEBUG][2025-03-12T12:06:53.356Z] Converting JSON to markdown
[DEBUG][2025-03-12T12:06:53.356Z] Added YAML frontmatter with 4 properties
[DEBUG][2025-03-12T12:06:53.357Z] Added title: MD-JSON Sync System - Root Directory Test
[DEBUG][2025-03-12T12:06:53.358Z] Processing 6 sections
[DEBUG][2025-03-12T12:06:53.359Z] Processing section: Running the Tests
[DEBUG][2025-03-12T12:06:53.360Z] Processing 0 subsections for section Running the Tests
[DEBUG][2025-03-12T12:06:53.361Z] Processing section: Conclusion
[DEBUG][2025-03-12T12:06:53.362Z] Processing 0 subsections for section Conclusion
[DEBUG][2025-03-12T12:06:53.363Z] Processing section: Root Directory Test
[DEBUG][2025-03-12T12:06:53.364Z] Processing 0 subsections for section Root Directory Test
[DEBUG][2025-03-12T12:06:53.365Z] Processing section: Running the Tests
[DEBUG][2025-03-12T12:06:53.365Z] Processing 0 subsections for section Running the Tests
[DEBUG][2025-03-12T12:06:53.366Z] Processing section: Conclusion
[DEBUG][2025-03-12T12:06:53.367Z] Processing 0 subsections for section Conclusion
[DEBUG][2025-03-12T12:06:53.368Z] Processing section: Debug Test Results
[DEBUG][2025-03-12T12:06:53.369Z] Processing 0 subsections for section Debug Test Results
[DEBUG][2025-03-12T12:06:53.370Z] Markdown conversion complete
[DEBUG][2025-03-12T12:06:53.371Z] Writing markdown file: 2way sync test.md
[DEBUG][2025-03-12T12:06:53.373Z] ✅ Successfully transformed json\2way-sync-test.json to 2way sync test.md
[DEBUG][2025-03-12T12:07:05.054Z] 📝 Detected change in Markdown file: 2way sync test.md
[DEBUG][2025-03-12T12:07:05.056Z] Processing change in Markdown file: 2way sync test.md
[DEBUG][2025-03-12T12:07:05.057Z] Could not find containing directory for 2way sync test.md, using default: .
[DEBUG][2025-03-12T12:07:05.058Z] Mapping MD to JSON: 2way sync test.md -> json\2way-sync-test.json
[DEBUG][2025-03-12T12:07:05.059Z] Relative path: 2way sync test.md
[DEBUG][2025-03-12T12:07:05.060Z] Normalized path: 2way-sync-test.md
[DEBUG][2025-03-12T12:07:05.061Z] Reading markdown file: 2way sync test.md
[DEBUG][2025-03-12T12:07:05.062Z] Transforming markdown to JSON
[DEBUG][2025-03-12T12:07:05.063Z] Converting markdown to JSON
[DEBUG][2025-03-12T12:07:05.064Z] Found YAML frontmatter
[DEBUG][2025-03-12T12:07:05.065Z] Added metadata: lastUpdated = 2025-03-14T12
[DEBUG][2025-03-12T12:07:05.066Z] Added metadata: version = 1.0
[DEBUG][2025-03-12T12:07:05.067Z] Added metadata: title = 2way sync test is READY to test CHANGE
[DEBUG][2025-03-12T12:07:05.068Z] Added metadata: status = Synchronization Testing
[DEBUG][2025-03-12T12:07:05.069Z] Found title: MD-JSON Sync System - Root Directory Test
[DEBUG][2025-03-12T12:07:05.070Z] Found section: Running the Tests
[DEBUG][2025-03-12T12:07:05.071Z] Found section: Conclusion
[DEBUG][2025-03-12T12:07:05.071Z] Found section: Root Directory Test
[DEBUG][2025-03-12T12:07:05.072Z] Found section: Running the Tests
[DEBUG][2025-03-12T12:07:05.073Z] Found section: Conclusion
[DEBUG][2025-03-12T12:07:05.074Z] Found section: Debug Test Results
[DEBUG][2025-03-12T12:07:05.075Z] Conversion complete. Found 6 sections
[DEBUG][2025-03-12T12:07:05.076Z] Writing JSON file: json\2way-sync-test.json
[DEBUG][2025-03-12T12:07:05.079Z] ✅ Successfully transformed 2way sync test.md to json\2way-sync-test.json
[DEBUG][2025-03-12T12:07:05.085Z] 📝 Detected change in Markdown file: md-json-sync-improvements.md
[DEBUG][2025-03-12T12:07:05.087Z] Processing change in Markdown file: md-json-sync-improvements.md
[DEBUG][2025-03-12T12:07:05.088Z] Could not find containing directory for md-json-sync-improvements.md, using default: .
[DEBUG][2025-03-12T12:07:05.090Z] Mapping MD to JSON: md-json-sync-improvements.md -> json\md-json-sync-improvements.json
[DEBUG][2025-03-12T12:07:05.091Z] Relative path: md-json-sync-improvements.md
[DEBUG][2025-03-12T12:07:05.092Z] Normalized path: md-json-sync-improvements.md
[DEBUG][2025-03-12T12:07:05.093Z] Reading markdown file: md-json-sync-improvements.md
[DEBUG][2025-03-12T12:07:05.095Z] Transforming markdown to JSON
[DEBUG][2025-03-12T12:07:05.096Z] Converting markdown to JSON
[DEBUG][2025-03-12T12:07:05.097Z] Conversion complete. Found 0 sections
[DEBUG][2025-03-12T12:07:05.098Z] Writing JSON file: json\md-json-sync-improvements.json
[DEBUG][2025-03-12T12:07:05.100Z] ✅ Successfully transformed md-json-sync-improvements.md to json\md-json-sync-improvements.json
[DEBUG][2025-03-12T12:07:05.102Z] 📝 Detected change in Markdown file: md json sync improvements.md
[DEBUG][2025-03-12T12:07:05.103Z] Processing change in Markdown file: md json sync improvements.md
[DEBUG][2025-03-12T12:07:05.104Z] Could not find containing directory for md json sync improvements.md, using default: .
[DEBUG][2025-03-12T12:07:05.104Z] Mapping MD to JSON: md json sync improvements.md -> json\md-json-sync-improvements.json
[DEBUG][2025-03-12T12:07:05.105Z] Relative path: md json sync improvements.md
[DEBUG][2025-03-12T12:07:05.106Z] Normalized path: md-json-sync-improvements.md
[DEBUG][2025-03-12T12:07:05.108Z] Reading markdown file: md json sync improvements.md
[DEBUG][2025-03-12T12:07:05.109Z] Transforming markdown to JSON
[DEBUG][2025-03-12T12:07:05.110Z] Converting markdown to JSON
[DEBUG][2025-03-12T12:07:05.110Z] Found YAML frontmatter
[DEBUG][2025-03-12T12:07:05.111Z] Added metadata: lastUpdated = 2025-03-12T11
[DEBUG][2025-03-12T12:07:05.112Z] Added metadata: version = 1.0
[DEBUG][2025-03-12T12:07:05.113Z] Conversion complete. Found 0 sections
[DEBUG][2025-03-12T12:07:05.114Z] Writing JSON file: json\md-json-sync-improvements.json
[DEBUG][2025-03-12T12:07:05.115Z] ✅ Successfully transformed md json sync improvements.md to json\md-json-sync-improvements.json
[DEBUG][2025-03-12T12:07:13.101Z] 📝 Detected change in JSON file: json\2way-sync-test.json
[DEBUG][2025-03-12T12:07:13.102Z] Processing change in JSON file: json\2way-sync-test.json
[DEBUG][2025-03-12T12:07:13.104Z] Mapping JSON to MD: json\2way-sync-test.json -> 2way sync test.md
[DEBUG][2025-03-12T12:07:13.105Z] Relative path: 2way-sync-test.json
[DEBUG][2025-03-12T12:07:13.105Z] Normalized path: 2way sync test.json
[DEBUG][2025-03-12T12:07:13.106Z] Reading JSON file: json\2way-sync-test.json
[DEBUG][2025-03-12T12:07:13.108Z] Parsing JSON
[DEBUG][2025-03-12T12:07:13.108Z] Transforming JSON to markdown
[DEBUG][2025-03-12T12:07:13.109Z] Converting JSON to markdown
[DEBUG][2025-03-12T12:07:13.110Z] Added YAML frontmatter with 4 properties
[DEBUG][2025-03-12T12:07:13.110Z] Added title: MD-JSON Sync System - Root Directory Test
[DEBUG][2025-03-12T12:07:13.111Z] Processing 6 sections
[DEBUG][2025-03-12T12:07:13.112Z] Processing section: Running the Tests
[DEBUG][2025-03-12T12:07:13.113Z] Processing 0 subsections for section Running the Tests
[DEBUG][2025-03-12T12:07:13.114Z] Processing section: Conclusion
[DEBUG][2025-03-12T12:07:13.115Z] Processing 0 subsections for section Conclusion
[DEBUG][2025-03-12T12:07:13.116Z] Processing section: Root Directory Test
[DEBUG][2025-03-12T12:07:13.117Z] Processing 0 subsections for section Root Directory Test
[DEBUG][2025-03-12T12:07:13.118Z] Processing section: Running the Tests
[DEBUG][2025-03-12T12:07:13.118Z] Processing 0 subsections for section Running the Tests
[DEBUG][2025-03-12T12:07:13.119Z] Processing section: Conclusion
[DEBUG][2025-03-12T12:07:13.120Z] Processing 0 subsections for section Conclusion
[DEBUG][2025-03-12T12:07:13.121Z] Processing section: Debug Test Results
[DEBUG][2025-03-12T12:07:13.122Z] Processing 0 subsections for section Debug Test Results
[DEBUG][2025-03-12T12:07:13.123Z] Markdown conversion complete
[DEBUG][2025-03-12T12:07:13.124Z] Writing markdown file: 2way sync test.md
[DEBUG][2025-03-12T12:07:13.126Z] ✅ Successfully transformed json\2way-sync-test.json to 2way sync test.md
[DEBUG][2025-03-12T12:07:24.787Z] 📝 Detected change in Markdown file: 2way sync test.md
[DEBUG][2025-03-12T12:07:24.789Z] Processing change in Markdown file: 2way sync test.md
[DEBUG][2025-03-12T12:07:24.790Z] Could not find containing directory for 2way sync test.md, using default: .
[DEBUG][2025-03-12T12:07:24.791Z] Mapping MD to JSON: 2way sync test.md -> json\2way-sync-test.json
[DEBUG][2025-03-12T12:07:24.792Z] Relative path: 2way sync test.md
[DEBUG][2025-03-12T12:07:24.793Z] Normalized path: 2way-sync-test.md
[DEBUG][2025-03-12T12:07:24.794Z] Reading markdown file: 2way sync test.md
[DEBUG][2025-03-12T12:07:24.795Z] Transforming markdown to JSON
[DEBUG][2025-03-12T12:07:24.796Z] Converting markdown to JSON
[DEBUG][2025-03-12T12:07:24.797Z] Found YAML frontmatter
[DEBUG][2025-03-12T12:07:24.798Z] Added metadata: lastUpdated = 2025-03-14T12
[DEBUG][2025-03-12T12:07:24.799Z] Added metadata: version = 1.0
[DEBUG][2025-03-12T12:07:24.799Z] Added metadata: title = 2way sync test is READY to test CHANGE
[DEBUG][2025-03-12T12:07:24.800Z] Added metadata: status = Synchronization Testing
[DEBUG][2025-03-12T12:07:24.801Z] Found title: MD-JSON Sync System - Root Directory Test
[DEBUG][2025-03-12T12:07:24.802Z] Found section: Running the Tests
[DEBUG][2025-03-12T12:07:24.803Z] Found section: Conclusion
[DEBUG][2025-03-12T12:07:24.804Z] Found section: Root Directory Test
[DEBUG][2025-03-12T12:07:24.805Z] Found section: Running the Tests
[DEBUG][2025-03-12T12:07:24.805Z] Found section: Conclusion
[DEBUG][2025-03-12T12:07:24.806Z] Found section: Debug Test Results
[DEBUG][2025-03-12T12:07:24.807Z] Conversion complete. Found 6 sections
[DEBUG][2025-03-12T12:07:24.808Z] Writing JSON file: json\2way-sync-test.json
[DEBUG][2025-03-12T12:07:24.810Z] ✅ Successfully transformed 2way sync test.md to json\2way-sync-test.json
[DEBUG][2025-03-12T12:07:24.820Z] 📝 Detected change in Markdown file: md-json-sync-improvements.md
[DEBUG][2025-03-12T12:07:24.821Z] Processing change in Markdown file: md-json-sync-improvements.md
[DEBUG][2025-03-12T12:07:24.822Z] Could not find containing directory for md-json-sync-improvements.md, using default: .
[DEBUG][2025-03-12T12:07:24.823Z] Mapping MD to JSON: md-json-sync-improvements.md -> json\md-json-sync-improvements.json
[DEBUG][2025-03-12T12:07:24.824Z] Relative path: md-json-sync-improvements.md
[DEBUG][2025-03-12T12:07:24.825Z] Normalized path: md-json-sync-improvements.md
[DEBUG][2025-03-12T12:07:24.826Z] Reading markdown file: md-json-sync-improvements.md
[DEBUG][2025-03-12T12:07:24.827Z] Transforming markdown to JSON
[DEBUG][2025-03-12T12:07:24.829Z] Converting markdown to JSON
[DEBUG][2025-03-12T12:07:24.830Z] Conversion complete. Found 0 sections
[DEBUG][2025-03-12T12:07:24.831Z] Writing JSON file: json\md-json-sync-improvements.json
[DEBUG][2025-03-12T12:07:24.832Z] ✅ Successfully transformed md-json-sync-improvements.md to json\md-json-sync-improvements.json
[DEBUG][2025-03-12T12:07:57.574Z] 📝 Detected change in JSON file: json\2way-sync-test.json
[DEBUG][2025-03-12T12:07:57.575Z] Processing change in JSON file: json\2way-sync-test.json
[DEBUG][2025-03-12T12:07:57.577Z] Mapping JSON to MD: json\2way-sync-test.json -> 2way sync test.md
[DEBUG][2025-03-12T12:07:57.578Z] Relative path: 2way-sync-test.json
[DEBUG][2025-03-12T12:07:57.579Z] Normalized path: 2way sync test.json
[DEBUG][2025-03-12T12:07:57.580Z] Reading JSON file: json\2way-sync-test.json
[DEBUG][2025-03-12T12:07:57.581Z] Parsing JSON
[DEBUG][2025-03-12T12:07:57.582Z] Transforming JSON to markdown
[DEBUG][2025-03-12T12:07:57.583Z] Converting JSON to markdown
[DEBUG][2025-03-12T12:07:57.583Z] Added YAML frontmatter with 4 properties
[DEBUG][2025-03-12T12:07:57.584Z] Added title: MD-JSON Sync System - Root Directory Test
[DEBUG][2025-03-12T12:07:57.585Z] Processing 6 sections
[DEBUG][2025-03-12T12:07:57.586Z] Processing section: Running the Tests
[DEBUG][2025-03-12T12:07:57.587Z] Processing 0 subsections for section Running the Tests
[DEBUG][2025-03-12T12:07:57.588Z] Processing section: Conclusion
[DEBUG][2025-03-12T12:07:57.589Z] Processing 0 subsections for section Conclusion
[DEBUG][2025-03-12T12:07:57.590Z] Processing section: Root Directory Test
[DEBUG][2025-03-12T12:07:57.590Z] Processing 0 subsections for section Root Directory Test
[DEBUG][2025-03-12T12:07:57.591Z] Processing section: Running the Tests
[DEBUG][2025-03-12T12:07:57.592Z] Processing 0 subsections for section Running the Tests
[DEBUG][2025-03-12T12:07:57.593Z] Processing section: Conclusion
[DEBUG][2025-03-12T12:07:57.594Z] Processing 0 subsections for section Conclusion
[DEBUG][2025-03-12T12:07:57.595Z] Processing section: Debug Test Results
[DEBUG][2025-03-12T12:07:57.596Z] Processing 0 subsections for section Debug Test Results
[DEBUG][2025-03-12T12:07:57.596Z] Markdown conversion complete
[DEBUG][2025-03-12T12:07:57.597Z] Writing markdown file: 2way sync test.md
[DEBUG][2025-03-12T12:07:57.599Z] ✅ Successfully transformed json\2way-sync-test.json to 2way sync test.md
[DEBUG][2025-03-12T12:08:12.556Z] 📝 Detected change in JSON file: json\md-json-sync-improvements.json
[DEBUG][2025-03-12T12:08:12.558Z] Processing change in JSON file: json\md-json-sync-improvements.json
[DEBUG][2025-03-12T12:08:12.559Z] Mapping JSON to MD: json\md-json-sync-improvements.json -> md json sync improvements.md
[DEBUG][2025-03-12T12:08:12.560Z] Relative path: md-json-sync-improvements.json
[DEBUG][2025-03-12T12:08:12.562Z] Normalized path: md json sync improvements.json
[DEBUG][2025-03-12T12:08:12.563Z] Reading JSON file: json\md-json-sync-improvements.json
[DEBUG][2025-03-12T12:08:12.564Z] Parsing JSON
[DEBUG][2025-03-12T12:08:12.565Z] Transforming JSON to markdown
[DEBUG][2025-03-12T12:08:12.566Z] Converting JSON to markdown
[DEBUG][2025-03-12T12:08:12.567Z] Added YAML frontmatter with 2 properties
[DEBUG][2025-03-12T12:08:12.568Z] Processing 0 sections
[DEBUG][2025-03-12T12:08:12.569Z] Markdown conversion complete
[DEBUG][2025-03-12T12:08:12.570Z] Writing markdown file: md json sync improvements.md
[DEBUG][2025-03-12T12:08:12.571Z] ✅ Successfully transformed json\md-json-sync-improvements.json to md json sync improvements.md
[DEBUG][2025-03-12T12:08:15.718Z] 📝 Detected change in Markdown file: 2way sync test.md
[DEBUG][2025-03-12T12:08:15.719Z] Processing change in Markdown file: 2way sync test.md
[DEBUG][2025-03-12T12:08:15.721Z] Could not find containing directory for 2way sync test.md, using default: .
[DEBUG][2025-03-12T12:08:15.722Z] Mapping MD to JSON: 2way sync test.md -> json\2way-sync-test.json
[DEBUG][2025-03-12T12:08:15.723Z] Relative path: 2way sync test.md
[DEBUG][2025-03-12T12:08:15.723Z] Normalized path: 2way-sync-test.md
[DEBUG][2025-03-12T12:08:15.724Z] Reading markdown file: 2way sync test.md
[DEBUG][2025-03-12T12:08:15.726Z] Transforming markdown to JSON
[DEBUG][2025-03-12T12:08:15.726Z] Converting markdown to JSON
[DEBUG][2025-03-12T12:08:15.727Z] Found YAML frontmatter
[DEBUG][2025-03-12T12:08:15.729Z] Added metadata: lastUpdated = 2025-03-14T12
[DEBUG][2025-03-12T12:08:15.730Z] Added metadata: version = 1.0
[DEBUG][2025-03-12T12:08:15.731Z] Added metadata: title = 2way sync test is READY to test CHANGE
[DEBUG][2025-03-12T12:08:15.732Z] Added metadata: status = Synchronization Testing
[DEBUG][2025-03-12T12:08:15.733Z] Found title: MD-JSON Sync System - Root Directory Test
[DEBUG][2025-03-12T12:08:15.734Z] Found section: Running the Tests
[DEBUG][2025-03-12T12:08:15.735Z] Found section: Conclusion
[DEBUG][2025-03-12T12:08:15.736Z] Found section: Root Directory Test
[DEBUG][2025-03-12T12:08:15.736Z] Found section: Running the Tests
[DEBUG][2025-03-12T12:08:15.737Z] Found section: Conclusion
[DEBUG][2025-03-12T12:08:15.738Z] Found section: Debug Test Results
[DEBUG][2025-03-12T12:08:15.739Z] Conversion complete. Found 6 sections
[DEBUG][2025-03-12T12:08:15.739Z] Writing JSON file: json\2way-sync-test.json
[DEBUG][2025-03-12T12:08:15.742Z] ✅ Successfully transformed 2way sync test.md to json\2way-sync-test.json
[DEBUG][2025-03-12T12:08:37.462Z] 📝 Detected change in JSON file: json\2way-sync-test.json
[DEBUG][2025-03-12T12:08:37.463Z] Processing change in JSON file: json\2way-sync-test.json
[DEBUG][2025-03-12T12:08:37.464Z] Mapping JSON to MD: json\2way-sync-test.json -> 2way sync test.md
[DEBUG][2025-03-12T12:08:37.465Z] Relative path: 2way-sync-test.json
[DEBUG][2025-03-12T12:08:37.466Z] Normalized path: 2way sync test.json
[DEBUG][2025-03-12T12:08:37.467Z] Reading JSON file: json\2way-sync-test.json
[DEBUG][2025-03-12T12:08:37.468Z] Parsing JSON
[DEBUG][2025-03-12T12:08:37.469Z] Transforming JSON to markdown
[DEBUG][2025-03-12T12:08:37.470Z] Converting JSON to markdown
[DEBUG][2025-03-12T12:08:37.471Z] Added YAML frontmatter with 4 properties
[DEBUG][2025-03-12T12:08:37.472Z] Added title: MD-JSON Sync System - Root Directory Test
[DEBUG][2025-03-12T12:08:37.474Z] Processing 6 sections
[DEBUG][2025-03-12T12:08:37.475Z] Processing section: Running the Tests
[DEBUG][2025-03-12T12:08:37.476Z] Processing 0 subsections for section Running the Tests
[DEBUG][2025-03-12T12:08:37.477Z] Processing section: Conclusion
[DEBUG][2025-03-12T12:08:37.478Z] Processing 0 subsections for section Conclusion
[DEBUG][2025-03-12T12:08:37.479Z] Processing section: Root Directory Test
[DEBUG][2025-03-12T12:08:37.479Z] Processing 0 subsections for section Root Directory Test
[DEBUG][2025-03-12T12:08:37.480Z] Processing section: Running the Tests
[DEBUG][2025-03-12T12:08:37.481Z] Processing 0 subsections for section Running the Tests
[DEBUG][2025-03-12T12:08:37.482Z] Processing section: Conclusion
[DEBUG][2025-03-12T12:08:37.483Z] Processing 0 subsections for section Conclusion
[DEBUG][2025-03-12T12:08:37.484Z] Processing section: Debug Test Results
[DEBUG][2025-03-12T12:08:37.484Z] Processing 0 subsections for section Debug Test Results
[DEBUG][2025-03-12T12:08:37.485Z] Markdown conversion complete
[DEBUG][2025-03-12T12:08:37.486Z] Writing markdown file: 2way sync test.md
[DEBUG][2025-03-12T12:08:37.487Z] ✅ Successfully transformed json\2way-sync-test.json to 2way sync test.md
[DEBUG][2025-03-12T12:08:46.851Z] 📝 Detected change in JSON file: json\md-json-sync-improvements.json
[DEBUG][2025-03-12T12:08:46.852Z] Processing change in JSON file: json\md-json-sync-improvements.json
[DEBUG][2025-03-12T12:08:46.853Z] Mapping JSON to MD: json\md-json-sync-improvements.json -> md json sync improvements.md
[DEBUG][2025-03-12T12:08:46.854Z] Relative path: md-json-sync-improvements.json
[DEBUG][2025-03-12T12:08:46.855Z] Normalized path: md json sync improvements.json
[DEBUG][2025-03-12T12:08:46.856Z] Reading JSON file: json\md-json-sync-improvements.json
[DEBUG][2025-03-12T12:08:46.857Z] Parsing JSON
[DEBUG][2025-03-12T12:08:46.858Z] Transforming JSON to markdown
[DEBUG][2025-03-12T12:08:46.858Z] Converting JSON to markdown
[DEBUG][2025-03-12T12:08:46.859Z] Added YAML frontmatter with 2 properties
[DEBUG][2025-03-12T12:08:46.860Z] Processing 0 sections
[DEBUG][2025-03-12T12:08:46.861Z] Markdown conversion complete
[DEBUG][2025-03-12T12:08:46.862Z] Writing markdown file: md json sync improvements.md
[DEBUG][2025-03-12T12:08:46.864Z] ✅ Successfully transformed json\md-json-sync-improvements.json to md json sync improvements.md
[DEBUG][2025-03-12T12:08:48.393Z] 📝 Detected change in Markdown file: md json sync improvements.md
[DEBUG][2025-03-12T12:08:48.396Z] Processing change in Markdown file: md json sync improvements.md
[DEBUG][2025-03-12T12:08:48.397Z] Could not find containing directory for md json sync improvements.md, using default: .
[DEBUG][2025-03-12T12:08:48.398Z] Mapping MD to JSON: md json sync improvements.md -> json\md-json-sync-improvements.json
[DEBUG][2025-03-12T12:08:48.399Z] Relative path: md json sync improvements.md
[DEBUG][2025-03-12T12:08:48.400Z] Normalized path: md-json-sync-improvements.md
[DEBUG][2025-03-12T12:08:48.401Z] Reading markdown file: md json sync improvements.md
[DEBUG][2025-03-12T12:08:48.402Z] Transforming markdown to JSON
[DEBUG][2025-03-12T12:08:48.403Z] Converting markdown to JSON
[DEBUG][2025-03-12T12:08:48.403Z] Found YAML frontmatter
[DEBUG][2025-03-12T12:08:48.404Z] Added metadata: lastUpdated = 2025-03-12T12
[DEBUG][2025-03-12T12:08:48.405Z] Added metadata: version = 1.0
[DEBUG][2025-03-12T12:08:48.406Z] Conversion complete. Found 0 sections
[DEBUG][2025-03-12T12:08:48.407Z] Writing JSON file: json\md-json-sync-improvements.json
[DEBUG][2025-03-12T12:08:48.409Z] ✅ Successfully transformed md json sync improvements.md to json\md-json-sync-improvements.json
[DEBUG][2025-03-12T12:09:00.613Z] 📝 Detected change in Markdown file: 2way sync test.md
[DEBUG][2025-03-12T12:09:00.615Z] Processing change in Markdown file: 2way sync test.md
[DEBUG][2025-03-12T12:09:00.616Z] Could not find containing directory for 2way sync test.md, using default: .
[DEBUG][2025-03-12T12:09:00.617Z] Mapping MD to JSON: 2way sync test.md -> json\2way-sync-test.json
[DEBUG][2025-03-12T12:09:00.618Z] Relative path: 2way sync test.md
[DEBUG][2025-03-12T12:09:00.619Z] Normalized path: 2way-sync-test.md
[DEBUG][2025-03-12T12:09:00.620Z] Reading markdown file: 2way sync test.md
[DEBUG][2025-03-12T12:09:00.620Z] Transforming markdown to JSON
[DEBUG][2025-03-12T12:09:00.621Z] Converting markdown to JSON
[DEBUG][2025-03-12T12:09:00.622Z] Found YAML frontmatter
[DEBUG][2025-03-12T12:09:00.623Z] Added metadata: lastUpdated = 2025-03-14T12
[DEBUG][2025-03-12T12:09:00.624Z] Added metadata: version = 1.0
[DEBUG][2025-03-12T12:09:00.624Z] Added metadata: title = 2way sync test is READY to test CHANGE
[DEBUG][2025-03-12T12:09:00.625Z] Added metadata: status = Synchronization Testing
[DEBUG][2025-03-12T12:09:00.626Z] Found title: MD-JSON Sync System - Root Directory Test
[DEBUG][2025-03-12T12:09:00.627Z] Found section: Running the Tests
[DEBUG][2025-03-12T12:09:00.628Z] Found section: Conclusion
[DEBUG][2025-03-12T12:09:00.629Z] Found section: Root Directory Test
[DEBUG][2025-03-12T12:09:00.630Z] Found section: Running the Tests
[DEBUG][2025-03-12T12:09:00.631Z] Found section: Conclusion
[DEBUG][2025-03-12T12:09:00.631Z] Found section: Debug Test Results
[DEBUG][2025-03-12T12:09:00.632Z] Conversion complete. Found 6 sections
[DEBUG][2025-03-12T12:09:00.633Z] Writing JSON file: json\2way-sync-test.json
[DEBUG][2025-03-12T12:09:00.634Z] ✅ Successfully transformed 2way sync test.md to json\2way-sync-test.json
[DEBUG][2025-03-12T12:09:00.654Z] 📝 Detected change in JSON file: json\2way-sync-test.json
[DEBUG][2025-03-12T12:09:00.656Z] Processing change in JSON file: json\2way-sync-test.json
[DEBUG][2025-03-12T12:09:00.657Z] Mapping JSON to MD: json\2way-sync-test.json -> 2way sync test.md
[DEBUG][2025-03-12T12:09:00.658Z] Relative path: 2way-sync-test.json
[DEBUG][2025-03-12T12:09:00.659Z] Normalized path: 2way sync test.json
[DEBUG][2025-03-12T12:09:00.660Z] Reading JSON file: json\2way-sync-test.json
[DEBUG][2025-03-12T12:09:00.661Z] Parsing JSON
[DEBUG][2025-03-12T12:09:00.662Z] Transforming JSON to markdown
[DEBUG][2025-03-12T12:09:00.663Z] Converting JSON to markdown
[DEBUG][2025-03-12T12:09:00.664Z] Added YAML frontmatter with 4 properties
[DEBUG][2025-03-12T12:09:00.665Z] Added title: MD-JSON Sync System - Root Directory Test
[DEBUG][2025-03-12T12:09:00.666Z] Processing 6 sections
[DEBUG][2025-03-12T12:09:00.666Z] Processing section: Running the Tests
[DEBUG][2025-03-12T12:09:00.667Z] Processing 0 subsections for section Running the Tests
[DEBUG][2025-03-12T12:09:00.668Z] Processing section: Conclusion
[DEBUG][2025-03-12T12:09:00.669Z] Processing 0 subsections for section Conclusion
[DEBUG][2025-03-12T12:09:00.670Z] Processing section: Root Directory Test
[DEBUG][2025-03-12T12:09:00.671Z] Processing 0 subsections for section Root Directory Test
[DEBUG][2025-03-12T12:09:00.672Z] Processing section: Running the Tests
[DEBUG][2025-03-12T12:09:00.673Z] Processing 0 subsections for section Running the Tests
[DEBUG][2025-03-12T12:09:00.674Z] Processing section: Conclusion
[DEBUG][2025-03-12T12:09:00.674Z] Processing 0 subsections for section Conclusion
[DEBUG][2025-03-12T12:09:00.675Z] Processing section: Debug Test Results
[DEBUG][2025-03-12T12:09:00.676Z] Processing 0 subsections for section Debug Test Results
[DEBUG][2025-03-12T12:09:00.677Z] Markdown conversion complete
[DEBUG][2025-03-12T12:09:00.678Z] Writing markdown file: 2way sync test.md
[DEBUG][2025-03-12T12:09:00.680Z] ✅ Successfully transformed json\2way-sync-test.json to 2way sync test.md
[DEBUG][2025-03-12T12:09:08.042Z] 📝 Detected change in Markdown file: md json sync improvements.md
[DEBUG][2025-03-12T12:09:08.043Z] Processing change in Markdown file: md json sync improvements.md
[DEBUG][2025-03-12T12:09:08.045Z] Could not find containing directory for md json sync improvements.md, using default: .
[DEBUG][2025-03-12T12:09:08.046Z] Mapping MD to JSON: md json sync improvements.md -> json\md-json-sync-improvements.json
[DEBUG][2025-03-12T12:09:08.046Z] Relative path: md json sync improvements.md
[DEBUG][2025-03-12T12:09:08.047Z] Normalized path: md-json-sync-improvements.md
[DEBUG][2025-03-12T12:09:08.048Z] Reading markdown file: md json sync improvements.md
[DEBUG][2025-03-12T12:09:08.049Z] Transforming markdown to JSON
[DEBUG][2025-03-12T12:09:08.050Z] Converting markdown to JSON
[DEBUG][2025-03-12T12:09:08.050Z] Found YAML frontmatter
[DEBUG][2025-03-12T12:09:08.051Z] Added metadata: lastUpdated = 2025-03-12T12
[DEBUG][2025-03-12T12:09:08.052Z] Added metadata: version = 1.0
[DEBUG][2025-03-12T12:09:08.053Z] Conversion complete. Found 0 sections
[DEBUG][2025-03-12T12:09:08.053Z] Writing JSON file: json\md-json-sync-improvements.json
[DEBUG][2025-03-12T12:09:08.055Z] ✅ Successfully transformed md json sync improvements.md to json\md-json-sync-improvements.json
[DEBUG][2025-03-12T12:09:12.595Z] MdJsonSync constructor called with config:
{
  "errorRecoverySettings": {
    "enabled": true,
    "retryEnabled": true,
    "maxRetries": 2,
    "initialRetryDelay": 500
  }
}
[DEBUG][2025-03-12T12:09:12.604Z] Configured watch directories:
{
  "markdown": [
    "."
  ],
  "json": [
    "json"
  ]
}
[DEBUG][2025-03-12T12:09:12.616Z] Performance settings:
{
  "batchProcessingEnabled": true,
  "batchSize": 5,
  "batchTimeout": 2000,
  "throttlingEnabled": true,
  "maxConcurrentTasks": 3,
  "throttleDelay": 500
}
[DEBUG][2025-03-12T12:09:12.630Z] Error recovery settings:
{
  "enabled": true,
  "retryEnabled": true,
  "maxRetries": 2,
  "initialRetryDelay": 500
}
[DEBUG][2025-03-12T12:09:18.548Z] MdJsonSync constructor called with config:
{
  "errorRecoverySettings": {
    "enabled": true
  }
}
[DEBUG][2025-03-12T12:09:18.573Z] Configured watch directories:
{
  "markdown": [
    "."
  ],
  "json": [
    "json"
  ]
}
[DEBUG][2025-03-12T12:09:18.649Z] Performance settings:
{
  "batchProcessingEnabled": true,
  "batchSize": 5,
  "batchTimeout": 2000,
  "throttlingEnabled": true,
  "maxConcurrentTasks": 3,
  "throttleDelay": 500
}
[DEBUG][2025-03-12T12:09:18.653Z] Error recovery settings:
{
  "enabled": true
}
[DEBUG][2025-03-12T12:09:25.345Z] 📝 Detected change in Markdown file: 2way sync test.md
[DEBUG][2025-03-12T12:09:25.347Z] Processing change in Markdown file: 2way sync test.md
[DEBUG][2025-03-12T12:09:25.348Z] Could not find containing directory for 2way sync test.md, using default: .
[DEBUG][2025-03-12T12:09:25.349Z] Mapping MD to JSON: 2way sync test.md -> json\2way-sync-test.json
[DEBUG][2025-03-12T12:09:25.350Z] Relative path: 2way sync test.md
[DEBUG][2025-03-12T12:09:25.352Z] Normalized path: 2way-sync-test.md
[DEBUG][2025-03-12T12:09:25.354Z] Reading markdown file: 2way sync test.md
[DEBUG][2025-03-12T12:09:25.355Z] Transforming markdown to JSON
[DEBUG][2025-03-12T12:09:25.358Z] Converting markdown to JSON
[DEBUG][2025-03-12T12:09:25.360Z] Found YAML frontmatter
[DEBUG][2025-03-12T12:09:25.361Z] Added metadata: lastUpdated = 2025-03-14T12
[DEBUG][2025-03-12T12:09:25.362Z] Added metadata: version = 1.0
[DEBUG][2025-03-12T12:09:25.363Z] Added metadata: title = 2way sync test is READY to test CHANGE
[DEBUG][2025-03-12T12:09:25.364Z] Added metadata: status = Synchronization Testing
[DEBUG][2025-03-12T12:09:25.365Z] Found title: MD-JSON Sync System - Root Directory Test
[DEBUG][2025-03-12T12:09:25.366Z] Found section: Running the Tests
[DEBUG][2025-03-12T12:09:25.367Z] Found section: Conclusion
[DEBUG][2025-03-12T12:09:25.368Z] Found section: Root Directory Test
[DEBUG][2025-03-12T12:09:25.368Z] Found section: Running the Tests
[DEBUG][2025-03-12T12:09:25.369Z] Found section: Conclusion
[DEBUG][2025-03-12T12:09:25.370Z] Found section: Debug Test Results
[DEBUG][2025-03-12T12:09:25.371Z] Conversion complete. Found 6 sections
[DEBUG][2025-03-12T12:09:25.371Z] Writing JSON file: json\2way-sync-test.json
[DEBUG][2025-03-12T12:09:25.373Z] ✅ Successfully transformed 2way sync test.md to json\2way-sync-test.json
[DEBUG][2025-03-12T12:09:31.006Z] 📝 Detected change in JSON file: json\md-json-sync-improvements.json
[DEBUG][2025-03-12T12:09:31.007Z] Processing change in JSON file: json\md-json-sync-improvements.json
[DEBUG][2025-03-12T12:09:31.008Z] Mapping JSON to MD: json\md-json-sync-improvements.json -> md json sync improvements.md
[DEBUG][2025-03-12T12:09:31.009Z] Relative path: md-json-sync-improvements.json
[DEBUG][2025-03-12T12:09:31.010Z] Normalized path: md json sync improvements.json
[DEBUG][2025-03-12T12:09:31.011Z] Reading JSON file: json\md-json-sync-improvements.json
[DEBUG][2025-03-12T12:09:31.012Z] Parsing JSON
[DEBUG][2025-03-12T12:09:31.013Z] Transforming JSON to markdown
[DEBUG][2025-03-12T12:09:31.014Z] Converting JSON to markdown
[DEBUG][2025-03-12T12:09:31.014Z] Added YAML frontmatter with 2 properties
[DEBUG][2025-03-12T12:09:31.015Z] Processing 0 sections
[DEBUG][2025-03-12T12:09:31.016Z] Markdown conversion complete
[DEBUG][2025-03-12T12:09:31.017Z] Writing markdown file: md json sync improvements.md
[DEBUG][2025-03-12T12:09:31.018Z] ✅ Successfully transformed json\md-json-sync-improvements.json to md json sync improvements.md
[DEBUG][2025-03-12T12:09:43.956Z] 📝 Detected change in JSON file: json\2way-sync-test.json
[DEBUG][2025-03-12T12:09:43.957Z] Processing change in JSON file: json\2way-sync-test.json
[DEBUG][2025-03-12T12:09:43.958Z] Mapping JSON to MD: json\2way-sync-test.json -> 2way sync test.md
[DEBUG][2025-03-12T12:09:43.959Z] Relative path: 2way-sync-test.json
[DEBUG][2025-03-12T12:09:43.960Z] Normalized path: 2way sync test.json
[DEBUG][2025-03-12T12:09:43.961Z] Reading JSON file: json\2way-sync-test.json
[DEBUG][2025-03-12T12:09:43.962Z] Parsing JSON
[DEBUG][2025-03-12T12:09:43.963Z] Transforming JSON to markdown
[DEBUG][2025-03-12T12:09:43.963Z] Converting JSON to markdown
[DEBUG][2025-03-12T12:09:43.964Z] Added YAML frontmatter with 4 properties
[DEBUG][2025-03-12T12:09:43.965Z] Added title: MD-JSON Sync System - Root Directory Test
[DEBUG][2025-03-12T12:09:43.966Z] Processing 6 sections
[DEBUG][2025-03-12T12:09:43.967Z] Processing section: Running the Tests
[DEBUG][2025-03-12T12:09:43.967Z] Processing 0 subsections for section Running the Tests
[DEBUG][2025-03-12T12:09:43.968Z] Processing section: Conclusion
[DEBUG][2025-03-12T12:09:43.969Z] Processing 0 subsections for section Conclusion
[DEBUG][2025-03-12T12:09:43.970Z] Processing section: Root Directory Test
[DEBUG][2025-03-12T12:09:43.971Z] Processing 0 subsections for section Root Directory Test
[DEBUG][2025-03-12T12:09:43.972Z] Processing section: Running the Tests
[DEBUG][2025-03-12T12:09:43.973Z] Processing 0 subsections for section Running the Tests
[DEBUG][2025-03-12T12:09:43.974Z] Processing section: Conclusion
[DEBUG][2025-03-12T12:09:43.975Z] Processing 0 subsections for section Conclusion
[DEBUG][2025-03-12T12:09:43.976Z] Processing section: Debug Test Results
[DEBUG][2025-03-12T12:09:43.977Z] Processing 0 subsections for section Debug Test Results
[DEBUG][2025-03-12T12:09:43.978Z] Markdown conversion complete
[DEBUG][2025-03-12T12:09:43.979Z] Writing markdown file: 2way sync test.md
[DEBUG][2025-03-12T12:09:43.980Z] ✅ Successfully transformed json\2way-sync-test.json to 2way sync test.md
[DEBUG][2025-03-12T12:09:47.155Z] 📝 Detected change in Markdown file: md json sync improvements.md
[DEBUG][2025-03-12T12:09:47.157Z] Processing change in Markdown file: md json sync improvements.md
[DEBUG][2025-03-12T12:09:47.158Z] Could not find containing directory for md json sync improvements.md, using default: .
[DEBUG][2025-03-12T12:09:47.159Z] Mapping MD to JSON: md json sync improvements.md -> json\md-json-sync-improvements.json
[DEBUG][2025-03-12T12:09:47.161Z] Relative path: md json sync improvements.md
[DEBUG][2025-03-12T12:09:47.162Z] Normalized path: md-json-sync-improvements.md
[DEBUG][2025-03-12T12:09:47.164Z] Reading markdown file: md json sync improvements.md
[DEBUG][2025-03-12T12:09:47.165Z] Transforming markdown to JSON
[DEBUG][2025-03-12T12:09:47.166Z] Converting markdown to JSON
[DEBUG][2025-03-12T12:09:47.167Z] Found YAML frontmatter
[DEBUG][2025-03-12T12:09:47.168Z] Added metadata: lastUpdated = 2025-03-12T12
[DEBUG][2025-03-12T12:09:47.170Z] Added metadata: version = 1.0
[DEBUG][2025-03-12T12:09:47.171Z] Conversion complete. Found 0 sections
[DEBUG][2025-03-12T12:09:47.172Z] Writing JSON file: json\md-json-sync-improvements.json
[DEBUG][2025-03-12T12:09:47.175Z] ✅ Successfully transformed md json sync improvements.md to json\md-json-sync-improvements.json
[DEBUG][2025-03-12T12:10:09.107Z] 📝 Detected change in Markdown file: md-json-sync-fixes.md
[DEBUG][2025-03-12T12:10:09.108Z] Processing change in Markdown file: md-json-sync-fixes.md
[DEBUG][2025-03-12T12:10:09.109Z] Could not find containing directory for md-json-sync-fixes.md, using default: .
[DEBUG][2025-03-12T12:10:09.110Z] Mapping MD to JSON: md-json-sync-fixes.md -> json\md-json-sync-fixes.json
[DEBUG][2025-03-12T12:10:09.111Z] Relative path: md-json-sync-fixes.md
[DEBUG][2025-03-12T12:10:09.112Z] Normalized path: md-json-sync-fixes.md
[DEBUG][2025-03-12T12:10:09.113Z] Reading markdown file: md-json-sync-fixes.md
[DEBUG][2025-03-12T12:10:09.114Z] Transforming markdown to JSON
[DEBUG][2025-03-12T12:10:09.114Z] Converting markdown to JSON
[DEBUG][2025-03-12T12:10:09.115Z] Found title: MD-JSON Sync Cursor Integration Fixes
[DEBUG][2025-03-12T12:10:09.116Z] Found section: Version 1.1.6 - 2025-03-14
[DEBUG][2025-03-12T12:10:09.116Z] Found subsection: Added
[DEBUG][2025-03-12T12:10:09.117Z] Found subsection: Changed
[DEBUG][2025-03-12T12:10:09.118Z] ❌ Error transforming md-json-sync-fixes.md to json\md-json-sync-fixes.json:
{}
[DEBUG][2025-03-12T12:10:09.133Z] 📝 Detected change in JSON file: json\md-json-sync-improvements.json
[DEBUG][2025-03-12T12:10:09.134Z] Processing change in JSON file: json\md-json-sync-improvements.json
[DEBUG][2025-03-12T12:10:09.135Z] Mapping JSON to MD: json\md-json-sync-improvements.json -> md json sync improvements.md
[DEBUG][2025-03-12T12:10:09.136Z] Relative path: md-json-sync-improvements.json
[DEBUG][2025-03-12T12:10:09.137Z] Normalized path: md json sync improvements.json
[DEBUG][2025-03-12T12:10:09.138Z] Reading JSON file: json\md-json-sync-improvements.json
[DEBUG][2025-03-12T12:10:09.139Z] Parsing JSON
[DEBUG][2025-03-12T12:10:09.140Z] Transforming JSON to markdown
[DEBUG][2025-03-12T12:10:09.141Z] Converting JSON to markdown
[DEBUG][2025-03-12T12:10:09.141Z] Added YAML frontmatter with 2 properties
[DEBUG][2025-03-12T12:10:09.142Z] Processing 0 sections
[DEBUG][2025-03-12T12:10:09.143Z] Markdown conversion complete
[DEBUG][2025-03-12T12:10:09.144Z] Writing markdown file: md json sync improvements.md
[DEBUG][2025-03-12T12:10:09.145Z] ✅ Successfully transformed json\md-json-sync-improvements.json to md json sync improvements.md
[DEBUG][2025-03-12T12:10:21.019Z] 📝 Detected change in Markdown file: 2way sync test.md
[DEBUG][2025-03-12T12:10:21.021Z] Processing change in Markdown file: 2way sync test.md
[DEBUG][2025-03-12T12:10:21.022Z] Could not find containing directory for 2way sync test.md, using default: .
[DEBUG][2025-03-12T12:10:21.023Z] Mapping MD to JSON: 2way sync test.md -> json\2way-sync-test.json
[DEBUG][2025-03-12T12:10:21.023Z] Relative path: 2way sync test.md
[DEBUG][2025-03-12T12:10:21.024Z] Normalized path: 2way-sync-test.md
[DEBUG][2025-03-12T12:10:21.025Z] Reading markdown file: 2way sync test.md
[DEBUG][2025-03-12T12:10:21.026Z] Transforming markdown to JSON
[DEBUG][2025-03-12T12:10:21.027Z] Converting markdown to JSON
[DEBUG][2025-03-12T12:10:21.028Z] Found YAML frontmatter
[DEBUG][2025-03-12T12:10:21.029Z] Added metadata: lastUpdated = 2025-03-14T12
[DEBUG][2025-03-12T12:10:21.030Z] Added metadata: version = 1.0
[DEBUG][2025-03-12T12:10:21.031Z] Added metadata: title = 2way sync test is READY to test CHANGE
[DEBUG][2025-03-12T12:10:21.032Z] Added metadata: status = Synchronization Testing
[DEBUG][2025-03-12T12:10:21.033Z] Found title: MD-JSON Sync System - Root Directory Test
[DEBUG][2025-03-12T12:10:21.033Z] Found section: Running the Tests
[DEBUG][2025-03-12T12:10:21.034Z] Found section: Conclusion
[DEBUG][2025-03-12T12:10:21.035Z] Found section: Root Directory Test
[DEBUG][2025-03-12T12:10:21.036Z] Found section: Running the Tests
[DEBUG][2025-03-12T12:10:21.036Z] Found section: Conclusion
[DEBUG][2025-03-12T12:10:21.037Z] Found section: Debug Test Results
[DEBUG][2025-03-12T12:10:21.038Z] Conversion complete. Found 6 sections
[DEBUG][2025-03-12T12:10:21.038Z] Writing JSON file: json\2way-sync-test.json
[DEBUG][2025-03-12T12:10:21.040Z] ✅ Successfully transformed 2way sync test.md to json\2way-sync-test.json
[DEBUG][2025-03-12T12:10:21.143Z] 📝 Detected change in JSON file: json\2way-sync-test.json
[DEBUG][2025-03-12T12:10:21.144Z] Processing change in JSON file: json\2way-sync-test.json
[DEBUG][2025-03-12T12:10:21.146Z] Mapping JSON to MD: json\2way-sync-test.json -> 2way sync test.md
[DEBUG][2025-03-12T12:10:21.146Z] Relative path: 2way-sync-test.json
[DEBUG][2025-03-12T12:10:21.147Z] Normalized path: 2way sync test.json
[DEBUG][2025-03-12T12:10:21.148Z] Reading JSON file: json\2way-sync-test.json
[DEBUG][2025-03-12T12:10:21.149Z] Parsing JSON
[DEBUG][2025-03-12T12:10:21.150Z] Transforming JSON to markdown
[DEBUG][2025-03-12T12:10:21.151Z] Converting JSON to markdown
[DEBUG][2025-03-12T12:10:21.151Z] Added YAML frontmatter with 4 properties
[DEBUG][2025-03-12T12:10:21.152Z] Added title: MD-JSON Sync System - Root Directory Test
[DEBUG][2025-03-12T12:10:21.153Z] Processing 6 sections
[DEBUG][2025-03-12T12:10:21.154Z] Processing section: Running the Tests
[DEBUG][2025-03-12T12:10:21.154Z] Processing 0 subsections for section Running the Tests
[DEBUG][2025-03-12T12:10:21.155Z] Processing section: Conclusion
[DEBUG][2025-03-12T12:10:21.156Z] Processing 0 subsections for section Conclusion
[DEBUG][2025-03-12T12:10:21.157Z] Processing section: Root Directory Test
[DEBUG][2025-03-12T12:10:21.157Z] Processing 0 subsections for section Root Directory Test
[DEBUG][2025-03-12T12:10:21.158Z] Processing section: Running the Tests
[DEBUG][2025-03-12T12:10:21.159Z] Processing 0 subsections for section Running the Tests
[DEBUG][2025-03-12T12:10:21.160Z] Processing section: Conclusion
[DEBUG][2025-03-12T12:10:21.161Z] Processing 0 subsections for section Conclusion
[DEBUG][2025-03-12T12:10:21.162Z] Processing section: Debug Test Results
[DEBUG][2025-03-12T12:10:21.163Z] Processing 0 subsections for section Debug Test Results
[DEBUG][2025-03-12T12:10:21.163Z] Markdown conversion complete
[DEBUG][2025-03-12T12:10:21.164Z] Writing markdown file: 2way sync test.md
[DEBUG][2025-03-12T12:10:21.166Z] ✅ Successfully transformed json\2way-sync-test.json to 2way sync test.md
[DEBUG][2025-03-12T12:10:29.681Z] 📝 Detected change in Markdown file: md json sync improvements.md
[DEBUG][2025-03-12T12:10:29.682Z] Processing change in Markdown file: md json sync improvements.md
[DEBUG][2025-03-12T12:10:29.683Z] Could not find containing directory for md json sync improvements.md, using default: .
[DEBUG][2025-03-12T12:10:29.684Z] Mapping MD to JSON: md json sync improvements.md -> json\md-json-sync-improvements.json
[DEBUG][2025-03-12T12:10:29.685Z] Relative path: md json sync improvements.md
[DEBUG][2025-03-12T12:10:29.686Z] Normalized path: md-json-sync-improvements.md
[DEBUG][2025-03-12T12:10:29.687Z] Reading markdown file: md json sync improvements.md
[DEBUG][2025-03-12T12:10:29.688Z] Transforming markdown to JSON
[DEBUG][2025-03-12T12:10:29.688Z] Converting markdown to JSON
[DEBUG][2025-03-12T12:10:29.689Z] Found YAML frontmatter
[DEBUG][2025-03-12T12:10:29.690Z] Added metadata: lastUpdated = 2025-03-12T12
[DEBUG][2025-03-12T12:10:29.690Z] Added metadata: version = 1.0
[DEBUG][2025-03-12T12:10:29.691Z] Conversion complete. Found 0 sections
[DEBUG][2025-03-12T12:10:29.692Z] Writing JSON file: json\md-json-sync-improvements.json
[DEBUG][2025-03-12T12:10:29.693Z] ✅ Successfully transformed md json sync improvements.md to json\md-json-sync-improvements.json
[DEBUG][2025-03-12T12:10:33.545Z] 📝 Detected change in JSON file: json\md-json-sync-improvements.json
[DEBUG][2025-03-12T12:10:33.547Z] Processing change in JSON file: json\md-json-sync-improvements.json
[DEBUG][2025-03-12T12:10:33.548Z] Mapping JSON to MD: json\md-json-sync-improvements.json -> md json sync improvements.md
[DEBUG][2025-03-12T12:10:33.549Z] Relative path: md-json-sync-improvements.json
[DEBUG][2025-03-12T12:10:33.550Z] Normalized path: md json sync improvements.json
[DEBUG][2025-03-12T12:10:33.550Z] Reading JSON file: json\md-json-sync-improvements.json
[DEBUG][2025-03-12T12:10:33.551Z] Parsing JSON
[DEBUG][2025-03-12T12:10:33.552Z] Transforming JSON to markdown
[DEBUG][2025-03-12T12:10:33.553Z] Converting JSON to markdown
[DEBUG][2025-03-12T12:10:33.553Z] Added YAML frontmatter with 2 properties
[DEBUG][2025-03-12T12:10:33.554Z] Processing 0 sections
[DEBUG][2025-03-12T12:10:33.555Z] Markdown conversion complete
[DEBUG][2025-03-12T12:10:33.555Z] Writing markdown file: md json sync improvements.md
[DEBUG][2025-03-12T12:10:33.557Z] ✅ Successfully transformed json\md-json-sync-improvements.json to md json sync improvements.md
[DEBUG][2025-03-12T12:10:45.444Z] 📝 Detected change in Markdown file: 2way sync test.md
[DEBUG][2025-03-12T12:10:45.446Z] Processing change in Markdown file: 2way sync test.md
[DEBUG][2025-03-12T12:10:45.447Z] Could not find containing directory for 2way sync test.md, using default: .
[DEBUG][2025-03-12T12:10:45.448Z] Mapping MD to JSON: 2way sync test.md -> json\2way-sync-test.json
[DEBUG][2025-03-12T12:10:45.449Z] Relative path: 2way sync test.md
[DEBUG][2025-03-12T12:10:45.450Z] Normalized path: 2way-sync-test.md
[DEBUG][2025-03-12T12:10:45.451Z] Reading markdown file: 2way sync test.md
[DEBUG][2025-03-12T12:10:45.452Z] Transforming markdown to JSON
[DEBUG][2025-03-12T12:10:45.452Z] Converting markdown to JSON
[DEBUG][2025-03-12T12:10:45.453Z] Found YAML frontmatter
[DEBUG][2025-03-12T12:10:45.454Z] Added metadata: lastUpdated = 2025-03-14T12
[DEBUG][2025-03-12T12:10:45.455Z] Added metadata: version = 1.0
[DEBUG][2025-03-12T12:10:45.455Z] Added metadata: title = 2way sync test is READY to test CHANGE
[DEBUG][2025-03-12T12:10:45.456Z] Added metadata: status = Synchronization Testing
[DEBUG][2025-03-12T12:10:45.457Z] Found title: MD-JSON Sync System - Root Directory Test
[DEBUG][2025-03-12T12:10:45.458Z] Found section: Running the Tests
[DEBUG][2025-03-12T12:10:45.459Z] Found section: Conclusion
[DEBUG][2025-03-12T12:10:45.459Z] Found section: Root Directory Test
[DEBUG][2025-03-12T12:10:45.460Z] Found section: Running the Tests
[DEBUG][2025-03-12T12:10:45.461Z] Found section: Conclusion
[DEBUG][2025-03-12T12:10:45.461Z] Found section: Debug Test Results
[DEBUG][2025-03-12T12:10:45.462Z] Conversion complete. Found 6 sections
[DEBUG][2025-03-12T12:10:45.463Z] Writing JSON file: json\2way-sync-test.json
[DEBUG][2025-03-12T12:10:45.465Z] ✅ Successfully transformed 2way sync test.md to json\2way-sync-test.json
[DEBUG][2025-03-12T12:10:45.470Z] 📝 Detected change in Markdown file: md-json-sync-improvements.md
[DEBUG][2025-03-12T12:10:45.471Z] Processing change in Markdown file: md-json-sync-improvements.md
[DEBUG][2025-03-12T12:10:45.472Z] Could not find containing directory for md-json-sync-improvements.md, using default: .
[DEBUG][2025-03-12T12:10:45.473Z] Mapping MD to JSON: md-json-sync-improvements.md -> json\md-json-sync-improvements.json
[DEBUG][2025-03-12T12:10:45.474Z] Relative path: md-json-sync-improvements.md
[DEBUG][2025-03-12T12:10:45.475Z] Normalized path: md-json-sync-improvements.md
[DEBUG][2025-03-12T12:10:45.476Z] Reading markdown file: md-json-sync-improvements.md
[DEBUG][2025-03-12T12:10:45.477Z] Transforming markdown to JSON
[DEBUG][2025-03-12T12:10:45.478Z] Converting markdown to JSON
[DEBUG][2025-03-12T12:10:45.478Z] Conversion complete. Found 0 sections
[DEBUG][2025-03-12T12:10:45.479Z] Writing JSON file: json\md-json-sync-improvements.json
[DEBUG][2025-03-12T12:10:45.481Z] ✅ Successfully transformed md-json-sync-improvements.md to json\md-json-sync-improvements.json
[DEBUG][2025-03-12T12:10:45.483Z] 📝 Detected change in Markdown file: md json sync improvements.md
[DEBUG][2025-03-12T12:10:45.484Z] Processing change in Markdown file: md json sync improvements.md
[DEBUG][2025-03-12T12:10:45.485Z] Could not find containing directory for md json sync improvements.md, using default: .
[DEBUG][2025-03-12T12:10:45.486Z] Mapping MD to JSON: md json sync improvements.md -> json\md-json-sync-improvements.json
[DEBUG][2025-03-12T12:10:45.486Z] Relative path: md json sync improvements.md
[DEBUG][2025-03-12T12:10:45.487Z] Normalized path: md-json-sync-improvements.md
[DEBUG][2025-03-12T12:10:45.488Z] Reading markdown file: md json sync improvements.md
[DEBUG][2025-03-12T12:10:45.489Z] Transforming markdown to JSON
[DEBUG][2025-03-12T12:10:45.490Z] Converting markdown to JSON
[DEBUG][2025-03-12T12:10:45.491Z] Found YAML frontmatter
[DEBUG][2025-03-12T12:10:45.492Z] Added metadata: lastUpdated = 2025-03-12T12
[DEBUG][2025-03-12T12:10:45.493Z] Added metadata: version = 1.0
[DEBUG][2025-03-12T12:10:45.494Z] Conversion complete. Found 0 sections
[DEBUG][2025-03-12T12:10:45.494Z] Writing JSON file: json\md-json-sync-improvements.json
[DEBUG][2025-03-12T12:10:45.496Z] ✅ Successfully transformed md json sync improvements.md to json\md-json-sync-improvements.json
[DEBUG][2025-03-12T12:11:10.730Z] 📝 Detected change in JSON file: json\2way-sync-test.json
[DEBUG][2025-03-12T12:11:10.731Z] Processing change in JSON file: json\2way-sync-test.json
[DEBUG][2025-03-12T12:11:10.732Z] Mapping JSON to MD: json\2way-sync-test.json -> 2way sync test.md
[DEBUG][2025-03-12T12:11:10.733Z] Relative path: 2way-sync-test.json
[DEBUG][2025-03-12T12:11:10.734Z] Normalized path: 2way sync test.json
[DEBUG][2025-03-12T12:11:10.735Z] Reading JSON file: json\2way-sync-test.json
[DEBUG][2025-03-12T12:11:10.736Z] Parsing JSON
[DEBUG][2025-03-12T12:11:10.737Z] Transforming JSON to markdown
[DEBUG][2025-03-12T12:11:10.738Z] Converting JSON to markdown
[DEBUG][2025-03-12T12:11:10.739Z] Added YAML frontmatter with 4 properties
[DEBUG][2025-03-12T12:11:10.740Z] Added title: MD-JSON Sync System - Root Directory Test
[DEBUG][2025-03-12T12:11:10.741Z] Processing 6 sections
[DEBUG][2025-03-12T12:11:10.743Z] Processing section: Running the Tests
[DEBUG][2025-03-12T12:11:10.744Z] Processing 0 subsections for section Running the Tests
[DEBUG][2025-03-12T12:11:10.745Z] Processing section: Conclusion
[DEBUG][2025-03-12T12:11:10.746Z] Processing 0 subsections for section Conclusion
[DEBUG][2025-03-12T12:11:10.747Z] Processing section: Root Directory Test
[DEBUG][2025-03-12T12:11:10.747Z] Processing 0 subsections for section Root Directory Test
[DEBUG][2025-03-12T12:11:10.749Z] Processing section: Running the Tests
[DEBUG][2025-03-12T12:11:10.749Z] Processing 0 subsections for section Running the Tests
[DEBUG][2025-03-12T12:11:10.750Z] Processing section: Conclusion
[DEBUG][2025-03-12T12:11:10.751Z] Processing 0 subsections for section Conclusion
[DEBUG][2025-03-12T12:11:10.752Z] Processing section: Debug Test Results
[DEBUG][2025-03-12T12:11:10.753Z] Processing 0 subsections for section Debug Test Results
[DEBUG][2025-03-12T12:11:10.754Z] Markdown conversion complete
[DEBUG][2025-03-12T12:11:10.755Z] Writing markdown file: 2way sync test.md
[DEBUG][2025-03-12T12:11:10.756Z] ✅ Successfully transformed json\2way-sync-test.json to 2way sync test.md
[DEBUG][2025-03-12T12:11:24.389Z] 📝 Detected change in JSON file: json\md-json-sync-improvements.json
[DEBUG][2025-03-12T12:11:24.390Z] Processing change in JSON file: json\md-json-sync-improvements.json
[DEBUG][2025-03-12T12:11:24.392Z] Mapping JSON to MD: json\md-json-sync-improvements.json -> md json sync improvements.md
[DEBUG][2025-03-12T12:11:24.393Z] Relative path: md-json-sync-improvements.json
[DEBUG][2025-03-12T12:11:24.394Z] Normalized path: md json sync improvements.json
[DEBUG][2025-03-12T12:11:24.395Z] Reading JSON file: json\md-json-sync-improvements.json
[DEBUG][2025-03-12T12:11:24.396Z] Parsing JSON
[DEBUG][2025-03-12T12:11:24.397Z] Transforming JSON to markdown
[DEBUG][2025-03-12T12:11:24.398Z] Converting JSON to markdown
[DEBUG][2025-03-12T12:11:24.399Z] Added YAML frontmatter with 2 properties
[DEBUG][2025-03-12T12:11:24.400Z] Processing 0 sections
[DEBUG][2025-03-12T12:11:24.401Z] Markdown conversion complete
[DEBUG][2025-03-12T12:11:24.401Z] Writing markdown file: md json sync improvements.md
[DEBUG][2025-03-12T12:11:24.403Z] ✅ Successfully transformed json\md-json-sync-improvements.json to md json sync improvements.md
[DEBUG][2025-03-12T12:11:27.263Z] 📝 Detected change in Markdown file: 2way sync test.md
[DEBUG][2025-03-12T12:11:27.264Z] Processing change in Markdown file: 2way sync test.md
[DEBUG][2025-03-12T12:11:27.266Z] Could not find containing directory for 2way sync test.md, using default: .
[DEBUG][2025-03-12T12:11:27.266Z] Mapping MD to JSON: 2way sync test.md -> json\2way-sync-test.json
[DEBUG][2025-03-12T12:11:27.267Z] Relative path: 2way sync test.md
[DEBUG][2025-03-12T12:11:27.268Z] Normalized path: 2way-sync-test.md
[DEBUG][2025-03-12T12:11:27.269Z] Reading markdown file: 2way sync test.md
[DEBUG][2025-03-12T12:11:27.270Z] Transforming markdown to JSON
[DEBUG][2025-03-12T12:11:27.270Z] Converting markdown to JSON
[DEBUG][2025-03-12T12:11:27.271Z] Found YAML frontmatter
[DEBUG][2025-03-12T12:11:27.272Z] Added metadata: lastUpdated = 2025-03-14T12
[DEBUG][2025-03-12T12:11:27.273Z] Added metadata: version = 1.0
[DEBUG][2025-03-12T12:11:27.273Z] Added metadata: title = 2way sync test is READY to test CHANGE
[DEBUG][2025-03-12T12:11:27.275Z] Added metadata: status = Synchronization Testing
[DEBUG][2025-03-12T12:11:27.276Z] Found title: MD-JSON Sync System - Root Directory Test
[DEBUG][2025-03-12T12:11:27.277Z] Found section: Running the Tests
[DEBUG][2025-03-12T12:11:27.278Z] Found section: Conclusion
[DEBUG][2025-03-12T12:11:27.279Z] Found section: Root Directory Test
[DEBUG][2025-03-12T12:11:27.280Z] Found section: Running the Tests
[DEBUG][2025-03-12T12:11:27.280Z] Found section: Conclusion
[DEBUG][2025-03-12T12:11:27.281Z] Found section: Debug Test Results
[DEBUG][2025-03-12T12:11:27.282Z] Conversion complete. Found 6 sections
[DEBUG][2025-03-12T12:11:27.283Z] Writing JSON file: json\2way-sync-test.json
[DEBUG][2025-03-12T12:11:27.285Z] ✅ Successfully transformed 2way sync test.md to json\2way-sync-test.json
[DEBUG][2025-03-12T12:11:27.292Z] 📝 Detected change in Markdown file: md-json-sync-improvements.md
[DEBUG][2025-03-12T12:11:27.294Z] Processing change in Markdown file: md-json-sync-improvements.md
[DEBUG][2025-03-12T12:11:27.295Z] Could not find containing directory for md-json-sync-improvements.md, using default: .
[DEBUG][2025-03-12T12:11:27.296Z] Mapping MD to JSON: md-json-sync-improvements.md -> json\md-json-sync-improvements.json
[DEBUG][2025-03-12T12:11:27.297Z] Relative path: md-json-sync-improvements.md
[DEBUG][2025-03-12T12:11:27.298Z] Normalized path: md-json-sync-improvements.md
[DEBUG][2025-03-12T12:11:27.299Z] Reading markdown file: md-json-sync-improvements.md
[DEBUG][2025-03-12T12:11:27.300Z] Transforming markdown to JSON
[DEBUG][2025-03-12T12:11:27.301Z] Converting markdown to JSON
[DEBUG][2025-03-12T12:11:27.301Z] Conversion complete. Found 0 sections
[DEBUG][2025-03-12T12:11:27.302Z] Writing JSON file: json\md-json-sync-improvements.json
[DEBUG][2025-03-12T12:11:27.304Z] ✅ Successfully transformed md-json-sync-improvements.md to json\md-json-sync-improvements.json
[DEBUG][2025-03-12T12:11:54.603Z] MdJsonSync constructor called with config:
{
  "uiSettings": {
    "enabled": true,
    "consoleIndicatorsEnabled": true
  }
}
[DEBUG][2025-03-12T12:11:54.616Z] Configured watch directories:
{
  "markdown": [
    "."
  ],
  "json": [
    "json"
  ]
}
[DEBUG][2025-03-12T12:11:54.619Z] Performance settings:
{
  "batchProcessingEnabled": true,
  "batchSize": 5,
  "batchTimeout": 2000,
  "throttlingEnabled": true,
  "maxConcurrentTasks": 3,
  "throttleDelay": 500
}
[DEBUG][2025-03-12T12:11:54.622Z] Error recovery settings:
{
  "enabled": true,
  "retryEnabled": true,
  "maxRetries": 3,
  "initialRetryDelay": 1000,
  "retryBackoffMultiplier": 2,
  "retryQueueProcessInterval": 10000,
  "autoRecoveryEnabled": true,
  "recoveryStrategies": [
    "backupRestore",
    "partialSync",
    "recreate"
  ]
}
[DEBUG][2025-03-12T12:11:54.628Z] User interface settings:
{
  "enabled": true,
  "consoleIndicatorsEnabled": true
}
[DEBUG][2025-03-12T12:11:54.631Z] 🔍 Starting MdJsonSync watcher
[DEBUG][2025-03-12T12:11:54.633Z] Verifying watch directories exist:
[DEBUG][2025-03-12T12:11:54.637Z] ✅ Markdown directory exists: .
[DEBUG][2025-03-12T12:11:54.639Z] ✅ JSON directory exists: json
[DEBUG][2025-03-12T12:11:54.641Z] Setting up watcher for markdown directory: .
[DEBUG][2025-03-12T12:11:54.642Z] Watch pattern for Markdown: **\*.md
[DEBUG][2025-03-12T12:11:54.663Z] Setting up watcher for JSON directory: json
[DEBUG][2025-03-12T12:11:54.665Z] Watch pattern for JSON: json\**\*.json
[DEBUG][2025-03-12T12:11:54.671Z] Starting retry queue processor
[DEBUG][2025-03-12T12:11:54.673Z] Retry queue processor scheduled to run every 10000ms
[DEBUG][2025-03-12T12:11:54.674Z] Starting status updater
[DEBUG][2025-03-12T12:11:54.676Z] Error updating status file:
{
  "code": "ERR_INVALID_ARG_TYPE"
}
[DEBUG][2025-03-12T12:11:54.678Z] Status updater scheduled to run every undefinedms
[DEBUG][2025-03-12T12:11:54.682Z] Error updating status file:
{
  "code": "ERR_INVALID_ARG_TYPE"
}
[DEBUG][2025-03-12T12:11:54.689Z] Error updating status file:
{
  "code": "ERR_INVALID_ARG_TYPE"
}
[DEBUG][2025-03-12T12:11:54.732Z] Error updating status file:
{
  "code": "ERR_INVALID_ARG_TYPE"
}
[DEBUG][2025-03-12T12:11:54.813Z] Error updating status file:
{
  "code": "ERR_INVALID_ARG_TYPE"
}
[DEBUG][2025-03-12T12:11:54.818Z] Markdown file detected: 2way sync test.md
[DEBUG][2025-03-12T12:11:54.820Z] Markdown file detected: 2way-sync-test.md
[DEBUG][2025-03-12T12:11:54.832Z] Markdown file detected: agent-architecture.md
[DEBUG][2025-03-12T12:11:54.842Z] Markdown file detected: backup-recovery-plan.md
[DEBUG][2025-03-12T12:11:54.846Z] Markdown file detected: best-practices.md
[DEBUG][2025-03-12T12:11:54.856Z] Markdown file detected: cfish-it.md
[DEBUG][2025-03-12T12:11:54.862Z] Markdown file detected: cfish.md
[DEBUG][2025-03-12T12:11:54.868Z] Markdown file detected: changelog.md
[DEBUG][2025-03-12T12:11:54.877Z] Markdown file detected: deployment-tools.md
[DEBUG][2025-03-12T12:11:54.887Z] Markdown file detected: glossary.md
[DEBUG][2025-03-12T12:11:54.892Z] Markdown file detected: implementation-plan.md
[DEBUG][2025-03-12T12:11:54.910Z] Markdown file detected: implementation-status.md
[DEBUG][2025-03-12T12:11:54.914Z] Markdown file detected: json-sync-system.md
[DEBUG][2025-03-12T12:11:54.918Z] Markdown file detected: maintenance-checklist.md
[DEBUG][2025-03-12T12:11:54.926Z] Markdown file detected: md json sync improvements.md
[DEBUG][2025-03-12T12:11:54.929Z] Markdown file detected: md-json-sync-enhanced-README.md
[DEBUG][2025-03-12T12:11:54.931Z] Markdown file detected: md-json-sync-fixes.md
[DEBUG][2025-03-12T12:11:54.934Z] Markdown file detected: md-json-sync-implementation-verification.md
[DEBUG][2025-03-12T12:11:54.937Z] Markdown file detected: md-json-sync-improvements.md
[DEBUG][2025-03-12T12:11:54.939Z] Markdown file detected: md-json-sync-low-cpu-reference.md
[DEBUG][2025-03-12T12:11:54.943Z] Markdown file detected: md-json-sync-next-steps.md
[DEBUG][2025-03-12T12:11:54.946Z] Markdown file detected: md-json-sync-quick-reference.md
[DEBUG][2025-03-12T12:11:54.949Z] Markdown file detected: md-json-sync-README.md
[DEBUG][2025-03-12T12:11:54.951Z] Markdown file detected: md-json-sync-status-report.md
[DEBUG][2025-03-12T12:11:54.953Z] Markdown file detected: md-json-sync-system-summary.md
[DEBUG][2025-03-12T12:11:54.954Z] Markdown file detected: md-json-sync-testing-findings.md
[DEBUG][2025-03-12T12:11:54.956Z] Markdown file detected: md-to-json-README.md
[DEBUG][2025-03-12T12:11:54.958Z] Markdown file detected: memory-full.md
[DEBUG][2025-03-12T12:11:54.960Z] Markdown file detected: memory-manual.md
[DEBUG][2025-03-12T12:11:54.962Z] Markdown file detected: memory-md-data-loss-resolution.md
[DEBUG][2025-03-12T12:11:54.965Z] Markdown file detected: memory-md-protection.md
[DEBUG][2025-03-12T12:11:54.968Z] Markdown file detected: memory.md
[DEBUG][2025-03-12T12:11:54.970Z] Markdown file detected: merge-test.md
[DEBUG][2025-03-12T12:11:54.977Z] Markdown file detected: README-cursor-integration-testing.md
[DEBUG][2025-03-12T12:11:54.980Z] Markdown file detected: README-cursor-integration.md
[DEBUG][2025-03-12T12:11:54.982Z] Markdown file detected: README-md-json-sync.md
[DEBUG][2025-03-12T12:11:54.984Z] Markdown file detected: README.md
[DEBUG][2025-03-12T12:11:54.987Z] Markdown file detected: recursive-directory-monitoring.md
[DEBUG][2025-03-12T12:11:54.988Z] Markdown file detected: root-directory-monitoring-tasks.md
[DEBUG][2025-03-12T12:11:54.990Z] Markdown file detected: root-directory-monitoring-workarounds.md
[DEBUG][2025-03-12T12:11:54.993Z] Markdown file detected: root-monitor-test.md
[DEBUG][2025-03-12T12:11:54.994Z] Markdown file detected: safe-sync-system.md
[DEBUG][2025-03-12T12:11:54.996Z] Markdown file detected: sop.md
[DEBUG][2025-03-12T12:11:54.998Z] Markdown file detected: spec.md
[DEBUG][2025-03-12T12:11:55.000Z] Markdown file detected: steps.md
[DEBUG][2025-03-12T12:11:55.002Z] Markdown file detected: sync-bidirectional-test.md
[DEBUG][2025-03-12T12:11:55.003Z] Markdown file detected: sync-conflict-test.md
[DEBUG][2025-03-12T12:11:55.005Z] Markdown file detected: sync-test.md
[DEBUG][2025-03-12T12:11:55.008Z] Markdown file detected: terminal-troubleshooting.md
[DEBUG][2025-03-12T12:11:55.010Z] Markdown file detected: test-doc.md
[DEBUG][2025-03-12T12:11:55.012Z] Markdown file detected: test-manual-run.md
[DEBUG][2025-03-12T12:11:55.016Z] Markdown file detected: test-restart-sync.md
[DEBUG][2025-03-12T12:11:55.018Z] Markdown file detected: test-sync.md
[DEBUG][2025-03-12T12:11:55.020Z] Markdown file detected: testing-and-verification.md
[DEBUG][2025-03-12T12:11:55.021Z] Markdown file detected: toolset.md
[DEBUG][2025-03-12T12:11:55.023Z] Markdown file detected: ty.md
[DEBUG][2025-03-12T12:11:55.024Z] Markdown file detected: wordpress-ai-guidelines.md
[DEBUG][2025-03-12T12:11:55.026Z] Markdown file detected: wordpress-com-testing.md
[DEBUG][2025-03-12T12:11:55.028Z] Markdown file detected: wordpress-studio-guide.md
[DEBUG][2025-03-12T12:11:55.030Z] JSON file detected: json\2way-sync-test.json
[DEBUG][2025-03-12T12:11:55.032Z] JSON file detected: json\agent-architecture.json
[DEBUG][2025-03-12T12:11:55.034Z] JSON file detected: json\backup-recovery-plan.json
[DEBUG][2025-03-12T12:11:55.036Z] JSON file detected: json\best-practices.json
[DEBUG][2025-03-12T12:11:55.037Z] JSON file detected: json\cfish-it.json
[DEBUG][2025-03-12T12:11:55.039Z] JSON file detected: json\cfish.json
[DEBUG][2025-03-12T12:11:55.041Z] JSON file detected: json\changelog.json
[DEBUG][2025-03-12T12:11:55.045Z] JSON file detected: json\deployment-tools.json
[DEBUG][2025-03-12T12:11:55.048Z] JSON file detected: json\glossary.json
[DEBUG][2025-03-12T12:11:55.050Z] JSON file detected: json\implementation-plan.json
[DEBUG][2025-03-12T12:11:55.052Z] JSON file detected: json\implementation-status.json
[DEBUG][2025-03-12T12:11:55.054Z] JSON file detected: json\json-sync-system.json
[DEBUG][2025-03-12T12:11:55.057Z] JSON file detected: json\maintenance-checklist.json
[DEBUG][2025-03-12T12:11:55.062Z] JSON file detected: json\md-json-sync-enhanced-README.json
[DEBUG][2025-03-12T12:11:55.071Z] JSON file detected: json\md-json-sync-implementation-verification.json
[DEBUG][2025-03-12T12:11:55.073Z] JSON file detected: json\md-json-sync-improvements.json
[DEBUG][2025-03-12T12:11:55.076Z] JSON file detected: json\md-json-sync-low-cpu-reference.json
[DEBUG][2025-03-12T12:11:55.079Z] JSON file detected: json\md-json-sync-next-steps.json
[DEBUG][2025-03-12T12:11:55.081Z] JSON file detected: json\md-json-sync-quick-reference.json
[DEBUG][2025-03-12T12:11:55.083Z] JSON file detected: json\md-json-sync-README.json
[DEBUG][2025-03-12T12:11:55.085Z] JSON file detected: json\md-json-sync-status-report.json
[DEBUG][2025-03-12T12:11:55.086Z] JSON file detected: json\md-json-sync-system-summary.json
[DEBUG][2025-03-12T12:11:55.088Z] JSON file detected: json\md-json-sync-testing-findings.json
[DEBUG][2025-03-12T12:11:55.090Z] JSON file detected: json\md-to-json-README.json
[DEBUG][2025-03-12T12:11:55.096Z] JSON file detected: json\memory-full.json
[DEBUG][2025-03-12T12:11:55.099Z] JSON file detected: json\memory-manual.json
[DEBUG][2025-03-12T12:11:55.104Z] JSON file detected: json\memory-md-data-loss-resolution.json
[DEBUG][2025-03-12T12:11:55.107Z] JSON file detected: json\memory-md-protection.json
[DEBUG][2025-03-12T12:11:55.112Z] JSON file detected: json\memory.json
[DEBUG][2025-03-12T12:11:55.114Z] JSON file detected: json\merge-test.json
[DEBUG][2025-03-12T12:11:55.116Z] JSON file detected: json\README-cursor-integration.json
[DEBUG][2025-03-12T12:11:55.121Z] JSON file detected: json\README-md-json-sync.json
[DEBUG][2025-03-12T12:11:55.124Z] JSON file detected: json\README.json
[DEBUG][2025-03-12T12:11:55.128Z] JSON file detected: json\recursive-directory-monitoring.json
[DEBUG][2025-03-12T12:11:55.131Z] JSON file detected: json\root-directory-monitoring-tasks.json
[DEBUG][2025-03-12T12:11:55.137Z] JSON file detected: json\root-directory-monitoring-workarounds.json
[DEBUG][2025-03-12T12:11:55.139Z] JSON file detected: json\root-monitor-test.json
[DEBUG][2025-03-12T12:11:55.141Z] JSON file detected: json\safe-sync-system.json
[DEBUG][2025-03-12T12:11:55.143Z] JSON file detected: json\sop.json
[DEBUG][2025-03-12T12:11:55.146Z] JSON file detected: json\spec.json
[DEBUG][2025-03-12T12:11:55.159Z] JSON file detected: json\steps.json
[DEBUG][2025-03-12T12:11:55.174Z] JSON file detected: json\sync-bidirectional-test.json
[DEBUG][2025-03-12T12:11:55.185Z] JSON file detected: json\sync-conflict-test.json
[DEBUG][2025-03-12T12:11:55.190Z] JSON file detected: json\sync-test.json
[DEBUG][2025-03-12T12:11:55.193Z] JSON file detected: json\terminal-troubleshooting.json
[DEBUG][2025-03-12T12:11:55.195Z] JSON file detected: json\test-doc.json
[DEBUG][2025-03-12T12:11:55.197Z] JSON file detected: json\test-json-to-md.json
[DEBUG][2025-03-12T12:11:55.199Z] JSON file detected: json\test-sync.json
[DEBUG][2025-03-12T12:11:55.202Z] JSON file detected: json\testing-and-verification.json
[DEBUG][2025-03-12T12:11:55.204Z] JSON file detected: json\toolset.json
[DEBUG][2025-03-12T12:11:55.206Z] JSON file detected: json\ty.json
[DEBUG][2025-03-12T12:11:55.209Z] JSON file detected: json\wordpress-ai-guidelines.json
[DEBUG][2025-03-12T12:11:55.211Z] JSON file detected: json\wordpress-com-testing.json
[DEBUG][2025-03-12T12:11:55.228Z] JSON file detected: json\wordpress-studio-guide.json
[DEBUG][2025-03-12T12:11:55.236Z] Error updating status file:
{
  "code": "ERR_INVALID_ARG_TYPE"
}
[DEBUG][2025-03-12T12:11:55.268Z] Error updating status file:
{
  "code": "ERR_INVALID_ARG_TYPE"
}
[DEBUG][2025-03-12T12:11:55.323Z] Error updating status file:
{
  "code": "ERR_INVALID_ARG_TYPE"
}
[DEBUG][2025-03-12T12:11:55.372Z] 📝 Detected change in Markdown file: md-json-sync-improvements.md
[DEBUG][2025-03-12T12:11:55.373Z] Queueing Markdown file for batch processing: md-json-sync-improvements.md
[DEBUG][2025-03-12T12:11:55.374Z] Markdown queue now contains 1 files
[DEBUG][2025-03-12T12:11:55.376Z] Scheduling batch processing in 2000ms
[DEBUG][2025-03-12T12:11:55.412Z] Error updating status file:
{
  "code": "ERR_INVALID_ARG_TYPE"
}
[DEBUG][2025-03-12T12:11:55.472Z] Error updating status file:
{
  "code": "ERR_INVALID_ARG_TYPE"
}
[DEBUG][2025-03-12T12:11:55.558Z] Error updating status file:
{
  "code": "ERR_INVALID_ARG_TYPE"
}
[DEBUG][2025-03-12T12:11:55.700Z] Error updating status file:
{
  "code": "ERR_INVALID_ARG_TYPE"
}
[DEBUG][2025-03-12T12:11:55.831Z] Error updating status file:
{
  "code": "ERR_INVALID_ARG_TYPE"
}
[DEBUG][2025-03-12T12:11:55.835Z] Markdown file detected: docs\implementation-plan.md
[DEBUG][2025-03-12T12:11:55.837Z] Markdown file detected: docs\implementation-status.md
[DEBUG][2025-03-12T12:11:55.839Z] Markdown file detected: docs\json-sync-system.md
[DEBUG][2025-03-12T12:11:55.840Z] Markdown file detected: docs\md-json-sync-implementation-verification.md
[DEBUG][2025-03-12T12:11:55.842Z] Markdown file detected: docs\md-json-sync-improvements.md
[DEBUG][2025-03-12T12:11:55.843Z] Markdown file detected: docs\md-json-sync-low-cpu-reference.md
[DEBUG][2025-03-12T12:11:55.845Z] Markdown file detected: docs\md-json-sync-next-steps.md
[DEBUG][2025-03-12T12:11:55.850Z] Markdown file detected: docs\md-json-sync-quick-reference.md
[DEBUG][2025-03-12T12:11:55.853Z] Markdown file detected: docs\md-json-sync-status-report.md
[DEBUG][2025-03-12T12:11:55.858Z] Markdown file detected: docs\md-json-sync-system-summary.md
[DEBUG][2025-03-12T12:11:55.861Z] Markdown file detected: docs\md-json-sync-testing-findings.md
[DEBUG][2025-03-12T12:11:55.864Z] Markdown file detected: docs\memory-md-data-loss-resolution.md
[DEBUG][2025-03-12T12:11:55.867Z] Markdown file detected: docs\memory-md-protection.md
[DEBUG][2025-03-12T12:11:55.870Z] Markdown file detected: docs\merge-test.md
[DEBUG][2025-03-12T12:11:55.873Z] Markdown file detected: docs\README.md
[DEBUG][2025-03-12T12:11:55.875Z] Markdown file detected: docs\recursive-directory-monitoring.md
[DEBUG][2025-03-12T12:11:55.878Z] Markdown file detected: docs\root-directory-monitoring-tasks.md
[DEBUG][2025-03-12T12:11:55.880Z] Markdown file detected: docs\root-directory-monitoring-workarounds.md
[DEBUG][2025-03-12T12:11:55.882Z] Markdown file detected: docs\safe-sync-system.md
[DEBUG][2025-03-12T12:11:55.884Z] Markdown file detected: docs\sync-bidirectional-test.md
[DEBUG][2025-03-12T12:11:55.886Z] Markdown file detected: docs\sync-test.md
[DEBUG][2025-03-12T12:11:55.888Z] Markdown file detected: docs\testing-and-verification.md
[DEBUG][2025-03-12T12:11:55.890Z] Markdown file detected: docs\wordpress-com-github-deployments.md
[DEBUG][2025-03-12T12:11:55.892Z] Markdown file detected: json\memory-manual.md
[DEBUG][2025-03-12T12:11:55.897Z] Markdown file detected: shortlinks\cfish.md
[DEBUG][2025-03-12T12:11:55.899Z] Markdown file detected: shortlinks\cfish-it.md
[DEBUG][2025-03-12T12:11:55.901Z] Markdown file detected: shortlinks\README.md
[DEBUG][2025-03-12T12:11:55.903Z] Markdown file detected: shortlinks\ty.md
[DEBUG][2025-03-12T12:11:55.936Z] Error updating status file:
{
  "code": "ERR_INVALID_ARG_TYPE"
}
[DEBUG][2025-03-12T12:11:55.942Z] JSON file detected: json\json\memory-manual.json
[DEBUG][2025-03-12T12:11:55.945Z] JSON watcher ready, watching paths:
{
  "C:\\Users\\Chris\\cFish.io": [
    "json"
  ],
  "C:\\Users\\Chris\\cFish.io\\json": [
    "2way-sync-test.json",
    "README-cursor-integration.json",
    "README-md-json-sync.json",
    "README.json",
    "agent-architecture.json",
    "backup-recovery-plan.json",
    "best-practices.json",
    "cfish-it.json",
    "cfish.json",
    "changelog.json",
    "deployment-tools.json",
    "glossary.json",
    "implementation-plan.json",
    "implementation-status.json",
    "json",
    "json-sync-system.json",
    "maintenance-checklist.json",
    "md-json-sync-README.json",
    "md-json-sync-enhanced-README.json",
    "md-json-sync-implementation-verification.json",
    "md-json-sync-improvements.json",
    "md-json-sync-low-cpu-reference.json",
    "md-json-sync-next-steps.json",
    "md-json-sync-quick-reference.json",
    "md-json-sync-status-report.json",
    "md-json-sync-system-summary.json",
    "md-json-sync-testing-findings.json",
    "md-to-json-README.json",
    "memory-full.json",
    "memory-manual.json",
    "memory-md-data-loss-resolution.json",
    "memory-md-protection.json",
    "memory.json",
    "merge-test.json",
    "recursive-directory-monitoring.json",
    "root-directory-monitoring-tasks.json",
    "root-directory-monitoring-workarounds.json",
    "root-monitor-test.json",
    "safe-sync-system.json",
    "sop.json",
    "spec.json",
    "steps.json",
    "sync-bidirectional-test.json",
    "sync-conflict-test.json",
    "sync-test.json",
    "terminal-troubleshooting.json",
    "test-doc.json",
    "test-json-to-md.json",
    "test-sync.json",
    "testing-and-verification.json",
    "toolset.json",
    "ty.json",
    "wordpress-ai-guidelines.json",
    "wordpress-com-testing.json",
    "wordpress-studio-guide.json"
  ],
  "C:\\Users\\Chris\\cFish.io\\json\\**\\*.json": [],
  "C:\\Users\\Chris\\cFish.io\\json\\json": [
    "memory-manual.json"
  ]
}
[DEBUG][2025-03-12T12:11:56.067Z] Error updating status file:
{
  "code": "ERR_INVALID_ARG_TYPE"
}
[DEBUG][2025-03-12T12:11:56.403Z] Error updating status file:
{
  "code": "ERR_INVALID_ARG_TYPE"
}
[DEBUG][2025-03-12T12:11:56.934Z] Error updating status file:
{
  "code": "ERR_INVALID_ARG_TYPE"
}
[DEBUG][2025-03-12T12:11:56.945Z] Initial startup sequence completed
[DEBUG][2025-03-12T12:11:56.948Z] 🛡️ Error recovery system enabled
[DEBUG][2025-03-12T12:11:56.950Z] Retry settings: max 3 retries with 1000ms initial delay
[DEBUG][2025-03-12T12:11:56.951Z] 🖥️ User interface system enabled
[DEBUG][2025-03-12T12:11:56.954Z] Status updates every undefinedms to undefined
[DEBUG][2025-03-12T12:11:56.956Z] Error updating status file:
{
  "code": "ERR_INVALID_ARG_TYPE"
}
[DEBUG][2025-03-12T12:11:57.205Z] Error updating status file:
{
  "code": "ERR_INVALID_ARG_TYPE"
}
[DEBUG][2025-03-12T12:11:57.526Z] Error updating status file:
{
  "code": "ERR_INVALID_ARG_TYPE"
}
[DEBUG][2025-03-12T12:11:57.528Z] Processing batch of 1 Markdown files
[DEBUG][2025-03-12T12:11:57.530Z] Processing change in Markdown file: md-json-sync-improvements.md
[DEBUG][2025-03-12T12:11:57.532Z] Creating backup for md-json-sync-improvements.md
[DEBUG][2025-03-12T12:11:57.536Z] 📦 Created backup: backups\md-json-sync-improvements.md.2025-03-12T12-11-57.533Z.backup
[DEBUG][2025-03-12T12:11:57.538Z] Could not find containing directory for md-json-sync-improvements.md, using default: .
[DEBUG][2025-03-12T12:11:57.539Z] Mapping MD to JSON: md-json-sync-improvements.md -> json\md-json-sync-improvements.json
[DEBUG][2025-03-12T12:11:57.540Z] Relative path: md-json-sync-improvements.md
[DEBUG][2025-03-12T12:11:57.541Z] Normalized path: md-json-sync-improvements.md
[DEBUG][2025-03-12T12:11:57.542Z] Reading markdown file: md-json-sync-improvements.md
[DEBUG][2025-03-12T12:11:57.543Z] Transforming markdown to JSON
[DEBUG][2025-03-12T12:11:57.545Z] Converting markdown to JSON
[DEBUG][2025-03-12T12:11:57.546Z] Conversion complete. Found 0 sections
[DEBUG][2025-03-12T12:11:57.547Z] Writing JSON file: json\md-json-sync-improvements.json
[DEBUG][2025-03-12T12:11:57.549Z] Performance: Transform md-json-sync-improvements.md to json\md-json-sync-improvements.json completed in 18.79ms
[DEBUG][2025-03-12T12:11:57.551Z] ✅ Successfully transformed md-json-sync-improvements.md to json\md-json-sync-improvements.json in 18.79ms
[DEBUG][2025-03-12T12:11:57.554Z] Error updating status file:
{
  "code": "ERR_INVALID_ARG_TYPE"
}
[DEBUG][2025-03-12T12:11:57.556Z] Performance: Batch of 1 Markdown files completed in 27.79ms
[DEBUG][2025-03-12T12:11:57.891Z] Error updating status file:
{
  "code": "ERR_INVALID_ARG_TYPE"
}
[DEBUG][2025-03-12T12:11:57.902Z] Error updating status file:
{
  "code": "ERR_INVALID_ARG_TYPE"
}
[DEBUG][2025-03-12T12:11:57.906Z] 🛑 Stopping file watch system
[DEBUG][2025-03-12T12:11:59.696Z] Markdown file detected: docs\json\json-sync-system.md
[DEBUG][2025-03-12T12:11:59.699Z] Markdown file detected: docs\json\README.md
[DEBUG][2025-03-12T12:11:59.701Z] Markdown file detected: node_modules\anymatch\README.md
[DEBUG][2025-03-12T12:11:59.703Z] Markdown file detected: node_modules\binary-extensions\readme.md
[DEBUG][2025-03-12T12:11:59.705Z] Markdown file detected: node_modules\chokidar\README.md
[DEBUG][2025-03-12T12:11:59.730Z] Markdown file detected: node_modules\braces\README.md
[DEBUG][2025-03-12T12:11:59.756Z] Markdown file detected: node_modules\crypto\README.md
[DEBUG][2025-03-12T12:11:59.758Z] Markdown file detected: node_modules\events\History.md
[DEBUG][2025-03-12T12:11:59.761Z] Markdown file detected: node_modules\events\Readme.md
[DEBUG][2025-03-12T12:11:59.763Z] Markdown file detected: node_modules\events\security.md
[DEBUG][2025-03-12T12:11:59.780Z] Markdown file detected: node_modules\fill-range\README.md
[DEBUG][2025-03-12T12:11:59.783Z] Markdown file detected: node_modules\fs\README.md
[DEBUG][2025-03-12T12:11:59.787Z] Markdown file detected: node_modules\fs-extra\README.md
[DEBUG][2025-03-12T12:11:59.789Z] Markdown file detected: node_modules\graceful-fs\README.md
[DEBUG][2025-03-12T12:11:59.791Z] Markdown file detected: node_modules\is-binary-path\readme.md
[DEBUG][2025-03-12T12:11:59.794Z] Markdown file detected: node_modules\is-extglob\README.md
[DEBUG][2025-03-12T12:11:59.796Z] Markdown file detected: node_modules\glob-parent\CHANGELOG.md
[DEBUG][2025-03-12T12:11:59.799Z] Markdown file detected: node_modules\glob-parent\README.md
[DEBUG][2025-03-12T12:11:59.801Z] Markdown file detected: node_modules\is-glob\README.md
[DEBUG][2025-03-12T12:11:59.803Z] Markdown file detected: node_modules\is-number\README.md
[DEBUG][2025-03-12T12:11:59.812Z] Markdown file detected: node_modules\moment\CHANGELOG.md
[DEBUG][2025-03-12T12:11:59.814Z] Markdown file detected: node_modules\moment\README.md
[DEBUG][2025-03-12T12:11:59.817Z] Markdown file detected: node_modules\jsonfile\CHANGELOG.md
[DEBUG][2025-03-12T12:11:59.819Z] Markdown file detected: node_modules\jsonfile\README.md
[DEBUG][2025-03-12T12:11:59.821Z] Markdown file detected: node_modules\os\README.md
[DEBUG][2025-03-12T12:11:59.823Z] Markdown file detected: node_modules\normalize-path\README.md
[DEBUG][2025-03-12T12:11:59.825Z] Markdown file detected: node_modules\path\README.md
[DEBUG][2025-03-12T12:11:59.827Z] Markdown file detected: node_modules\node-watch\README.md
[DEBUG][2025-03-12T12:11:59.829Z] Markdown file detected: node_modules\picomatch\CHANGELOG.md
[DEBUG][2025-03-12T12:11:59.831Z] Markdown file detected: node_modules\picomatch\README.md
[DEBUG][2025-03-12T12:11:59.833Z] Markdown file detected: node_modules\process\README.md
[DEBUG][2025-03-12T12:11:59.835Z] Markdown file detected: node_modules\readdirp\README.md
[DEBUG][2025-03-12T12:11:59.836Z] Markdown file detected: node_modules\to-regex-range\README.md
[DEBUG][2025-03-12T12:11:59.838Z] Markdown file detected: node_modules\universalify\README.md
[DEBUG][2025-03-12T12:11:59.840Z] Markdown file detected: node_modules\util\README.md
[DEBUG][2025-03-12T12:11:59.842Z] Markdown file detected: shortlinks\json\cfish-it.md
[DEBUG][2025-03-12T12:11:59.844Z] Markdown file detected: shortlinks\json\cfish.md
[DEBUG][2025-03-12T12:11:59.846Z] Markdown file detected: shortlinks\json\ty.md
[DEBUG][2025-03-12T12:11:59.848Z] Markdown file detected: test-critical\md\critical-test.md
[DEBUG][2025-03-12T12:11:59.850Z] Markdown file detected: test-critical\md\excluded.md
[DEBUG][2025-03-12T12:11:59.852Z] Markdown file detected: test-data\json\json-test.md
[DEBUG][2025-03-12T12:11:59.856Z] Markdown file detected: test-data\md\backup-test.md
[DEBUG][2025-03-12T12:11:59.858Z] Markdown file detected: test-data\md\complex-test.md
[DEBUG][2025-03-12T12:11:59.861Z] Markdown file detected: test-data\md\excluded-file.md
[DEBUG][2025-03-12T12:11:59.863Z] Markdown file detected: test-data\md\interaction-test.md
[DEBUG][2025-03-12T12:11:59.865Z] Markdown file detected: test-data\md\memory.md
[DEBUG][2025-03-12T12:11:59.867Z] Markdown file detected: test-data\md\modified-file.md
[DEBUG][2025-03-12T12:11:59.869Z] Markdown file detected: test-data\md\test-doc.md
[DEBUG][2025-03-12T12:11:59.871Z] Markdown file detected: test-data\md\quick-test.md
[DEBUG][2025-03-12T12:11:59.873Z] Markdown file detected: test-merge\md\memory.md
[DEBUG][2025-03-12T12:12:00.781Z] 📝 Detected change in JSON file: json\md-json-sync-improvements.json
[DEBUG][2025-03-12T12:12:00.785Z] Queueing JSON file for batch processing: json\md-json-sync-improvements.json
[DEBUG][2025-03-12T12:12:00.786Z] JSON queue now contains 1 files
[DEBUG][2025-03-12T12:12:00.786Z] Scheduling batch processing in 2000ms
[DEBUG][2025-03-12T12:12:03.118Z] Processing batch of 1 JSON files
[DEBUG][2025-03-12T12:12:03.119Z] Processing change in JSON file: json\md-json-sync-improvements.json
[DEBUG][2025-03-12T12:12:03.121Z] Creating backup for json\md-json-sync-improvements.json
[DEBUG][2025-03-12T12:12:03.123Z] 📦 Created backup: backups\md-json-sync-improvements.json.2025-03-12T12-12-03.122Z.backup
[DEBUG][2025-03-12T12:12:03.125Z] Mapping JSON to MD: json\md-json-sync-improvements.json -> md json sync improvements.md
[DEBUG][2025-03-12T12:12:03.126Z] Relative path: md-json-sync-improvements.json
[DEBUG][2025-03-12T12:12:03.127Z] Normalized path: md json sync improvements.json
[DEBUG][2025-03-12T12:12:03.128Z] Reading JSON file: json\md-json-sync-improvements.json
[DEBUG][2025-03-12T12:12:03.129Z] Parsing JSON
[DEBUG][2025-03-12T12:12:03.130Z] Transforming JSON to markdown
[DEBUG][2025-03-12T12:12:03.131Z] Converting JSON to markdown
[DEBUG][2025-03-12T12:12:03.132Z] Added YAML frontmatter with 2 properties
[DEBUG][2025-03-12T12:12:03.132Z] Processing 0 sections
[DEBUG][2025-03-12T12:12:03.133Z] Markdown conversion complete
[DEBUG][2025-03-12T12:12:03.134Z] Writing markdown file: md json sync improvements.md
[DEBUG][2025-03-12T12:12:03.135Z] Performance: Transform json\md-json-sync-improvements.json to md json sync improvements.md completed in 15.90ms
[DEBUG][2025-03-12T12:12:03.136Z] ✅ Successfully transformed json\md-json-sync-improvements.json to md json sync improvements.md in 15.90ms
[DEBUG][2025-03-12T12:12:03.138Z] Error updating status file:
{
  "code": "ERR_INVALID_ARG_TYPE"
}
[DEBUG][2025-03-12T12:12:03.140Z] Performance: Batch of 1 JSON files completed in 22.49ms
[DEBUG][2025-03-12T12:12:06.282Z] 📝 Detected change in Markdown file: md json sync improvements.md
[DEBUG][2025-03-12T12:12:06.284Z] Queueing Markdown file for batch processing: md json sync improvements.md
[DEBUG][2025-03-12T12:12:06.285Z] Markdown queue now contains 1 files
[DEBUG][2025-03-12T12:12:06.286Z] Scheduling batch processing in 2000ms
[DEBUG][2025-03-12T12:12:08.906Z] 📝 Detected change in JSON file: json\2way-sync-test.json
[DEBUG][2025-03-12T12:12:08.907Z] Processing change in JSON file: json\2way-sync-test.json
[DEBUG][2025-03-12T12:12:08.908Z] Mapping JSON to MD: json\2way-sync-test.json -> 2way sync test.md
[DEBUG][2025-03-12T12:12:08.909Z] Relative path: 2way-sync-test.json
[DEBUG][2025-03-12T12:12:08.910Z] Normalized path: 2way sync test.json
[DEBUG][2025-03-12T12:12:08.911Z] Reading JSON file: json\2way-sync-test.json
[DEBUG][2025-03-12T12:12:08.913Z] Parsing JSON
[DEBUG][2025-03-12T12:12:08.914Z] Transforming JSON to markdown
[DEBUG][2025-03-12T12:12:08.914Z] Converting JSON to markdown
[DEBUG][2025-03-12T12:12:08.915Z] Added YAML frontmatter with 4 properties
[DEBUG][2025-03-12T12:12:08.916Z] Added title: MD-JSON Sync System - Root Directory Test
[DEBUG][2025-03-12T12:12:08.918Z] Processing 6 sections
[DEBUG][2025-03-12T12:12:08.919Z] Processing section: Running the Tests
[DEBUG][2025-03-12T12:12:08.919Z] Processing 0 subsections for section Running the Tests
[DEBUG][2025-03-12T12:12:08.920Z] Processing section: Conclusion
[DEBUG][2025-03-12T12:12:08.921Z] Processing 0 subsections for section Conclusion
[DEBUG][2025-03-12T12:12:08.922Z] Processing section: Root Directory Test
[DEBUG][2025-03-12T12:12:08.922Z] Processing 0 subsections for section Root Directory Test
[DEBUG][2025-03-12T12:12:08.924Z] Processing section: Running the Tests
[DEBUG][2025-03-12T12:12:08.925Z] Processing 0 subsections for section Running the Tests
[DEBUG][2025-03-12T12:12:08.926Z] Processing section: Conclusion
[DEBUG][2025-03-12T12:12:08.927Z] Processing 0 subsections for section Conclusion
[DEBUG][2025-03-12T12:12:08.928Z] Processing section: Debug Test Results
[DEBUG][2025-03-12T12:12:08.929Z] Processing 0 subsections for section Debug Test Results
[DEBUG][2025-03-12T12:12:08.930Z] Markdown conversion complete
[DEBUG][2025-03-12T12:12:08.931Z] Writing markdown file: 2way sync test.md
[DEBUG][2025-03-12T12:12:08.932Z] ✅ Successfully transformed json\2way-sync-test.json to 2way sync test.md
[DEBUG][2025-03-12T12:12:10.692Z] Processing batch of 1 Markdown files
[DEBUG][2025-03-12T12:12:10.694Z] Processing change in Markdown file: md json sync improvements.md
[DEBUG][2025-03-12T12:12:10.695Z] Creating backup for md json sync improvements.md
[DEBUG][2025-03-12T12:12:10.697Z] 📦 Created backup: backups\md json sync improvements.md.2025-03-12T12-12-10.696Z.backup
[DEBUG][2025-03-12T12:12:10.699Z] Could not find containing directory for md json sync improvements.md, using default: .
[DEBUG][2025-03-12T12:12:10.701Z] Mapping MD to JSON: md json sync improvements.md -> json\md-json-sync-improvements.json
[DEBUG][2025-03-12T12:12:10.702Z] Relative path: md json sync improvements.md
[DEBUG][2025-03-12T12:12:10.703Z] Normalized path: md-json-sync-improvements.md
[DEBUG][2025-03-12T12:12:10.704Z] Reading markdown file: md json sync improvements.md
[DEBUG][2025-03-12T12:12:10.705Z] Transforming markdown to JSON
[DEBUG][2025-03-12T12:12:10.706Z] Converting markdown to JSON
[DEBUG][2025-03-12T12:12:10.707Z] Found YAML frontmatter
[DEBUG][2025-03-12T12:12:10.708Z] Added metadata: lastUpdated = 2025-03-12T12
[DEBUG][2025-03-12T12:12:10.709Z] Added metadata: version = 1.0
[DEBUG][2025-03-12T12:12:10.710Z] Conversion complete. Found 0 sections
[DEBUG][2025-03-12T12:12:10.710Z] Writing JSON file: json\md-json-sync-improvements.json
[DEBUG][2025-03-12T12:12:10.713Z] Performance: Transform md json sync improvements.md to json\md-json-sync-improvements.json completed in 18.87ms
[DEBUG][2025-03-12T12:12:10.714Z] ✅ Successfully transformed md json sync improvements.md to json\md-json-sync-improvements.json in 18.87ms
[DEBUG][2025-03-12T12:12:10.715Z] Error updating status file:
{
  "code": "ERR_INVALID_ARG_TYPE"
}
[DEBUG][2025-03-12T12:12:10.717Z] Performance: Batch of 1 Markdown files completed in 24.47ms
[DEBUG][2025-03-12T12:12:14.113Z] 📝 Detected change in Markdown file: md-json-sync-fixes.md
[DEBUG][2025-03-12T12:12:14.114Z] Queueing Markdown file for batch processing: md-json-sync-fixes.md
[DEBUG][2025-03-12T12:12:14.116Z] Markdown queue now contains 1 files
[DEBUG][2025-03-12T12:12:14.117Z] Scheduling batch processing in 2000ms
[DEBUG][2025-03-12T12:12:14.284Z] 📝 Detected change in Markdown file: 2way sync test.md
[DEBUG][2025-03-12T12:12:14.285Z] Queueing Markdown file for batch processing: 2way sync test.md
[DEBUG][2025-03-12T12:12:14.286Z] Markdown queue now contains 2 files
[DEBUG][2025-03-12T12:12:20.007Z] Processing batch of 2 Markdown files
[DEBUG][2025-03-12T12:12:20.052Z] Processing change in Markdown file: md-json-sync-fixes.md
[DEBUG][2025-03-12T12:12:20.053Z] Creating backup for md-json-sync-fixes.md
[DEBUG][2025-03-12T12:12:20.056Z] 📦 Created backup: backups\md-json-sync-fixes.md.2025-03-12T12-12-20.055Z.backup
[DEBUG][2025-03-12T12:12:20.061Z] Could not find containing directory for md-json-sync-fixes.md, using default: .
[DEBUG][2025-03-12T12:12:20.063Z] Mapping MD to JSON: md-json-sync-fixes.md -> json\md-json-sync-fixes.json
[DEBUG][2025-03-12T12:12:20.064Z] Relative path: md-json-sync-fixes.md
[DEBUG][2025-03-12T12:12:20.066Z] Normalized path: md-json-sync-fixes.md
[DEBUG][2025-03-12T12:12:20.067Z] Reading markdown file: md-json-sync-fixes.md
[DEBUG][2025-03-12T12:12:20.068Z] Transforming markdown to JSON
[DEBUG][2025-03-12T12:12:20.069Z] Converting markdown to JSON
[DEBUG][2025-03-12T12:12:20.070Z] Found title: MD-JSON Sync Cursor Integration Fixes
[DEBUG][2025-03-12T12:12:20.071Z] Found section: Version 1.1.7 - 2025-03-14
[DEBUG][2025-03-12T12:12:20.072Z] Found subsection: Added
[DEBUG][2025-03-12T12:12:20.075Z] Found subsection: Changed
[DEBUG][2025-03-12T12:12:20.076Z] Performance: Failed transform md-json-sync-fixes.md to json\md-json-sync-fixes.json completed in 24.26ms
[DEBUG][2025-03-12T12:12:20.078Z] ❌ Error transforming md-json-sync-fixes.md to json\md-json-sync-fixes.json:
{}
[DEBUG][2025-03-12T12:12:20.084Z] Adding md-json-sync-fixes.md -> json\md-json-sync-fixes.json to retry queue
[DEBUG][2025-03-12T12:12:20.086Z] Retry queue now contains 1 items
[DEBUG][2025-03-12T12:12:20.087Z] Error updating status file:
{
  "code": "ERR_INVALID_ARG_TYPE"
}
[DEBUG][2025-03-12T12:12:20.089Z] Processing change in Markdown file: 2way sync test.md
[DEBUG][2025-03-12T12:12:20.090Z] Creating backup for 2way sync test.md
[DEBUG][2025-03-12T12:12:20.094Z] 📦 Created backup: backups\2way sync test.md.2025-03-12T12-12-20.092Z.backup
[DEBUG][2025-03-12T12:12:20.096Z] Could not find containing directory for 2way sync test.md, using default: .
[DEBUG][2025-03-12T12:12:20.097Z] Mapping MD to JSON: 2way sync test.md -> json\2way-sync-test.json
[DEBUG][2025-03-12T12:12:20.098Z] Relative path: 2way sync test.md
[DEBUG][2025-03-12T12:12:20.099Z] Normalized path: 2way-sync-test.md
[DEBUG][2025-03-12T12:12:20.100Z] Reading markdown file: 2way sync test.md
[DEBUG][2025-03-12T12:12:20.101Z] Transforming markdown to JSON
[DEBUG][2025-03-12T12:12:20.102Z] Converting markdown to JSON
[DEBUG][2025-03-12T12:12:20.103Z] Found YAML frontmatter
[DEBUG][2025-03-12T12:12:20.104Z] Added metadata: lastUpdated = 2025-03-14T12
[DEBUG][2025-03-12T12:12:20.105Z] Added metadata: version = 1.0
[DEBUG][2025-03-12T12:12:20.106Z] Added metadata: title = 2way sync test is READY to test CHANGE
[DEBUG][2025-03-12T12:12:20.107Z] Added metadata: status = Synchronization Testing
[DEBUG][2025-03-12T12:12:20.109Z] Found title: MD-JSON Sync System - Root Directory Test
[DEBUG][2025-03-12T12:12:20.111Z] Found section: Running the Tests
[DEBUG][2025-03-12T12:12:20.112Z] Found section: Conclusion
[DEBUG][2025-03-12T12:12:20.113Z] Found section: Root Directory Test
[DEBUG][2025-03-12T12:12:20.114Z] Found section: Running the Tests
[DEBUG][2025-03-12T12:12:20.117Z] Found section: Conclusion
[DEBUG][2025-03-12T12:12:20.119Z] Found section: Debug Test Results
[DEBUG][2025-03-12T12:12:20.121Z] Conversion complete. Found 6 sections
[DEBUG][2025-03-12T12:12:20.122Z] Writing JSON file: json\2way-sync-test.json
[DEBUG][2025-03-12T12:12:20.126Z] Performance: Transform 2way sync test.md to json\2way-sync-test.json completed in 37.29ms
[DEBUG][2025-03-12T12:12:20.128Z] ✅ Successfully transformed 2way sync test.md to json\2way-sync-test.json in 37.29ms
[DEBUG][2025-03-12T12:12:20.130Z] Error updating status file:
{
  "code": "ERR_INVALID_ARG_TYPE"
}
[DEBUG][2025-03-12T12:12:20.132Z] Performance: Batch of 2 Markdown files completed in 125.77ms
[DEBUG][2025-03-12T12:12:23.872Z] Markdown file detected: docs\json\json\README.md
[DEBUG][2025-03-12T12:12:23.934Z] Markdown file detected: wp-content\mu-plugins\wpcomsh\CHANGELOG.md
[DEBUG][2025-03-12T12:12:23.938Z] Markdown file detected: wp-content\mu-plugins\wpcomsh\SECURITY.md
[DEBUG][2025-03-12T12:12:23.943Z] Markdown file detected: wp-content\plugins\cFish\README.md
[DEBUG][2025-03-12T12:12:23.946Z] Markdown file detected: wp-content\plugins\classic-editor\LICENSE.md
[DEBUG][2025-03-12T12:12:23.957Z] Markdown file detected: wp-content\plugins\gutenberg\README.md
[DEBUG][2025-03-12T12:12:23.963Z] Markdown file detected: wp-content\plugins\jetpack\CHANGELOG.md
[DEBUG][2025-03-12T12:12:23.965Z] Markdown file detected: wp-content\plugins\jetpack\SECURITY.md
[DEBUG][2025-03-12T12:12:23.973Z] Markdown file detected: wp-content\themes\bantry\theme-gen-readme.md
[DEBUG][2025-03-12T12:12:23.979Z] Markdown file detected: wp-content\themes\blockbase\README.md
[DEBUG][2025-03-12T12:12:23.985Z] Markdown file detected: wp-content\themes\seedlet\README.md
[DEBUG][2025-03-12T12:12:23.988Z] Markdown file detected: wp-content\themes\twentytwentytwo\CONTRIBUTORS.md
[DEBUG][2025-03-12T12:12:23.990Z] Markdown file detected: wp-content\themes\twentytwentytwo\README.md
[DEBUG][2025-03-12T12:12:28.121Z] 📝 Detected change in JSON file: json\md-json-sync-improvements.json
[DEBUG][2025-03-12T12:12:28.138Z] Queueing JSON file for batch processing: json\md-json-sync-improvements.json
[DEBUG][2025-03-12T12:12:28.146Z] JSON queue now contains 1 files
[DEBUG][2025-03-12T12:12:28.148Z] Scheduling batch processing in 2000ms
[DEBUG][2025-03-12T12:12:38.263Z] 📝 Detected change in Markdown file: md json sync improvements.md
[DEBUG][2025-03-12T12:12:38.271Z] Processing change in Markdown file: md json sync improvements.md
[DEBUG][2025-03-12T12:12:38.278Z] Could not find containing directory for md json sync improvements.md, using default: .
[DEBUG][2025-03-12T12:12:38.280Z] Mapping MD to JSON: md json sync improvements.md -> json\md-json-sync-improvements.json
[DEBUG][2025-03-12T12:12:38.281Z] Relative path: md json sync improvements.md
[DEBUG][2025-03-12T12:12:38.286Z] Normalized path: md-json-sync-improvements.md
[DEBUG][2025-03-12T12:12:38.293Z] Reading markdown file: md json sync improvements.md
[DEBUG][2025-03-12T12:12:38.297Z] Transforming markdown to JSON
[DEBUG][2025-03-12T12:12:38.299Z] Converting markdown to JSON
[DEBUG][2025-03-12T12:12:38.311Z] Found YAML frontmatter
[DEBUG][2025-03-12T12:12:38.320Z] Added metadata: lastUpdated = 2025-03-12T12
[DEBUG][2025-03-12T12:12:38.328Z] Added metadata: version = 1.0
[DEBUG][2025-03-12T12:12:38.345Z] Conversion complete. Found 0 sections
[DEBUG][2025-03-12T12:12:38.350Z] Writing JSON file: json\md-json-sync-improvements.json
[DEBUG][2025-03-12T12:12:38.362Z] ✅ Successfully transformed md json sync improvements.md to json\md-json-sync-improvements.json
[DEBUG][2025-03-12T12:12:38.839Z] 📝 Detected change in JSON file: json\md-json-sync-improvements.json
[DEBUG][2025-03-12T12:12:38.858Z] Processing change in JSON file: json\md-json-sync-improvements.json
[DEBUG][2025-03-12T12:12:38.859Z] Mapping JSON to MD: json\md-json-sync-improvements.json -> md json sync improvements.md
[DEBUG][2025-03-12T12:12:38.860Z] Relative path: md-json-sync-improvements.json
[DEBUG][2025-03-12T12:12:38.861Z] Normalized path: md json sync improvements.json
[DEBUG][2025-03-12T12:12:38.863Z] Reading JSON file: json\md-json-sync-improvements.json
[DEBUG][2025-03-12T12:12:38.864Z] Parsing JSON
[DEBUG][2025-03-12T12:12:38.865Z] Transforming JSON to markdown
[DEBUG][2025-03-12T12:12:38.866Z] Converting JSON to markdown
[DEBUG][2025-03-12T12:12:38.867Z] Added YAML frontmatter with 2 properties
[DEBUG][2025-03-12T12:12:38.868Z] Processing 0 sections
[DEBUG][2025-03-12T12:12:38.869Z] Markdown conversion complete
[DEBUG][2025-03-12T12:12:38.870Z] Writing markdown file: md json sync improvements.md
[DEBUG][2025-03-12T12:12:38.872Z] ✅ Successfully transformed json\md-json-sync-improvements.json to md json sync improvements.md
[DEBUG][2025-03-12T12:12:42.651Z] Processing batch of 1 JSON files
[DEBUG][2025-03-12T12:12:42.653Z] Processing change in JSON file: json\md-json-sync-improvements.json
[DEBUG][2025-03-12T12:12:42.654Z] Creating backup for json\md-json-sync-improvements.json
[DEBUG][2025-03-12T12:12:42.658Z] 📦 Created backup: backups\md-json-sync-improvements.json.2025-03-12T12-12-42.655Z.backup
[DEBUG][2025-03-12T12:12:42.660Z] Mapping JSON to MD: json\md-json-sync-improvements.json -> md json sync improvements.md
[DEBUG][2025-03-12T12:12:42.662Z] Relative path: md-json-sync-improvements.json
[DEBUG][2025-03-12T12:12:42.662Z] Normalized path: md json sync improvements.json
[DEBUG][2025-03-12T12:12:42.664Z] Reading JSON file: json\md-json-sync-improvements.json
[DEBUG][2025-03-12T12:12:42.665Z] Parsing JSON
[DEBUG][2025-03-12T12:12:42.666Z] Transforming JSON to markdown
[DEBUG][2025-03-12T12:12:42.666Z] Converting JSON to markdown
[DEBUG][2025-03-12T12:12:42.667Z] Added YAML frontmatter with 2 properties
[DEBUG][2025-03-12T12:12:42.668Z] Processing 0 sections
[DEBUG][2025-03-12T12:12:42.669Z] Markdown conversion complete
[DEBUG][2025-03-12T12:12:42.670Z] Writing markdown file: md json sync improvements.md
[DEBUG][2025-03-12T12:12:42.671Z] Performance: Transform json\md-json-sync-improvements.json to md json sync improvements.md completed in 18.77ms
[DEBUG][2025-03-12T12:12:42.673Z] ✅ Successfully transformed json\md-json-sync-improvements.json to md json sync improvements.md in 18.77ms
[DEBUG][2025-03-12T12:12:42.675Z] Error updating status file:
{
  "code": "ERR_INVALID_ARG_TYPE"
}
[DEBUG][2025-03-12T12:12:42.676Z] Performance: Batch of 1 JSON files completed in 25.13ms
[DEBUG][2025-03-12T12:13:28.898Z] 📝 Detected change in Markdown file: md json sync improvements.md
[DEBUG][2025-03-12T12:13:28.948Z] Queueing Markdown file for batch processing: md json sync improvements.md
[DEBUG][2025-03-12T12:13:28.981Z] Markdown queue now contains 1 files
[DEBUG][2025-03-12T12:13:29.055Z] Scheduling batch processing in 2000ms
[DEBUG][2025-03-12T12:13:33.380Z] Processing batch of 1 Markdown files
[DEBUG][2025-03-12T12:13:33.388Z] Processing change in Markdown file: md json sync improvements.md
[DEBUG][2025-03-12T12:13:33.441Z] Creating backup for md json sync improvements.md
[DEBUG][2025-03-12T12:13:33.461Z] 📦 Created backup: backups\md json sync improvements.md.2025-03-12T12-13-33.460Z.backup
[DEBUG][2025-03-12T12:13:33.463Z] Could not find containing directory for md json sync improvements.md, using default: .
[DEBUG][2025-03-12T12:13:33.465Z] Mapping MD to JSON: md json sync improvements.md -> json\md-json-sync-improvements.json
[DEBUG][2025-03-12T12:13:33.466Z] Relative path: md json sync improvements.md
[DEBUG][2025-03-12T12:13:33.467Z] Normalized path: md-json-sync-improvements.md
[DEBUG][2025-03-12T12:13:33.469Z] Reading markdown file: md json sync improvements.md
[DEBUG][2025-03-12T12:13:33.470Z] Transforming markdown to JSON
[DEBUG][2025-03-12T12:13:33.471Z] Converting markdown to JSON
[DEBUG][2025-03-12T12:13:33.472Z] Found YAML frontmatter
[DEBUG][2025-03-12T12:13:33.472Z] Added metadata: lastUpdated = 2025-03-12T12
[DEBUG][2025-03-12T12:13:33.473Z] Added metadata: version = 1.0
[DEBUG][2025-03-12T12:13:33.474Z] Conversion complete. Found 0 sections
[DEBUG][2025-03-12T12:13:33.475Z] Writing JSON file: json\md-json-sync-improvements.json
[DEBUG][2025-03-12T12:13:33.479Z] Performance: Transform md json sync improvements.md to json\md-json-sync-improvements.json completed in 90.96ms
[DEBUG][2025-03-12T12:13:33.480Z] ✅ Successfully transformed md json sync improvements.md to json\md-json-sync-improvements.json in 90.96ms
[DEBUG][2025-03-12T12:13:33.483Z] Error updating status file:
{
  "code": "ERR_INVALID_ARG_TYPE"
}
[DEBUG][2025-03-12T12:13:33.488Z] Performance: Batch of 1 Markdown files completed in 107.10ms
[DEBUG][2025-03-12T12:13:36.543Z] 📝 Detected change in JSON file: json\2way-sync-test.json
[DEBUG][2025-03-12T12:13:36.556Z] Queueing JSON file for batch processing: json\2way-sync-test.json
[DEBUG][2025-03-12T12:13:36.583Z] JSON queue now contains 1 files
[DEBUG][2025-03-12T12:13:36.607Z] Scheduling batch processing in 2000ms
[DEBUG][2025-03-12T12:13:55.435Z] 📝 Detected change in Markdown file: memory.md
[DEBUG][2025-03-12T12:13:55.438Z] Queueing Markdown file for batch processing: memory.md
[DEBUG][2025-03-12T12:13:55.448Z] Markdown queue now contains 1 files
[DEBUG][2025-03-12T12:14:03.533Z] 📝 Detected change in JSON file: json\md-json-sync-improvements.json
[DEBUG][2025-03-12T12:14:03.540Z] Queueing JSON file for batch processing: json\md-json-sync-improvements.json
[DEBUG][2025-03-12T12:14:03.545Z] JSON queue now contains 2 files
[DEBUG][2025-03-12T12:14:04.017Z] Processing batch of 1 Markdown files
[DEBUG][2025-03-12T12:14:04.028Z] Processing change in Markdown file: memory.md
[DEBUG][2025-03-12T12:14:04.036Z] Creating backup for memory.md
[DEBUG][2025-03-12T12:14:04.050Z] 📦 Created backup: backups\memory.md.2025-03-12T12-14-04.047Z.backup
[DEBUG][2025-03-12T12:14:04.052Z] Could not find containing directory for memory.md, using default: .
[DEBUG][2025-03-12T12:14:04.053Z] Mapping MD to JSON: memory.md -> json\memory.json
[DEBUG][2025-03-12T12:14:04.054Z] Relative path: memory.md
[DEBUG][2025-03-12T12:14:04.055Z] Normalized path: memory.md
[DEBUG][2025-03-12T12:14:04.057Z] Reading markdown file: memory.md
[DEBUG][2025-03-12T12:14:04.058Z] Transforming markdown to JSON
[DEBUG][2025-03-12T12:14:04.060Z] Converting markdown to JSON
[DEBUG][2025-03-12T12:14:04.067Z] Found YAML frontmatter
[DEBUG][2025-03-12T12:14:04.068Z] Added metadata: title = Test Memory Document
[DEBUG][2025-03-12T12:14:04.069Z] Found title: cFish.io WordPress Development Memory
[DEBUG][2025-03-12T12:14:04.070Z] Found section: Metadata
[DEBUG][2025-03-12T12:14:04.071Z] Found section: Historical Events
[DEBUG][2025-03-12T12:14:04.072Z] Found subsection: Initial Setup (2023-11-15)
[DEBUG][2025-03-12T12:14:04.073Z] Found subsection: Development Kickoff (2023-11-16)
[DEBUG][2025-03-12T12:14:04.075Z] Performance: Failed transform memory.md to json\memory.json completed in 46.94ms
[DEBUG][2025-03-12T12:14:04.076Z] ❌ Error transforming memory.md to json\memory.json:
{}
[DEBUG][2025-03-12T12:14:04.081Z] Adding memory.md -> json\memory.json to retry queue
[DEBUG][2025-03-12T12:14:04.082Z] Retry queue now contains 2 items
[DEBUG][2025-03-12T12:14:04.084Z] Error updating status file:
{
  "code": "ERR_INVALID_ARG_TYPE"
}
[DEBUG][2025-03-12T12:14:04.086Z] Performance: Batch of 1 Markdown files completed in 68.70ms
[DEBUG][2025-03-12T12:14:04.087Z] Processing batch of 2 JSON files
[DEBUG][2025-03-12T12:14:04.092Z] Processing change in JSON file: json\2way-sync-test.json
[DEBUG][2025-03-12T12:14:04.096Z] Creating backup for json\2way-sync-test.json
[DEBUG][2025-03-12T12:14:04.100Z] 📦 Created backup: backups\2way-sync-test.json.2025-03-12T12-14-04.098Z.backup
[DEBUG][2025-03-12T12:14:04.103Z] Mapping JSON to MD: json\2way-sync-test.json -> 2way sync test.md
[DEBUG][2025-03-12T12:14:04.104Z] Relative path: 2way-sync-test.json
[DEBUG][2025-03-12T12:14:04.105Z] Normalized path: 2way sync test.json
[DEBUG][2025-03-12T12:14:04.107Z] Reading JSON file: json\2way-sync-test.json
[DEBUG][2025-03-12T12:14:04.109Z] Parsing JSON
[DEBUG][2025-03-12T12:14:04.110Z] Transforming JSON to markdown
[DEBUG][2025-03-12T12:14:04.111Z] Converting JSON to markdown
[DEBUG][2025-03-12T12:14:04.112Z] Added YAML frontmatter with 4 properties
[DEBUG][2025-03-12T12:14:04.113Z] Added title: MD-JSON Sync System - Root Directory Test
[DEBUG][2025-03-12T12:14:04.114Z] Processing 6 sections
[DEBUG][2025-03-12T12:14:04.116Z] Processing section: Running the Tests
[DEBUG][2025-03-12T12:14:04.117Z] Processing 0 subsections for section Running the Tests
[DEBUG][2025-03-12T12:14:04.118Z] Processing section: Conclusion
[DEBUG][2025-03-12T12:14:04.119Z] Processing 0 subsections for section Conclusion
[DEBUG][2025-03-12T12:14:04.120Z] Processing section: Root Directory Test
[DEBUG][2025-03-12T12:14:04.121Z] Processing 0 subsections for section Root Directory Test
[DEBUG][2025-03-12T12:14:04.122Z] Processing section: Running the Tests
[DEBUG][2025-03-12T12:14:04.124Z] Processing 0 subsections for section Running the Tests
[DEBUG][2025-03-12T12:14:04.126Z] Processing section: Conclusion
[DEBUG][2025-03-12T12:14:04.126Z] Processing 0 subsections for section Conclusion
[DEBUG][2025-03-12T12:14:04.127Z] Processing section: Debug Test Results
[DEBUG][2025-03-12T12:14:04.128Z] Processing 0 subsections for section Debug Test Results
[DEBUG][2025-03-12T12:14:04.129Z] Markdown conversion complete
[DEBUG][2025-03-12T12:14:04.130Z] Writing markdown file: 2way sync test.md
[DEBUG][2025-03-12T12:14:04.132Z] Performance: Transform json\2way-sync-test.json to 2way sync test.md completed in 40.73ms
[DEBUG][2025-03-12T12:14:04.134Z] ✅ Successfully transformed json\2way-sync-test.json to 2way sync test.md in 40.73ms
[DEBUG][2025-03-12T12:14:04.136Z] Error updating status file:
{
  "code": "ERR_INVALID_ARG_TYPE"
}
[DEBUG][2025-03-12T12:14:04.138Z] Processing change in JSON file: json\md-json-sync-improvements.json
[DEBUG][2025-03-12T12:14:04.139Z] Creating backup for json\md-json-sync-improvements.json
[DEBUG][2025-03-12T12:14:04.142Z] 📦 Created backup: backups\md-json-sync-improvements.json.2025-03-12T12-14-04.141Z.backup
[DEBUG][2025-03-12T12:14:04.144Z] Mapping JSON to MD: json\md-json-sync-improvements.json -> md json sync improvements.md
[DEBUG][2025-03-12T12:14:04.145Z] Relative path: md-json-sync-improvements.json
[DEBUG][2025-03-12T12:14:04.146Z] Normalized path: md json sync improvements.json
[DEBUG][2025-03-12T12:14:04.148Z] Reading JSON file: json\md-json-sync-improvements.json
[DEBUG][2025-03-12T12:14:04.149Z] Parsing JSON
[DEBUG][2025-03-12T12:14:04.150Z] Transforming JSON to markdown
[DEBUG][2025-03-12T12:14:04.151Z] Converting JSON to markdown
[DEBUG][2025-03-12T12:14:04.153Z] Added YAML frontmatter with 2 properties
[DEBUG][2025-03-12T12:14:04.168Z] Processing 0 sections
[DEBUG][2025-03-12T12:14:04.185Z] Markdown conversion complete
[DEBUG][2025-03-12T12:14:04.186Z] Writing markdown file: md json sync improvements.md
[DEBUG][2025-03-12T12:14:04.188Z] Performance: Transform json\md-json-sync-improvements.json to md json sync improvements.md completed in 49.66ms
[DEBUG][2025-03-12T12:14:04.189Z] ✅ Successfully transformed json\md-json-sync-improvements.json to md json sync improvements.md in 49.66ms
[DEBUG][2025-03-12T12:14:04.193Z] Error updating status file:
{
  "code": "ERR_INVALID_ARG_TYPE"
}
[DEBUG][2025-03-12T12:14:04.195Z] Performance: Batch of 2 JSON files completed in 107.42ms
[DEBUG][2025-03-12T12:15:07.964Z] 📝 Detected change in JSON file: json\md-json-sync-improvements.json
[DEBUG][2025-03-12T12:15:08.024Z] Queueing JSON file for batch processing: json\md-json-sync-improvements.json
[DEBUG][2025-03-12T12:15:08.036Z] JSON queue now contains 1 files
[DEBUG][2025-03-12T12:15:08.043Z] Scheduling batch processing in 2000ms
[DEBUG][2025-03-12T12:15:26.530Z] 📝 Detected change in Markdown file: 2way sync test.md
[DEBUG][2025-03-12T12:15:26.546Z] Queueing Markdown file for batch processing: 2way sync test.md
[DEBUG][2025-03-12T12:15:26.557Z] Markdown queue now contains 1 files
[DEBUG][2025-03-12T12:15:26.578Z] 📝 Detected change in Markdown file: md json sync improvements.md
[DEBUG][2025-03-12T12:15:26.582Z] Queueing Markdown file for batch processing: md json sync improvements.md
[DEBUG][2025-03-12T12:15:26.583Z] Markdown queue now contains 2 files
[DEBUG][2025-03-12T12:15:26.584Z] 📝 Detected change in Markdown file: md-json-sync-improvements.md
[DEBUG][2025-03-12T12:15:26.596Z] Queueing Markdown file for batch processing: md-json-sync-improvements.md
[DEBUG][2025-03-12T12:15:26.598Z] Markdown queue now contains 3 files
[DEBUG][2025-03-12T12:15:31.501Z] Processing batch of 3 Markdown files
[DEBUG][2025-03-12T12:15:31.503Z] Processing change in Markdown file: 2way sync test.md
[DEBUG][2025-03-12T12:15:31.505Z] Creating backup for 2way sync test.md
[DEBUG][2025-03-12T12:15:31.510Z] 📦 Created backup: backups\2way sync test.md.2025-03-12T12-15-31.508Z.backup
[DEBUG][2025-03-12T12:15:31.512Z] Could not find containing directory for 2way sync test.md, using default: .
[DEBUG][2025-03-12T12:15:31.513Z] Mapping MD to JSON: 2way sync test.md -> json\2way-sync-test.json
[DEBUG][2025-03-12T12:15:31.514Z] Relative path: 2way sync test.md
[DEBUG][2025-03-12T12:15:31.518Z] Normalized path: 2way-sync-test.md
[DEBUG][2025-03-12T12:15:31.519Z] Reading markdown file: 2way sync test.md
[DEBUG][2025-03-12T12:15:31.532Z] Transforming markdown to JSON
[DEBUG][2025-03-12T12:15:31.537Z] Converting markdown to JSON
[DEBUG][2025-03-12T12:15:31.542Z] Found YAML frontmatter
[DEBUG][2025-03-12T12:15:31.545Z] Added metadata: lastUpdated = 2025-03-14T12
[DEBUG][2025-03-12T12:15:31.548Z] Added metadata: version = 1.0
[DEBUG][2025-03-12T12:15:31.549Z] Added metadata: title = 2way sync test is READY to test CHANGE
[DEBUG][2025-03-12T12:15:31.550Z] Added metadata: status = Synchronization Testing
[DEBUG][2025-03-12T12:15:31.551Z] Found title: MD-JSON Sync System - Root Directory Test
[DEBUG][2025-03-12T12:15:31.552Z] Found section: Running the Tests
[DEBUG][2025-03-12T12:15:31.554Z] Found section: Conclusion
[DEBUG][2025-03-12T12:15:31.555Z] Found section: Root Directory Test
[DEBUG][2025-03-12T12:15:31.556Z] Found section: Running the Tests
[DEBUG][2025-03-12T12:15:31.557Z] Found section: Conclusion
[DEBUG][2025-03-12T12:15:31.558Z] Found section: Debug Test Results
[DEBUG][2025-03-12T12:15:31.559Z] Conversion complete. Found 6 sections
[DEBUG][2025-03-12T12:15:31.560Z] Writing JSON file: json\2way-sync-test.json
[DEBUG][2025-03-12T12:15:31.563Z] Performance: Transform 2way sync test.md to json\2way-sync-test.json completed in 59.28ms
[DEBUG][2025-03-12T12:15:31.564Z] ✅ Successfully transformed 2way sync test.md to json\2way-sync-test.json in 59.28ms
[DEBUG][2025-03-12T12:15:31.566Z] Error updating status file:
{
  "code": "ERR_INVALID_ARG_TYPE"
}
[DEBUG][2025-03-12T12:15:31.568Z] Processing change in Markdown file: md json sync improvements.md
[DEBUG][2025-03-12T12:15:31.569Z] Creating backup for md json sync improvements.md
[DEBUG][2025-03-12T12:15:31.572Z] 📦 Created backup: backups\md json sync improvements.md.2025-03-12T12-15-31.570Z.backup
[DEBUG][2025-03-12T12:15:31.574Z] Could not find containing directory for md json sync improvements.md, using default: .
[DEBUG][2025-03-12T12:15:31.575Z] Mapping MD to JSON: md json sync improvements.md -> json\md-json-sync-improvements.json
[DEBUG][2025-03-12T12:15:31.576Z] Relative path: md json sync improvements.md
[DEBUG][2025-03-12T12:15:31.577Z] Normalized path: md-json-sync-improvements.md
[DEBUG][2025-03-12T12:15:31.579Z] Reading markdown file: md json sync improvements.md
[DEBUG][2025-03-12T12:15:31.580Z] Transforming markdown to JSON
[DEBUG][2025-03-12T12:15:31.581Z] Converting markdown to JSON
[DEBUG][2025-03-12T12:15:31.582Z] Found YAML frontmatter
[DEBUG][2025-03-12T12:15:31.583Z] Added metadata: lastUpdated = 2025-03-12T12
[DEBUG][2025-03-12T12:15:31.584Z] Added metadata: version = 1.0
[DEBUG][2025-03-12T12:15:31.585Z] Conversion complete. Found 0 sections
[DEBUG][2025-03-12T12:15:31.586Z] Writing JSON file: json\md-json-sync-improvements.json
[DEBUG][2025-03-12T12:15:31.588Z] Performance: Transform md json sync improvements.md to json\md-json-sync-improvements.json completed in 20.01ms
[DEBUG][2025-03-12T12:15:31.589Z] ✅ Successfully transformed md json sync improvements.md to json\md-json-sync-improvements.json in 20.01ms
[DEBUG][2025-03-12T12:15:31.591Z] Error updating status file:
{
  "code": "ERR_INVALID_ARG_TYPE"
}
[DEBUG][2025-03-12T12:15:31.593Z] Processing change in Markdown file: md-json-sync-improvements.md
[DEBUG][2025-03-12T12:15:31.595Z] Creating backup for md-json-sync-improvements.md
[DEBUG][2025-03-12T12:15:31.598Z] 📦 Created backup: backups\md-json-sync-improvements.md.2025-03-12T12-15-31.596Z.backup
[DEBUG][2025-03-12T12:15:31.600Z] Could not find containing directory for md-json-sync-improvements.md, using default: .
[DEBUG][2025-03-12T12:15:31.601Z] Mapping MD to JSON: md-json-sync-improvements.md -> json\md-json-sync-improvements.json
[DEBUG][2025-03-12T12:15:31.602Z] Relative path: md-json-sync-improvements.md
[DEBUG][2025-03-12T12:15:31.603Z] Normalized path: md-json-sync-improvements.md
[DEBUG][2025-03-12T12:15:31.604Z] Reading markdown file: md-json-sync-improvements.md
[DEBUG][2025-03-12T12:15:31.605Z] Transforming markdown to JSON
[DEBUG][2025-03-12T12:15:31.606Z] Converting markdown to JSON
[DEBUG][2025-03-12T12:15:31.607Z] Conversion complete. Found 0 sections
[DEBUG][2025-03-12T12:15:31.608Z] Writing JSON file: json\md-json-sync-improvements.json
[DEBUG][2025-03-12T12:15:31.610Z] Performance: Transform md-json-sync-improvements.md to json\md-json-sync-improvements.json completed in 16.33ms
[DEBUG][2025-03-12T12:15:31.611Z] ✅ Successfully transformed md-json-sync-improvements.md to json\md-json-sync-improvements.json in 16.33ms
[DEBUG][2025-03-12T12:15:31.613Z] Error updating status file:
{
  "code": "ERR_INVALID_ARG_TYPE"
}
[DEBUG][2025-03-12T12:15:31.615Z] Performance: Batch of 3 Markdown files completed in 113.43ms
[DEBUG][2025-03-12T12:15:31.616Z] Processing batch of 1 JSON files
[DEBUG][2025-03-12T12:15:31.617Z] Processing change in JSON file: json\md-json-sync-improvements.json
[DEBUG][2025-03-12T12:15:31.618Z] Creating backup for json\md-json-sync-improvements.json
[DEBUG][2025-03-12T12:15:31.621Z] 📦 Created backup: backups\md-json-sync-improvements.json.2025-03-12T12-15-31.619Z.backup
[DEBUG][2025-03-12T12:15:31.622Z] Mapping JSON to MD: json\md-json-sync-improvements.json -> md json sync improvements.md
[DEBUG][2025-03-12T12:15:31.623Z] Relative path: md-json-sync-improvements.json
[DEBUG][2025-03-12T12:15:31.624Z] Normalized path: md json sync improvements.json
[DEBUG][2025-03-12T12:15:31.625Z] Reading JSON file: json\md-json-sync-improvements.json
[DEBUG][2025-03-12T12:15:31.626Z] Parsing JSON
[DEBUG][2025-03-12T12:15:31.627Z] Transforming JSON to markdown
[DEBUG][2025-03-12T12:15:31.628Z] Converting JSON to markdown
[DEBUG][2025-03-12T12:15:31.629Z] Added YAML frontmatter with 2 properties
[DEBUG][2025-03-12T12:15:31.630Z] Processing 0 sections
[DEBUG][2025-03-12T12:15:31.631Z] Markdown conversion complete
[DEBUG][2025-03-12T12:15:31.632Z] Writing markdown file: md json sync improvements.md
[DEBUG][2025-03-12T12:15:31.634Z] Performance: Transform json\md-json-sync-improvements.json to md json sync improvements.md completed in 17.16ms
[DEBUG][2025-03-12T12:15:31.635Z] ✅ Successfully transformed json\md-json-sync-improvements.json to md json sync improvements.md in 17.16ms
[DEBUG][2025-03-12T12:15:31.637Z] Error updating status file:
{
  "code": "ERR_INVALID_ARG_TYPE"
}
[DEBUG][2025-03-12T12:15:31.638Z] Performance: Batch of 1 JSON files completed in 22.21ms
[DEBUG][2025-03-12T12:16:31.048Z] 📝 Detected change in Markdown file: md json sync improvements.md
[DEBUG][2025-03-12T12:16:31.050Z] Queueing Markdown file for batch processing: md json sync improvements.md
[DEBUG][2025-03-12T12:16:31.052Z] Markdown queue now contains 1 files
[DEBUG][2025-03-12T12:16:31.052Z] Scheduling batch processing in 2000ms
[DEBUG][2025-03-12T12:16:31.053Z] 📝 Detected change in Markdown file: md-json-sync-improvements.md
[DEBUG][2025-03-12T12:16:31.054Z] Queueing Markdown file for batch processing: md-json-sync-improvements.md
[DEBUG][2025-03-12T12:16:31.055Z] Markdown queue now contains 2 files
[DEBUG][2025-03-12T12:16:31.057Z] 📝 Detected change in Markdown file: memory.md
[DEBUG][2025-03-12T12:16:31.058Z] Queueing Markdown file for batch processing: memory.md
[DEBUG][2025-03-12T12:16:31.059Z] Markdown queue now contains 3 files
[DEBUG][2025-03-12T12:16:40.310Z] Processing batch of 3 Markdown files
[DEBUG][2025-03-12T12:16:40.311Z] Processing change in Markdown file: md json sync improvements.md
[DEBUG][2025-03-12T12:16:40.314Z] Creating backup for md json sync improvements.md
[DEBUG][2025-03-12T12:16:40.316Z] 📦 Created backup: backups\md json sync improvements.md.2025-03-12T12-16-40.315Z.backup
[DEBUG][2025-03-12T12:16:40.318Z] Could not find containing directory for md json sync improvements.md, using default: .
[DEBUG][2025-03-12T12:16:40.319Z] Mapping MD to JSON: md json sync improvements.md -> json\md-json-sync-improvements.json
[DEBUG][2025-03-12T12:16:40.320Z] Relative path: md json sync improvements.md
[DEBUG][2025-03-12T12:16:40.321Z] Normalized path: md-json-sync-improvements.md
[DEBUG][2025-03-12T12:16:40.322Z] Reading markdown file: md json sync improvements.md
[DEBUG][2025-03-12T12:16:40.324Z] Transforming markdown to JSON
[DEBUG][2025-03-12T12:16:40.325Z] Converting markdown to JSON
[DEBUG][2025-03-12T12:16:40.326Z] Found YAML frontmatter
[DEBUG][2025-03-12T12:16:40.327Z] Added metadata: lastUpdated = 2025-03-12T12
[DEBUG][2025-03-12T12:16:40.328Z] Added metadata: version = 1.0
[DEBUG][2025-03-12T12:16:40.329Z] Conversion complete. Found 0 sections
[DEBUG][2025-03-12T12:16:40.330Z] Writing JSON file: json\md-json-sync-improvements.json
[DEBUG][2025-03-12T12:16:40.336Z] Performance: Transform md json sync improvements.md to json\md-json-sync-improvements.json completed in 24.96ms
[DEBUG][2025-03-12T12:16:40.340Z] ✅ Successfully transformed md json sync improvements.md to json\md-json-sync-improvements.json in 24.96ms
[DEBUG][2025-03-12T12:16:40.346Z] Error updating status file:
{
  "code": "ERR_INVALID_ARG_TYPE"
}
[DEBUG][2025-03-12T12:16:40.350Z] Processing change in Markdown file: md-json-sync-improvements.md
[DEBUG][2025-03-12T12:16:40.353Z] Creating backup for md-json-sync-improvements.md
[DEBUG][2025-03-12T12:16:40.357Z] 📦 Created backup: backups\md-json-sync-improvements.md.2025-03-12T12-16-40.354Z.backup
[DEBUG][2025-03-12T12:16:40.361Z] Could not find containing directory for md-json-sync-improvements.md, using default: .
[DEBUG][2025-03-12T12:16:40.362Z] Mapping MD to JSON: md-json-sync-improvements.md -> json\md-json-sync-improvements.json
[DEBUG][2025-03-12T12:16:40.363Z] Relative path: md-json-sync-improvements.md
[DEBUG][2025-03-12T12:16:40.364Z] Normalized path: md-json-sync-improvements.md
[DEBUG][2025-03-12T12:16:40.366Z] Reading markdown file: md-json-sync-improvements.md
[DEBUG][2025-03-12T12:16:40.367Z] Transforming markdown to JSON
[DEBUG][2025-03-12T12:16:40.369Z] Converting markdown to JSON
[DEBUG][2025-03-12T12:16:40.371Z] Conversion complete. Found 0 sections
[DEBUG][2025-03-12T12:16:40.373Z] Writing JSON file: json\md-json-sync-improvements.json
[DEBUG][2025-03-12T12:16:40.375Z] Performance: Transform md-json-sync-improvements.md to json\md-json-sync-improvements.json completed in 24.52ms
[DEBUG][2025-03-12T12:16:40.376Z] ✅ Successfully transformed md-json-sync-improvements.md to json\md-json-sync-improvements.json in 24.52ms
[DEBUG][2025-03-12T12:16:40.378Z] Error updating status file:
{
  "code": "ERR_INVALID_ARG_TYPE"
}
[DEBUG][2025-03-12T12:16:40.379Z] Processing change in Markdown file: memory.md
[DEBUG][2025-03-12T12:16:40.381Z] Creating backup for memory.md
[DEBUG][2025-03-12T12:16:40.385Z] 📦 Created backup: backups\memory.md.2025-03-12T12-16-40.382Z.backup
[DEBUG][2025-03-12T12:16:40.389Z] Could not find containing directory for memory.md, using default: .
[DEBUG][2025-03-12T12:16:40.390Z] Mapping MD to JSON: memory.md -> json\memory.json
[DEBUG][2025-03-12T12:16:40.393Z] Relative path: memory.md
[DEBUG][2025-03-12T12:16:40.394Z] Normalized path: memory.md
[DEBUG][2025-03-12T12:16:40.395Z] Reading markdown file: memory.md
[DEBUG][2025-03-12T12:16:40.396Z] Transforming markdown to JSON
[DEBUG][2025-03-12T12:16:40.398Z] Converting markdown to JSON
[DEBUG][2025-03-12T12:16:40.400Z] Found YAML frontmatter
[DEBUG][2025-03-12T12:16:40.402Z] Added metadata: title = Test Memory Document
[DEBUG][2025-03-12T12:16:40.403Z] Found title: cFish.io WordPress Development Memory
[DEBUG][2025-03-12T12:16:40.405Z] Found section: Metadata
[DEBUG][2025-03-12T12:16:40.406Z] Found section: Historical Events
[DEBUG][2025-03-12T12:16:40.406Z] Found subsection: Initial Setup (2023-11-15)
[DEBUG][2025-03-12T12:16:40.407Z] Found subsection: Development Kickoff (2023-11-16)
[DEBUG][2025-03-12T12:16:40.409Z] Performance: Failed transform memory.md to json\memory.json completed in 29.12ms
[DEBUG][2025-03-12T12:16:40.410Z] ❌ Error transforming memory.md to json\memory.json:
{}
[DEBUG][2025-03-12T12:16:40.414Z] File memory.md is already in the retry queue
[DEBUG][2025-03-12T12:16:40.415Z] Error updating status file:
{
  "code": "ERR_INVALID_ARG_TYPE"
}
[DEBUG][2025-03-12T12:16:40.417Z] Performance: Batch of 3 Markdown files completed in 106.93ms
[DEBUG][2025-03-12T12:17:20.652Z] Markdown file detected: node_modules\util\node_modules\inherits\README.md
[DEBUG][2025-03-12T12:17:20.659Z] Markdown file detected: wp-content\plugins\easy-digital-downloads\languages\README.md
[DEBUG][2025-03-12T12:17:20.672Z] Markdown file detected: wp-content\plugins\gutenberg\lib\README.md
[DEBUG][2025-03-12T12:17:29.174Z] 📝 Detected change in JSON file: json\2way-sync-test.json
[DEBUG][2025-03-12T12:17:29.175Z] Queueing JSON file for batch processing: json\2way-sync-test.json
[DEBUG][2025-03-12T12:17:29.176Z] JSON queue now contains 1 files
[DEBUG][2025-03-12T12:17:29.177Z] Scheduling batch processing in 2000ms
[DEBUG][2025-03-12T12:17:54.950Z] Processing batch of 1 JSON files
[DEBUG][2025-03-12T12:17:54.951Z] Processing change in JSON file: json\2way-sync-test.json
[DEBUG][2025-03-12T12:17:54.953Z] Creating backup for json\2way-sync-test.json
[DEBUG][2025-03-12T12:17:54.958Z] 📦 Created backup: backups\2way-sync-test.json.2025-03-12T12-17-54.955Z.backup
[DEBUG][2025-03-12T12:17:54.959Z] Mapping JSON to MD: json\2way-sync-test.json -> 2way sync test.md
[DEBUG][2025-03-12T12:17:54.960Z] Relative path: 2way-sync-test.json
[DEBUG][2025-03-12T12:17:54.961Z] Normalized path: 2way sync test.json
[DEBUG][2025-03-12T12:17:54.962Z] Reading JSON file: json\2way-sync-test.json
[DEBUG][2025-03-12T12:17:54.963Z] Parsing JSON
[DEBUG][2025-03-12T12:17:54.964Z] Transforming JSON to markdown
[DEBUG][2025-03-12T12:17:54.965Z] Converting JSON to markdown
[DEBUG][2025-03-12T12:17:54.966Z] Added YAML frontmatter with 4 properties
[DEBUG][2025-03-12T12:17:54.967Z] Added title: MD-JSON Sync System - Root Directory Test
[DEBUG][2025-03-12T12:17:54.968Z] Processing 6 sections
[DEBUG][2025-03-12T12:17:54.970Z] Processing section: Running the Tests
[DEBUG][2025-03-12T12:17:54.971Z] Processing 0 subsections for section Running the Tests
[DEBUG][2025-03-12T12:17:54.972Z] Processing section: Conclusion
[DEBUG][2025-03-12T12:17:54.972Z] Processing 0 subsections for section Conclusion
[DEBUG][2025-03-12T12:17:54.973Z] Processing section: Root Directory Test
[DEBUG][2025-03-12T12:17:54.974Z] Processing 0 subsections for section Root Directory Test
[DEBUG][2025-03-12T12:17:54.975Z] Processing section: Running the Tests
[DEBUG][2025-03-12T12:17:54.976Z] Processing 0 subsections for section Running the Tests
[DEBUG][2025-03-12T12:17:54.977Z] Processing section: Conclusion
[DEBUG][2025-03-12T12:17:54.978Z] Processing 0 subsections for section Conclusion
[DEBUG][2025-03-12T12:17:54.979Z] Processing section: Debug Test Results
[DEBUG][2025-03-12T12:17:54.980Z] Processing 0 subsections for section Debug Test Results
[DEBUG][2025-03-12T12:17:54.980Z] Markdown conversion complete
[DEBUG][2025-03-12T12:17:54.981Z] Writing markdown file: 2way sync test.md
[DEBUG][2025-03-12T12:17:54.983Z] Performance: Transform json\2way-sync-test.json to 2way sync test.md completed in 31.65ms
[DEBUG][2025-03-12T12:17:54.984Z] ✅ Successfully transformed json\2way-sync-test.json to 2way sync test.md in 31.65ms
[DEBUG][2025-03-12T12:17:54.986Z] Error updating status file:
{
  "code": "ERR_INVALID_ARG_TYPE"
}
[DEBUG][2025-03-12T12:17:54.987Z] Performance: Batch of 1 JSON files completed in 37.84ms
[DEBUG][2025-03-12T12:18:03.273Z] 📝 Detected change in Markdown file: md-json-sync-fixes.md
[DEBUG][2025-03-12T12:18:03.275Z] Queueing Markdown file for batch processing: md-json-sync-fixes.md
[DEBUG][2025-03-12T12:18:03.275Z] Markdown queue now contains 1 files
[DEBUG][2025-03-12T12:18:03.276Z] Scheduling batch processing in 2000ms
[DEBUG][2025-03-12T12:18:03.277Z] 📝 Detected change in Markdown file: md-json-sync-improvements.md
[DEBUG][2025-03-12T12:18:03.278Z] Queueing Markdown file for batch processing: md-json-sync-improvements.md
[DEBUG][2025-03-12T12:18:03.279Z] Markdown queue now contains 2 files
[DEBUG][2025-03-12T12:18:03.280Z] 📝 Detected change in Markdown file: memory.md
[DEBUG][2025-03-12T12:18:03.281Z] Queueing Markdown file for batch processing: memory.md
[DEBUG][2025-03-12T12:18:03.282Z] Markdown queue now contains 3 files
[DEBUG][2025-03-12T12:18:10.426Z] Processing batch of 3 Markdown files
[DEBUG][2025-03-12T12:18:10.429Z] Processing change in Markdown file: md-json-sync-fixes.md
[DEBUG][2025-03-12T12:18:10.438Z] Creating backup for md-json-sync-fixes.md
[DEBUG][2025-03-12T12:18:10.448Z] 📦 Created backup: backups\md-json-sync-fixes.md.2025-03-12T12-18-10.443Z.backup
[DEBUG][2025-03-12T12:18:10.452Z] Could not find containing directory for md-json-sync-fixes.md, using default: .
[DEBUG][2025-03-12T12:18:10.456Z] Mapping MD to JSON: md-json-sync-fixes.md -> json\md-json-sync-fixes.json
[DEBUG][2025-03-12T12:18:10.458Z] Relative path: md-json-sync-fixes.md
[DEBUG][2025-03-12T12:18:10.460Z] Normalized path: md-json-sync-fixes.md
[DEBUG][2025-03-12T12:18:10.462Z] Reading markdown file: md-json-sync-fixes.md
[DEBUG][2025-03-12T12:18:10.464Z] Transforming markdown to JSON
[DEBUG][2025-03-12T12:18:10.466Z] Converting markdown to JSON
[DEBUG][2025-03-12T12:18:10.470Z] Found title: MD-JSON Sync Cursor Integration Fixes
[DEBUG][2025-03-12T12:18:10.475Z] Found section: Version 1.1.8 - 2025-03-14
[DEBUG][2025-03-12T12:18:10.479Z] Found subsection: Discovered Issues
[DEBUG][2025-03-12T12:18:10.483Z] Found subsection: Planned Fixes
[DEBUG][2025-03-12T12:18:10.490Z] Performance: Failed transform md-json-sync-fixes.md to json\md-json-sync-fixes.json completed in 61.30ms
[DEBUG][2025-03-12T12:18:10.493Z] ❌ Error transforming md-json-sync-fixes.md to json\md-json-sync-fixes.json:
{}
[DEBUG][2025-03-12T12:18:10.500Z] File md-json-sync-fixes.md is already in the retry queue
[DEBUG][2025-03-12T12:18:10.503Z] Error updating status file:
{
  "code": "ERR_INVALID_ARG_TYPE"
}
[DEBUG][2025-03-12T12:18:10.507Z] Processing change in Markdown file: md-json-sync-improvements.md
[DEBUG][2025-03-12T12:18:10.510Z] Creating backup for md-json-sync-improvements.md
[DEBUG][2025-03-12T12:18:10.515Z] 📦 Created backup: backups\md-json-sync-improvements.md.2025-03-12T12-18-10.512Z.backup
[DEBUG][2025-03-12T12:18:10.517Z] Could not find containing directory for md-json-sync-improvements.md, using default: .
[DEBUG][2025-03-12T12:18:10.518Z] Mapping MD to JSON: md-json-sync-improvements.md -> json\md-json-sync-improvements.json
[DEBUG][2025-03-12T12:18:10.519Z] Relative path: md-json-sync-improvements.md
[DEBUG][2025-03-12T12:18:10.520Z] Normalized path: md-json-sync-improvements.md
[DEBUG][2025-03-12T12:18:10.522Z] Reading markdown file: md-json-sync-improvements.md
[DEBUG][2025-03-12T12:18:10.523Z] Transforming markdown to JSON
[DEBUG][2025-03-12T12:18:10.524Z] Converting markdown to JSON
[DEBUG][2025-03-12T12:18:10.525Z] Conversion complete. Found 0 sections
[DEBUG][2025-03-12T12:18:10.526Z] Writing JSON file: json\md-json-sync-improvements.json
[DEBUG][2025-03-12T12:18:10.535Z] Performance: Transform md-json-sync-improvements.md to json\md-json-sync-improvements.json completed in 28.29ms
[DEBUG][2025-03-12T12:18:10.542Z] ✅ Successfully transformed md-json-sync-improvements.md to json\md-json-sync-improvements.json in 28.29ms
[DEBUG][2025-03-12T12:18:10.544Z] Error updating status file:
{
  "code": "ERR_INVALID_ARG_TYPE"
}
[DEBUG][2025-03-12T12:18:10.547Z] Processing change in Markdown file: memory.md
[DEBUG][2025-03-12T12:18:10.549Z] Creating backup for memory.md
[DEBUG][2025-03-12T12:18:10.555Z] 📦 Created backup: backups\memory.md.2025-03-12T12-18-10.551Z.backup
[DEBUG][2025-03-12T12:18:10.557Z] Could not find containing directory for memory.md, using default: .
[DEBUG][2025-03-12T12:18:10.559Z] Mapping MD to JSON: memory.md -> json\memory.json
[DEBUG][2025-03-12T12:18:10.561Z] Relative path: memory.md
[DEBUG][2025-03-12T12:18:10.563Z] Normalized path: memory.md
[DEBUG][2025-03-12T12:18:10.565Z] Reading markdown file: memory.md
[DEBUG][2025-03-12T12:18:10.568Z] Transforming markdown to JSON
[DEBUG][2025-03-12T12:18:10.569Z] Converting markdown to JSON
[DEBUG][2025-03-12T12:18:10.570Z] Found YAML frontmatter
[DEBUG][2025-03-12T12:18:10.572Z] Added metadata: title = Test Memory Document
[DEBUG][2025-03-12T12:18:10.573Z] Found title: cFish.io WordPress Development Memory
[DEBUG][2025-03-12T12:18:10.574Z] Found section: Metadata
[DEBUG][2025-03-12T12:18:10.576Z] Found section: Historical Events
[DEBUG][2025-03-12T12:18:10.577Z] Found subsection: Initial Setup (2023-11-15)
[DEBUG][2025-03-12T12:18:10.578Z] Found subsection: Development Kickoff (2023-11-16)
[DEBUG][2025-03-12T12:18:10.579Z] Performance: Failed transform memory.md to json\memory.json completed in 32.00ms
[DEBUG][2025-03-12T12:18:10.580Z] ❌ Error transforming memory.md to json\memory.json:
{}
[DEBUG][2025-03-12T12:18:10.584Z] File memory.md is already in the retry queue
[DEBUG][2025-03-12T12:18:10.585Z] Error updating status file:
{
  "code": "ERR_INVALID_ARG_TYPE"
}
[DEBUG][2025-03-12T12:18:10.587Z] Performance: Batch of 3 Markdown files completed in 160.49ms
[DEBUG][2025-03-12T12:19:14.132Z] 📝 Detected change in JSON file: json\md-json-sync-improvements.json
[DEBUG][2025-03-12T12:19:14.133Z] Queueing JSON file for batch processing: json\md-json-sync-improvements.json
[DEBUG][2025-03-12T12:19:14.134Z] JSON queue now contains 1 files
[DEBUG][2025-03-12T12:19:14.135Z] Scheduling batch processing in 2000ms
[DEBUG][2025-03-12T12:19:52.241Z] Processing batch of 1 JSON files
[DEBUG][2025-03-12T12:19:52.243Z] Processing change in JSON file: json\md-json-sync-improvements.json
[DEBUG][2025-03-12T12:19:52.245Z] Creating backup for json\md-json-sync-improvements.json
[DEBUG][2025-03-12T12:19:52.248Z] 📦 Created backup: backups\md-json-sync-improvements.json.2025-03-12T12-19-52.246Z.backup
[DEBUG][2025-03-12T12:19:52.250Z] Mapping JSON to MD: json\md-json-sync-improvements.json -> md json sync improvements.md
[DEBUG][2025-03-12T12:19:52.251Z] Relative path: md-json-sync-improvements.json
[DEBUG][2025-03-12T12:19:52.252Z] Normalized path: md json sync improvements.json
[DEBUG][2025-03-12T12:19:52.253Z] Reading JSON file: json\md-json-sync-improvements.json
[DEBUG][2025-03-12T12:19:52.254Z] Parsing JSON
[DEBUG][2025-03-12T12:19:52.255Z] Transforming JSON to markdown
[DEBUG][2025-03-12T12:19:52.256Z] Converting JSON to markdown
[DEBUG][2025-03-12T12:19:52.257Z] Added YAML frontmatter with 2 properties
[DEBUG][2025-03-12T12:19:52.258Z] Processing 0 sections
[DEBUG][2025-03-12T12:19:52.259Z] Markdown conversion complete
[DEBUG][2025-03-12T12:19:52.260Z] Writing markdown file: md json sync improvements.md
[DEBUG][2025-03-12T12:19:52.261Z] Performance: Transform json\md-json-sync-improvements.json to md json sync improvements.md completed in 18.14ms
[DEBUG][2025-03-12T12:19:52.262Z] ✅ Successfully transformed json\md-json-sync-improvements.json to md json sync improvements.md in 18.14ms
[DEBUG][2025-03-12T12:19:52.264Z] Error updating status file:
{
  "code": "ERR_INVALID_ARG_TYPE"
}
[DEBUG][2025-03-12T12:19:52.266Z] Performance: Batch of 1 JSON files completed in 24.30ms
[DEBUG][2025-03-12T12:19:54.493Z] 📝 Detected change in Markdown file: 2way sync test.md
[DEBUG][2025-03-12T12:19:54.495Z] Queueing Markdown file for batch processing: 2way sync test.md
[DEBUG][2025-03-12T12:19:54.496Z] Markdown queue now contains 1 files
[DEBUG][2025-03-12T12:19:54.497Z] Scheduling batch processing in 2000ms
[DEBUG][2025-03-12T12:20:31.946Z] Processing batch of 1 Markdown files
[DEBUG][2025-03-12T12:20:31.947Z] Processing change in Markdown file: 2way sync test.md
[DEBUG][2025-03-12T12:20:31.949Z] Creating backup for 2way sync test.md
[DEBUG][2025-03-12T12:20:31.959Z] 📦 Created backup: backups\2way sync test.md.2025-03-12T12-20-31.955Z.backup
[DEBUG][2025-03-12T12:20:31.961Z] Could not find containing directory for 2way sync test.md, using default: .
[DEBUG][2025-03-12T12:20:31.962Z] Mapping MD to JSON: 2way sync test.md -> json\2way-sync-test.json
[DEBUG][2025-03-12T12:20:31.977Z] Relative path: 2way sync test.md
[DEBUG][2025-03-12T12:20:31.982Z] Normalized path: 2way-sync-test.md
[DEBUG][2025-03-12T12:20:31.987Z] Reading markdown file: 2way sync test.md
[DEBUG][2025-03-12T12:20:31.988Z] Transforming markdown to JSON
[DEBUG][2025-03-12T12:20:31.989Z] Converting markdown to JSON
[DEBUG][2025-03-12T12:20:31.990Z] Found YAML frontmatter
[DEBUG][2025-03-12T12:20:31.991Z] Added metadata: lastUpdated = 2025-03-14T12
[DEBUG][2025-03-12T12:20:31.992Z] Added metadata: version = 1.0
[DEBUG][2025-03-12T12:20:31.993Z] Added metadata: title = 2way sync test is READY to test CHANGE
[DEBUG][2025-03-12T12:20:31.994Z] Added metadata: status = Synchronization Testing
[DEBUG][2025-03-12T12:20:31.996Z] Found title: MD-JSON Sync System - Root Directory Test
[DEBUG][2025-03-12T12:20:31.997Z] Found section: Running the Tests
[DEBUG][2025-03-12T12:20:31.998Z] Found section: Conclusion
[DEBUG][2025-03-12T12:20:31.999Z] Found section: Root Directory Test
[DEBUG][2025-03-12T12:20:32.000Z] Found section: Running the Tests
[DEBUG][2025-03-12T12:20:32.001Z] Found section: Conclusion
[DEBUG][2025-03-12T12:20:32.002Z] Found section: Debug Test Results
[DEBUG][2025-03-12T12:20:32.004Z] Conversion complete. Found 6 sections
[DEBUG][2025-03-12T12:20:32.005Z] Writing JSON file: json\2way-sync-test.json
[DEBUG][2025-03-12T12:20:32.007Z] Performance: Transform 2way sync test.md to json\2way-sync-test.json completed in 59.81ms
[DEBUG][2025-03-12T12:20:32.009Z] ✅ Successfully transformed 2way sync test.md to json\2way-sync-test.json in 59.81ms
[DEBUG][2025-03-12T12:20:32.011Z] Error updating status file:
{
  "code": "ERR_INVALID_ARG_TYPE"
}
[DEBUG][2025-03-12T12:20:32.014Z] Performance: Batch of 1 Markdown files completed in 68.19ms
